"ID","SYSTEM_ID","version","MODIFIED_USER_ID","MODIFIED_USER_NAME","MODIFIED_DATE_TIME","OPERATION_TYPE","EFFECTIVE_START_DATETIME","EFFECTIVE_END_DATETIME","ENTITY_STATUS","IsBaseEligible","BlendPrimaryCategoryId","BlendPrimaryCategorySystemId","IsThixotropic","IsAdditiveEligible","BagSize","AdditiveTypeId","AdditiveTypeSystemId","DESCRIPTION","Density","PRODUCTID","ProductSystemId","Yield","NAME","MixWater","AERCode","SpecificGravity","BlendRecipeId","BlendRecipeSystemId","BlendFluidTypeId","BlendFluidTypeSystemId"
1,"",1,0,,2018-09-28 18:10:42,1,2017-09-28 18:10:42,9999-12-31 23:59:59,0,1,1,1,0,0,,,,,1880,1,1,0.776,Class A,,"1",3.152,,,152,152
2,"",1,0,,2018-09-28 18:10:42,1,2017-09-28 18:10:42,9999-12-31 23:59:59,0,1,1,1,0,0,,,,,1780,2,2,0.88,Class C,,"3",3.192,,,153,153
3,"",1,0,,2018-09-28 18:10:42,1,2017-09-28 18:10:42,9999-12-31 23:59:59,0,1,1,1,0,0,,,,,1901,3,3,0.762,Class G,,"4",3.188,,,154,154
4,"",1,0,,2018-09-28 18:10:42,1,2017-09-28 18:10:42,9999-12-31 23:59:59,0,1,1,1,1,0,,,,,1750,4,4,0.876,Intercem,,"1",2.916,,,,
5,"",1,0,,2018-09-28 18:10:42,1,2017-09-28 18:10:42,9999-12-31 23:59:59,0,0,,,0,1,,225,225,,,6,6,,ASM-3,,,2.519,,,,
6,"",1,0,,2018-09-28 18:10:42,1,2017-09-28 18:10:42,9999-12-31 23:59:59,0,0,,,0,1,,168,168,,,7,7,,ASM-5,,,1.321,,,,
7,"",1,0,,2018-09-28 18:10:42,1,2017-09-28 18:10:42,9999-12-31 23:59:59,0,0,,,0,1,,27,27,,,8,8,,Barite,,,4.23,,,,
8,"",1,0,,2018-09-28 18:10:42,1,2017-09-28 18:10:42,9999-12-31 23:59:59,0,0,,,0,1,,32,32,,,9,9,,CaCl2,,,2.191,,,,
9,"",1,0,,2018-09-28 18:10:42,1,2017-09-28 18:10:42,9999-12-31 23:59:59,0,0,,,0,1,,,,,,10,10,,CDF-4P,,,1.612,,,,
10,"",1,0,,2018-09-28 18:10:42,1,2017-09-28 18:10:42,9999-12-31 23:59:59,0,0,,,0,1,,229,229,,,11,11,,CDF-6P,,,1.6951,,,,
12,"",1,0,,2018-09-28 18:10:42,1,2017-09-28 18:10:42,9999-12-31 23:59:59,0,0,,,0,1,,199,199,,,13,13,,CDM-2,,,0.32,,,,
13,"",1,0,,2018-09-28 18:10:42,1,2017-09-28 18:10:42,9999-12-31 23:59:59,0,0,,,0,1,,254,254,,,14,14,,CDM-4,,,0.2761,,,,
14,"",1,0,,2018-09-28 18:10:42,1,2017-09-28 18:10:42,9999-12-31 23:59:59,0,0,,,0,1,,200,200,,,15,15,,CDM-5,,,0.38,,,,
15,"",1,0,,2018-09-28 18:10:42,1,2017-09-28 18:10:42,9999-12-31 23:59:59,0,0,,,0,1,,201,201,,,16,16,,CDM-6,,,0.54,,,,
16,"",1,0,,2018-09-28 18:10:42,1,2017-09-28 18:10:42,9999-12-31 23:59:59,0,0,,,0,1,,,,,,17,17,,CDM-6B,,,0.54,,,,
18,"",1,0,,2018-09-28 18:10:42,1,2017-09-28 18:10:42,9999-12-31 23:59:59,0,0,,,0,1,,203,203,,,19,19,,CDM-C,,,1.2,,,,
19,"",1,0,,2018-09-28 18:10:42,1,2017-09-28 18:10:42,9999-12-31 23:59:59,0,0,,,0,1,,230,230,,,20,20,,CFL-10,,,1.504,,,,
20,"",1,0,,2018-09-28 18:10:42,1,2017-09-28 18:10:42,9999-12-31 23:59:59,0,0,,,0,1,,37,37,,,21,21,,CFL-3,,,1.287,,,,
21,"",1,0,,2018-09-28 18:10:42,1,2017-09-28 18:10:42,9999-12-31 23:59:59,0,0,,,0,1,,38,38,,,22,22,,CFL-3L,,,0.977,,,,
22,"",1,0,,2018-09-28 18:10:42,1,2017-09-28 18:10:42,9999-12-31 23:59:59,0,0,,,0,1,,39,39,,,23,23,,CFL-4,,,1.4,,,,
23,"",1,0,,2018-09-28 18:10:42,1,2017-09-28 18:10:42,9999-12-31 23:59:59,0,0,,,0,1,,140,140,,,24,24,,CFL-6,,,1.288,,,,
24,"",1,0,,2018-09-28 18:10:42,1,2017-09-28 18:10:42,9999-12-31 23:59:59,0,0,,,0,1,,142,142,,,25,25,,CFL-7,,,1.582,,,,
25,"",1,0,,2018-09-28 18:10:42,1,2017-09-28 18:10:42,9999-12-31 23:59:59,0,0,,,0,1,,231,231,,,26,26,,CFL-8,,,1.504,,,,
26,"",1,0,,2018-09-28 18:10:42,1,2017-09-28 18:10:42,9999-12-31 23:59:59,0,0,,,0,1,,40,40,,,27,27,,CFR,,,1.377,,,,
27,"",1,0,,2018-09-28 18:10:42,1,2017-09-28 18:10:42,9999-12-31 23:59:59,0,0,,,0,1,,41,41,,,28,28,,CFR-2,,,1.38,,,,
28,"",1,0,,2018-09-28 18:10:42,1,2017-09-28 18:10:42,9999-12-31 23:59:59,0,0,,,0,1,,143,143,,,29,29,,CFR-5,,,1.015,,,,
29,"",1,0,,2018-09-28 18:10:42,1,2017-09-28 18:10:42,9999-12-31 23:59:59,0,1,1,1,0,1,,,,,,30,30,,Ciment Fondue,,,3.22,,,150,150
30,"",1,0,,2018-09-28 18:10:43,1,2017-09-28 18:10:43,9999-12-31 23:59:59,0,0,,,0,1,,,,,,34,34,,Densified Fume,,,2.5,,,,
31,"",1,0,,2018-09-28 18:10:43,1,2017-09-28 18:10:43,9999-12-31 23:59:59,0,0,,,0,1,,251,251,,,35,35,,EA-1,,,3.75,,,,
32,"",1,0,,2018-09-28 18:10:43,1,2017-09-28 18:10:43,9999-12-31 23:59:59,0,0,,,0,1,,252,252,,,36,36,,EA-3,,,3.054,,,,
33,"",1,0,,2018-09-28 18:10:43,1,2017-09-28 18:10:43,9999-12-31 23:59:59,0,0,,,0,1,,47,47,,,37,37,,FA-1,,,1.06,,,,
34,"",1,0,,2018-09-28 18:10:43,1,2017-09-28 18:10:43,9999-12-31 23:59:59,0,0,,,0,1,,219,219,,,38,38,,FA-3,,,1.06,,,,
35,"",1,0,,2018-09-28 18:10:43,1,2017-09-28 18:10:43,9999-12-31 23:59:59,0,0,,,0,1,,,,,,39,39,,Flyash,,,2.1,,,,
36,"",1,0,,2018-09-28 18:10:43,1,2017-09-28 18:10:43,9999-12-31 23:59:59,0,0,,,0,1,,,,,,40,40,,Flyash (Sask),,,2.44,,,,
37,"",1,0,,2018-09-28 18:10:43,1,2017-09-28 18:10:43,9999-12-31 23:59:59,0,0,,,0,1,,232,232,,,41,41,,FS-1,,,1.073,,,,
38,"",1,0,,2018-09-28 18:10:43,1,2017-09-28 18:10:43,9999-12-31 23:59:59,0,0,,,0,1,,170,170,,,42,42,,FWC-2,,,2.353,,,,
39,"",1,0,,2018-09-28 18:10:43,1,2017-09-28 18:10:43,9999-12-31 23:59:59,0,0,,,0,1,,147,147,,,43,43,,GCA-1,,,2.151,,,,
40,"",1,0,,2018-09-28 18:10:43,1,2017-09-28 18:10:43,9999-12-31 23:59:59,0,0,,,0,1,,213,213,,,44,44,,Graphite,,,2.5271,,,,
41,"",1,0,,2018-09-28 18:10:43,1,2017-09-28 18:10:43,9999-12-31 23:59:59,0,0,,,0,1,,250,250,,,45,45,,GSS-1,,,2.542,,,,
42,"",1,0,,2018-09-28 18:10:43,1,2017-09-28 18:10:43,9999-12-31 23:59:59,0,0,,,0,1,,60,60,,,46,46,,Hematite,,,5.02,,,,
43,"",1,0,,2018-09-28 18:10:43,1,2017-09-28 18:10:43,9999-12-31 23:59:59,0,0,,,0,1,,62,62,,,47,47,,HTR,,,1.26,,,,
44,"",1,0,,2018-09-28 18:10:43,1,2017-09-28 18:10:43,9999-12-31 23:59:59,0,0,,,0,1,,196,196,,,48,48,,HTR-2,,,2.2968,,,,
45,"",1,0,,2018-09-28 18:10:43,1,2017-09-28 18:10:43,9999-12-31 23:59:59,0,0,,,0,1,,233,233,,,49,49,,HTR-3,,,1.42,,,,
46,"",1,0,,2018-09-28 18:10:43,1,2017-09-28 18:10:43,9999-12-31 23:59:59,0,0,,,0,1,,197,197,,,50,50,,HTR-3A,,,1.7673,,,,
47,"",1,0,,2018-09-28 18:10:43,1,2017-09-28 18:10:43,9999-12-31 23:59:59,0,0,,,0,1,,130,130,,,52,52,,KCl,,,2.77,,,,
48,"",1,0,,2018-09-28 18:10:43,1,2017-09-28 18:10:43,9999-12-31 23:59:59,0,0,,,0,1,,74,74,,,53,53,,LCC-1,,,1.9015,,,,
49,"",1,0,,2018-09-28 18:10:43,1,2017-09-28 18:10:43,9999-12-31 23:59:59,0,0,,,0,1,,204,204,,,54,54,,LCC-9,,,2.49,183,183,,
50,"",1,0,,2018-09-28 18:10:43,1,2017-09-28 18:10:43,9999-12-31 23:59:59,0,0,,,0,1,,236,236,,,55,55,,LCF-7,,,1.0673,,,,
51,"",1,0,,2018-09-28 18:10:43,1,2017-09-28 18:10:43,9999-12-31 23:59:59,0,0,,,0,1,,205,205,,,56,56,,LCG-1,,,2.7688,,,,
53,"",1,0,,2018-09-28 18:10:43,1,2017-09-28 18:10:43,9999-12-31 23:59:59,0,0,,,0,1,,206,206,,,58,58,,LCG-2,,,2.7644,,,,
54,"",1,0,,2018-09-28 18:10:43,1,2017-09-28 18:10:43,9999-12-31 23:59:59,0,0,,,0,1,,207,207,,,59,59,,LCG-4,,,2.7151,,,,
55,"",1,0,,2018-09-28 18:10:43,1,2017-09-28 18:10:43,9999-12-31 23:59:59,0,0,,,0,1,,208,208,,,60,60,,LCG-5,,,2.724,,,,
57,"",1,0,,2018-09-28 18:10:43,1,2017-09-28 18:10:43,9999-12-31 23:59:59,0,0,,,0,1,,75,75,,,62,62,,LTR,,,1.273,,,,
58,"",1,0,,2018-09-28 18:10:43,1,2017-09-28 18:10:43,9999-12-31 23:59:59,0,0,,,0,1,,249,249,,,63,63,,LTR-3,,,1.8301,,,,
59,"",1,0,,2018-09-28 18:10:43,1,2017-09-28 18:10:43,9999-12-31 23:59:59,0,0,,,0,1,,173,173,,,64,64,,MCR-5,,,2.088,,,,
60,"",1,0,,2018-09-28 18:10:43,1,2017-09-28 18:10:43,9999-12-31 23:59:59,0,0,,,0,1,,238,238,,,65,65,,MCR-7,,,1.9583,,,,
61,"",1,0,,2018-09-28 18:10:43,1,2017-09-28 18:10:43,9999-12-31 23:59:59,0,0,,,0,1,,,,,,66,66,,Micromix,,,3.03,,,,
62,"",1,0,,2018-09-28 18:10:43,1,2017-09-28 18:10:43,9999-12-31 23:59:59,0,0,,,0,1,,52,52,,,67,67,,NaCl,,,2.158,,,,
64,"",1,0,,2018-09-28 18:10:43,1,2017-09-28 18:10:43,9999-12-31 23:59:59,0,0,,,0,1,,94,94,,,69,69,,QSR-2,,,2.063,,,,
65,"",1,0,,2018-09-28 18:10:43,1,2017-09-28 18:10:43,9999-12-31 23:59:59,0,0,,,0,1,,240,240,,,70,70,,Sand,,,2.65,,,,
66,"",1,0,,2018-09-28 18:10:43,1,2017-09-28 18:10:43,9999-12-31 23:59:59,0,0,,,0,1,,,,,,71,71,,Sanlite,,,2.4048,,,,
67,"",1,0,,2018-09-28 18:10:43,1,2017-09-28 18:10:43,9999-12-31 23:59:59,0,0,,,0,1,,172,172,,,73,73,,SCA-1,,,2.785,,,,
68,"",1,0,,2018-09-28 18:10:43,1,2017-09-28 18:10:43,9999-12-31 23:59:59,0,0,,,0,1,,178,178,,,74,74,,SCA-5,,,2.4064,,,,
69,"",1,0,,2018-09-28 18:10:43,1,2017-09-28 18:10:43,9999-12-31 23:59:59,0,0,,,0,1,,185,185,,,75,75,,SCA-6,,,2.319,,,,
70,"",1,0,,2018-09-28 18:10:43,1,2017-09-28 18:10:43,9999-12-31 23:59:59,0,0,,,0,1,,175,175,,,76,76,,SCA-7,,,2.677,,,,
71,"",1,0,,2018-09-28 18:10:43,1,2017-09-28 18:10:43,9999-12-31 23:59:59,0,0,,,0,1,,,,,,77,77,,SG1500 AP1,,,1.978,,,,
72,"",1,0,,2018-09-28 18:10:43,1,2017-09-28 18:10:43,9999-12-31 23:59:59,0,0,,,0,1,,108,108,,,78,78,,Silica Flour - 200 Mesh,,,2.63,,,,
73,"",1,0,,2018-09-28 18:10:43,1,2017-09-28 18:10:43,9999-12-31 23:59:59,0,0,,,0,1,,,,,,79,79,,Silica Fume - Semi-Densified,,,2.5,,,,
74,"",1,0,,2018-09-28 18:10:43,1,2017-09-28 18:10:43,9999-12-31 23:59:59,0,0,,,0,1,,92,92,,,80,80,,SPC-II,,,2.476,,,,
75,"",1,0,,2018-09-28 18:10:43,1,2017-09-28 18:10:43,9999-12-31 23:59:59,0,0,,,0,1,,245,245,,,81,81,,WIE-1,,,1.17,,,,
76,"",1,0,,2018-09-28 18:10:42,1,2017-09-28 18:10:42,9999-12-31 23:59:59,0,1,1,1,1,0,,,,,1650,72,72,1.032,Sanseal,,"40",3.038,,,113,113
77,"",1,0,,2018-09-28 18:10:44,1,2017-09-28 18:10:44,9999-12-31 23:59:59,0,1,1,1,0,0,,,,,1780,83,83,0.880406144,"0:1:0 'C'",,"03",3.192,2,2,3,3
78,"",1,0,,2018-09-28 18:10:44,1,2017-09-28 18:10:44,9999-12-31 23:59:59,0,1,1,1,0,0,,,,,1901,84,84,0.761735532,"0:1:0 'G'",,"04",3.188,3,3,4,4
79,"",1,0,,2018-09-28 18:10:44,1,2017-09-28 18:10:44,9999-12-31 23:59:59,0,1,1,1,1,0,,,,,1525,85,85,1.445936743,"0:1:12 'G'",,"04",2.770979566,4,4,8,8
80,"",1,0,,2018-09-28 18:10:44,1,2017-09-28 18:10:44,9999-12-31 23:59:59,0,1,1,1,0,0,,,,,1796,86,86,0.877457152,"0:1:2 'G'",,"04",3.109993246,5,5,5,5
81,"",1,0,,2018-09-28 18:10:44,1,2017-09-28 18:10:44,9999-12-31 23:59:59,0,1,1,1,0,0,,,,,1718,87,87,0.989676981,"0:1:4 'G'",,"04",3.035712787,6,6,6,6
82,"",1,0,,2018-09-28 18:10:44,1,2017-09-28 18:10:44,9999-12-31 23:59:59,0,1,1,1,1,0,,,,,1666,88,88,1.085165544,"0:1:6 'G'",,"04",2.964897852,7,7,186,186
83,"",1,0,,2018-09-28 18:10:44,1,2017-09-28 18:10:44,9999-12-31 23:59:59,0,1,1,1,1,0,,,,,1603,89,89,1.218660749,"0:1:8 'G'",,"04",2.897311444,8,8,7,7
84,"",1,0,,2018-09-28 18:10:44,1,2017-09-28 18:10:44,9999-12-31 23:59:59,0,1,1,1,0,0,,,,,1720,90,90,0.867456002,"1:1:0 'G'",,"04",2.663600484,9,9,56,56
85,"",1,0,,2018-09-28 18:10:44,1,2017-09-28 18:10:44,9999-12-31 23:59:59,0,1,1,1,0,0,,,,,1720,91,91,0.895264402,"1:1:0 'G' (Sask)",,"04",2.813654765,10,10,187,187
86,"",1,0,,2018-09-28 18:10:44,1,2017-09-28 18:10:44,9999-12-31 23:59:59,0,1,1,1,1,0,,,,,1446,92,92,1.563590578,"1:1:12 'G'",,"04",2.366087705,11,11,12,12
87,"",1,0,,2018-09-28 18:10:44,1,2017-09-28 18:10:44,9999-12-31 23:59:59,0,1,1,1,1,0,,,,,1446,93,93,1.608483063,"1:1:12 'G' (Sask)",,"04",2.483752816,12,12,188,188
88,"",1,0,,2018-09-28 18:10:44,1,2017-09-28 18:10:44,9999-12-31 23:59:59,0,1,1,1,0,0,,,,,1646,94,94,0.985604491,"1:1:2 'G'",,"06",2.608925926,13,13,57,57
89,"",1,0,,2018-09-28 18:10:44,1,2017-09-28 18:10:44,9999-12-31 23:59:59,0,1,1,1,0,0,,,,,1646,95,95,1.016598373,"1:1:2 'G' (Sask)",,"06",2.752716959,14,14,189,189
90,"",1,0,,2018-09-28 18:10:44,1,2017-09-28 18:10:44,9999-12-31 23:59:59,0,1,1,1,0,0,,,,,1590,96,96,1.099716408,"1:1:4 'G'",,"07",2.556450782,15,15,9,9
91,"",1,0,,2018-09-28 18:10:44,1,2017-09-28 18:10:44,9999-12-31 23:59:59,0,1,1,1,0,0,,,,,1590,97,97,1.133652082,"1:1:4 'G' (Sask)",,"07",2.694362764,16,16,190,190
92,"",1,0,,2018-09-28 18:10:44,1,2017-09-28 18:10:44,9999-12-31 23:59:59,0,1,1,1,0,0,,,,,1552,98,98,1.197400108,"1:1:6 'G'",,"04",2.506044955,17,17,10,10
93,"",1,0,,2018-09-28 18:10:44,1,2017-09-28 18:10:44,9999-12-31 23:59:59,0,1,1,1,0,0,,,,,1552,99,99,1.233671934,"1:1:6 'G' (Sask)",,"04",2.638431285,18,18,191,191
94,"",1,0,,2018-09-28 18:10:44,1,2017-09-28 18:10:44,9999-12-31 23:59:59,0,1,1,1,1,0,,,,,1505,100,100,1.332865424,"1:1:8 'G'",,"04",2.457588409,19,19,11,11
95,"",1,0,,2018-09-28 18:10:44,1,2017-09-28 18:10:44,9999-12-31 23:59:59,0,1,1,1,1,0,,,,,1505,101,101,1.372513044,"1:1:8 'G' (Sask)",,"04",2.584774712,20,20,192,192
96,"",1,0,,2018-09-28 18:10:44,1,2017-09-28 18:10:44,9999-12-31 23:59:59,0,1,1,1,0,0,,,,,1649,102,102,0.916029579,"2:1:0 'G'",,"04",2.466110685,21,21,13,13
97,"",1,0,,2018-09-28 18:10:44,1,2017-09-28 18:10:44,9999-12-31 23:59:59,0,1,1,1,0,0,,,,,1649,103,103,0.967424604,"2:1:0 'G' (Sask)",,"04",2.687150406,22,22,193,193
98,"",1,0,,2018-09-28 18:10:44,1,2017-09-28 18:10:44,9999-12-31 23:59:59,0,1,1,1,1,0,,,,,1413,104,104,1.615729474,"2:1:12 'G'",,"04",2.208950225,23,23,14,14
99,"",1,0,,2018-09-28 18:10:44,1,2017-09-28 18:10:44,9999-12-31 23:59:59,0,1,1,1,1,0,,,,,1413,105,105,1.696493085,"2:1:12 'G' (Sask)",,"04",2.38465225,24,24,194,194
100,"",1,0,,2018-09-28 18:10:44,1,2017-09-28 18:10:44,9999-12-31 23:59:59,0,1,1,1,0,0,,,,,1586,106,106,1.035213952,"2:1:2 'G'",,"04",2.419171699,25,25,195,195
101,"",1,0,,2018-09-28 18:10:44,1,2017-09-28 18:10:44,9999-12-31 23:59:59,0,1,1,1,0,0,,,,,1586,107,107,1.092134381,"2:1:2 'G' (Sask)",,"04",2.631514873,26,26,196,196
102,"",1,0,,2018-09-28 18:10:44,1,2017-09-28 18:10:44,9999-12-31 23:59:59,0,1,1,1,1,0,,,,,1538,108,108,1.150125567,"2:1:4 'G'",,"04",2.373986174,27,27,197,197
103,"",1,0,,2018-09-28 18:10:44,1,2017-09-28 18:10:44,9999-12-31 23:59:59,0,1,1,1,1,0,,,,,1538,109,109,1.212124399,"2:1:4 'G' (Sask)",,"04",2.578136397,28,28,198,198
104,"",1,0,,2018-09-28 18:10:44,1,2017-09-28 18:10:44,9999-12-31 23:59:59,0,1,1,1,1,0,,,,,1494,110,110,1.277124969,"2:1:6 'G'",,"04",2.330457659,29,29,199,199
105,"",1,0,,2018-09-28 18:10:44,1,2017-09-28 18:10:44,9999-12-31 23:59:59,0,1,1,1,1,0,,,,,1494,111,111,1.344645964,"2:1:6 'G' (Sask)",,"04",2.52688036,30,30,200,200
106,"",1,0,,2018-09-28 18:10:44,1,2017-09-28 18:10:44,9999-12-31 23:59:59,0,1,1,1,1,0,,,,,1464,112,112,1.385844642,"2:1:8 'G'",,"04",2.288496648,31,31,201,201
107,"",1,0,,2018-09-28 18:10:44,1,2017-09-28 18:10:44,9999-12-31 23:59:59,0,1,1,1,1,0,,,,,1464,113,113,1.457731219,"2:1:8 'G' (Sask)",,"04",2.477622642,32,32,202,202
108,"",1,0,,2018-09-28 18:10:44,1,2017-09-28 18:10:44,9999-12-31 23:59:59,0,1,1,1,0,0,,,,,1750,114,114,0.883341805,ASC IV,,"04",2.963018742,33,33,115,115
109,"",1,0,,2018-09-28 18:10:44,1,2017-09-28 18:10:44,9999-12-31 23:59:59,0,1,1,1,0,0,,,,,1770,115,115,0.886063016,Expandomix,,"30",3.147311711,34,34,16,16
110,"",1,0,,2018-09-28 18:10:44,1,2017-09-28 18:10:44,9999-12-31 23:59:59,0,1,1,1,0,0,,,,,1600,116,116,1.042666983,EXPANDOmix PRO HT,,"4",2.670941524,35,35,254,254
111,"",1,0,,2018-09-28 18:10:44,1,2017-09-28 18:10:44,9999-12-31 23:59:59,0,1,1,1,0,0,,,,,1600,117,117,1.077503048,EXPANDOmix PRO HT (Sask),,"4",2.82886895,36,36,259,259
112,"",1,0,,2018-09-28 18:10:44,1,2017-09-28 18:10:44,9999-12-31 23:59:59,0,1,1,1,0,0,,,,,1600,118,118,1.037378546,EXPANDOmix PRO LT,,"4",2.648495359,37,37,253,253
113,"",1,0,,2018-09-28 18:10:44,1,2017-09-28 18:10:44,9999-12-31 23:59:59,0,1,1,1,0,0,,,,,1600,119,119,1.073320519,EXPANDOmix PRO LT (Sask),,"4",2.808928098,38,38,260,260
114,"",1,0,,2018-09-28 18:10:44,1,2017-09-28 18:10:44,9999-12-31 23:59:59,0,1,1,1,0,0,,,,,1780,120,120,0.805257459,Expandomix HT,,"30",2.688900776,39,39,17,17
115,"",1,0,,2018-09-28 18:10:44,1,2017-09-28 18:10:44,9999-12-31 23:59:59,0,1,1,1,1,0,,,,,1780,121,121,0.833075269,Expandomix HT (SK),,"31",2.855500618,40,40,205,205
116,"",1,0,,2018-09-28 18:10:44,1,2017-09-28 18:10:44,9999-12-31 23:59:59,0,1,1,1,0,0,,,,,1770,122,122,0.884558716,Expandomix LWL,,"04",3.135879653,41,41,60,60
117,"",1,0,,2018-09-28 18:10:44,1,2017-09-28 18:10:44,9999-12-31 23:59:59,0,1,1,1,0,0,,,,,1850,123,123,0.766086391,Glacial Mix,,"04",2.866754119,42,42,19,19
118,"",1,0,,2018-09-28 18:10:44,1,2017-09-28 18:10:44,9999-12-31 23:59:59,0,1,1,1,1,0,,,,,1780,124,124,0.839829684,iBond,,"31",2.899115033,43,43,93,93
119,"",1,0,,2018-09-28 18:10:44,1,2017-09-28 18:10:44,9999-12-31 23:59:59,0,1,1,1,0,0,,,,,1500,125,125,1.278920177,iGain (SK),,"01",2.773618031,44,44,206,206
120,"",1,0,,2018-09-28 18:10:44,1,2017-09-28 18:10:44,9999-12-31 23:59:59,0,1,1,1,0,0,,,,,1500,126,126,1.245845714,iGain (AB),,"04",2.651977237,45,45,91,91
121,"",1,0,,2018-09-28 18:10:44,1,2017-09-28 18:10:44,9999-12-31 23:59:59,0,1,1,1,1,0,,,,,1500,127,127,1.249084505,iPrime (AB),,"42",2.663415541,46,46,95,95
122,"",1,0,,2018-09-28 18:10:44,1,2017-09-28 18:10:44,9999-12-31 23:59:59,0,1,1,1,1,0,,,,,1500,128,128,1.27894399,iPrime (SK),,"42",2.77370963,47,47,207,207
123,"",1,0,,2018-09-28 18:10:44,1,2017-09-28 18:10:44,9999-12-31 23:59:59,0,1,1,1,1,0,,,,,1600,129,129,0.999504788,LCS 1600,,"31",2.498144335,48,48,123,123
124,"",1,0,,2018-09-28 18:10:44,1,2017-09-28 18:10:44,9999-12-31 23:59:59,0,1,1,1,1,0,,,,,1820,130,130,0.825700159,LCS 1820,,"31",3.096685943,49,49,108,108
125,"",1,0,,2018-09-28 18:10:44,1,2017-09-28 18:10:44,9999-12-31 23:59:59,0,1,1,1,0,0,,,,,1325,131,131,1.882868969,LITEmix 1325 (AB),,"42",2.576870726,50,50,209,209
126,"",1,0,,2018-09-28 18:10:44,1,2017-09-28 18:10:44,9999-12-31 23:59:59,0,1,1,1,0,0,,,,,1325,132,132,1.939219176,LITEmix 1325 (SK),,"42",2.704502529,51,51,210,210
127,"",1,0,,2018-09-28 18:10:44,1,2017-09-28 18:10:44,9999-12-31 23:59:59,0,1,1,1,0,0,,,,,1400,133,133,1.53100444,LITEmix 1400 (AB),,"42",2.579991181,52,52,211,211
128,"",1,0,,2018-09-28 18:10:44,1,2017-09-28 18:10:44,9999-12-31 23:59:59,0,1,1,1,0,0,,,,,1400,134,134,1.580438476,LITEmix 1400 (SK),,"42",2.718687042,53,53,212,212
129,"",1,0,,2018-09-28 18:10:44,1,2017-09-28 18:10:44,9999-12-31 23:59:59,0,1,1,1,0,0,,,,,1500,135,135,1.372647428,LITEmix EC,,"42",3.188,54,54,261,261
130,"",1,0,,2018-09-28 18:10:44,1,2017-09-28 18:10:44,9999-12-31 23:59:59,0,1,1,1,0,0,,,,,1500,136,136,1.258294273,PRODUCTIONmix 1500 PRO ,,"42",2.696487203,55,55,213,213
131,"",1,0,,2018-09-28 18:10:44,1,2017-09-28 18:10:44,9999-12-31 23:59:59,0,1,1,1,0,0,,,,,1600,137,137,1.038456109,PRODUCTIONmix 1600,,"42",2.653038295,56,56,214,214
132,"",1,0,,2018-09-28 18:10:44,1,2017-09-28 18:10:44,9999-12-31 23:59:59,0,1,1,1,0,0,,,,,1600,138,138,1.062011925,PRODUCTIONmix 1600 (SK),,"42",2.75639394,57,57,215,215
133,"",1,0,,2018-09-28 18:10:44,1,2017-09-28 18:10:44,9999-12-31 23:59:59,0,1,1,1,0,0,,,,,1725,139,139,0.940285432,PRODUCTIONmix 1725,,"31",3.14175871,58,58,216,216
134,"",1,0,,2018-09-28 18:10:44,1,2017-09-28 18:10:44,9999-12-31 23:59:59,0,1,1,1,0,0,,,,,1640,140,140,0.965578008,PRODUCTIONmix EC,,"3",2.617594962,59,59,256,256
135,"",1,0,,2018-09-28 18:10:44,1,2017-09-28 18:10:44,9999-12-31 23:59:59,0,1,1,1,0,0,,,,,1640,141,141,1.009330447,PRODUCTIONmix EC (Sask),,"3",2.824631239,60,60,262,262
136,"",1,0,,2018-09-28 18:10:44,1,2017-09-28 18:10:44,9999-12-31 23:59:59,0,1,1,1,1,0,,,,,1500,142,142,1.260756927,PRODUCTIONmix LW,,"31",2.705470059,61,61,255,255
137,"",1,0,,2018-09-28 18:10:44,1,2017-09-28 18:10:44,9999-12-31 23:59:59,0,1,1,1,1,0,,,,,1500,143,143,1.30322375,PRODUCTIONmix LW (Sask),,"31",2.870361898,62,62,263,263
138,"",1,0,,2018-09-28 18:10:44,1,2017-09-28 18:10:44,9999-12-31 23:59:59,0,1,1,1,1,0,,,,,1550,144,144,1.138493501,PRODUCTIONmix THX ,,"4",2.675022907,63,63,218,218
139,"",1,0,,2018-09-28 18:10:44,1,2017-09-28 18:10:44,9999-12-31 23:59:59,0,1,1,1,1,0,,,,,1700,145,145,0.92635697,Proteus Core,,"31",2.844544607,64,64,111,111
140,"",1,0,,2018-09-28 18:10:45,1,2017-09-28 18:10:45,9999-12-31 23:59:59,0,1,1,1,0,0,,,,,1750,146,146,0.864394805,Proteus LCS,,"30",2.843300886,65,65,141,141
141,"",1,0,,2018-09-28 18:10:45,1,2017-09-28 18:10:45,9999-12-31 23:59:59,0,1,1,1,0,0,,,,,1725,147,147,0.894433821,Proteus Pro,,"30",2.84466308,66,66,110,110
142,"",1,0,,2018-09-28 18:10:45,1,2017-09-28 18:10:45,9999-12-31 23:59:59,0,1,1,1,0,0,,,,,1740,148,148,0.878394055,RAS II,,"30",2.857237562,67,67,48,48
143,"",1,0,,2018-09-28 18:10:45,1,2017-09-28 18:10:45,9999-12-31 23:59:59,0,0,,,0,0,,,,,,173,173,,SURFACEmix LW PRO + Additives,,,,92,92,,
144,"",1,0,,2018-09-28 18:10:45,1,2017-09-28 18:10:45,9999-12-31 23:59:59,0,1,1,1,1,0,,,,,1500,150,150,1.301951445,SanSeal HT,,"30",2.865130204,69,69,114,114
145,"",1,0,,2018-09-28 18:10:45,1,2017-09-28 18:10:45,9999-12-31 23:59:59,0,1,1,1,1,0,,,,,1750,151,151,0.876085963,SSi,,"31",2.916,70,70,62,62
146,"",1,0,,2018-09-28 18:10:45,1,2017-09-28 18:10:45,9999-12-31 23:59:59,0,1,1,1,1,0,,,,,1300,152,152,1.476134464,Superlite 13,,"42",1.794817662,71,71,42,42
147,"",1,0,,2018-09-28 18:10:45,1,2017-09-28 18:10:45,9999-12-31 23:59:59,0,1,1,1,1,0,,,,,1300,153,153,1.479779997,Superlite 13 (CDM-5),,"01",1.798347675,72,72,225,225
148,"",1,0,,2018-09-28 18:10:45,1,2017-09-28 18:10:45,9999-12-31 23:59:59,0,1,1,1,0,0,,,,,1200,154,154,1.622397857,SUPERLITEmix PRO HT ,,"42",1.480340131,73,73,264,264
149,"",1,0,,2018-09-28 18:10:45,1,2017-09-28 18:10:45,9999-12-31 23:59:59,0,1,1,1,0,0,,,,,1175,155,155,1.701905558,SUPERLITEmix PRO ,,"42",1.424163586,74,74,229,229
150,"",1,0,,2018-09-28 18:10:45,1,2017-09-28 18:10:45,9999-12-31 23:59:59,0,1,1,1,0,0,,,,,1600,156,156,1.063866689,SURFACEmix LW (SK) ,,"42",2.764875132,75,75,231,231
151,"",1,0,,2018-09-28 18:10:45,1,2017-09-28 18:10:45,9999-12-31 23:59:59,0,1,1,1,1,0,,,,,1550,157,157,1.146142661,SURFACEmix LW PRO,,"31",2.705470059,76,76,232,232
152,"",1,0,,2018-09-28 18:10:45,1,2017-09-28 18:10:45,9999-12-31 23:59:59,0,1,1,1,1,0,,,,,1550,158,158,1.184748864,SURFACEmix LW PRO (SK) ,,"31",2.870361898,77,77,233,233
153,"",1,0,,2018-09-28 18:10:45,1,2017-09-28 18:10:45,9999-12-31 23:59:59,0,1,1,1,1,0,,,,,1700,159,159,0.980821757,SURFACEmix PRO,,"31",3.190558294,78,78,234,234
154,"",1,0,,2018-09-28 18:10:45,1,2017-09-28 18:10:45,9999-12-31 23:59:59,0,1,1,1,1,0,,,,,1700,160,160,0.944196118,SURFACEmix PRO SL,,"31",2.949306865,79,79,235,235
155,"",1,0,,2018-09-28 18:10:45,1,2017-09-28 18:10:45,9999-12-31 23:59:59,0,1,1,1,1,0,,,,,1200,161,161,1.437265038,SURFACEmix SLW,,"31",1.403416211,80,80,142,142
156,"",1,0,,2018-09-28 18:10:45,1,2017-09-28 18:10:45,9999-12-31 23:59:59,0,1,1,1,0,0,,,,,1730,162,162,0.895741975,SurfLite (SK) ,,"03",2.889268568,81,81,237,237
157,"",1,0,,2018-09-28 18:10:45,1,2017-09-28 18:10:45,9999-12-31 23:59:59,0,1,1,1,1,0,,,,,1885,163,163,0.75399987,Thermal 40,,"04",3.005619468,82,82,26,26
158,"",1,0,,2018-09-28 18:10:45,1,2017-09-28 18:10:45,9999-12-31 23:59:59,0,1,1,1,1,0,,,,,1820,164,164,0.812568738,Thermal 40 EXP,,"04",2.996760787,83,83,28,28
159,"",1,0,,2018-09-28 18:10:45,1,2017-09-28 18:10:45,9999-12-31 23:59:59,0,1,1,1,1,0,,,,,1750,165,165,0.831006343,THERMAmix EC,,"30",2.654313541,84,84,143,143
160,"",1,0,,2018-09-28 18:10:45,1,2017-09-28 18:10:45,9999-12-31 23:59:59,0,1,1,1,1,0,,,,,1840,166,166,0.777286904,THERMAmix LT,,"30",2.881188428,85,85,240,240
162,"",1,0,,2018-09-28 18:10:45,1,2017-09-28 18:10:45,9999-12-31 23:59:59,0,1,1,1,0,0,,,,,1500,168,168,1.248627036,ThixLite HT (AB) ,,"30",2.661793937,87,87,21,21
163,"",1,0,,2018-09-28 18:10:45,1,2017-09-28 18:10:45,9999-12-31 23:59:59,0,1,1,1,0,0,,,,,1500,169,169,1.28764343,ThixLite HT (SK) ,,"36",2.807582723,88,88,242,242
164,"",1,0,,2018-09-28 18:10:45,1,2017-09-28 18:10:45,9999-12-31 23:59:59,0,1,1,1,1,0,,,,,1550,170,170,1.127,SURFACEmix LW PRO SL,,"3",2.631578947,89,89,243,243
165,"",1,0,,2018-09-28 18:10:45,1,2017-09-28 18:10:45,9999-12-31 23:59:59,0,1,1,1,0,0,,,,,1200,171,171,1.384,LDP-C-0117,,TBD,1.383125864,90,90,244,244
166,"",1,0,,2018-09-28 18:10:45,1,2017-09-28 18:10:45,9999-12-31 23:59:59,0,1,1,1,1,0,,,,,1160,172,172,2.143617377,SUPERLITEmix 1160,,"42",1.522020857,91,91,226,226
167,"",1,0,,2018-09-28 18:10:45,1,2017-09-28 18:10:45,9999-12-31 23:59:59,0,0,,,0,0,,,,,,263,263,,"0:1:0 'A' + Additives",,,,93,93,,
168,"",1,0,,2018-09-28 18:10:45,1,2017-09-28 18:10:45,9999-12-31 23:59:59,0,0,,,0,0,,,,,,174,174,,"0:1:0 'C' + Additives",,,,94,94,,
169,"",1,0,,2018-09-28 18:10:45,1,2017-09-28 18:10:45,9999-12-31 23:59:59,0,0,,,0,0,,,,,,175,175,,"0:1:0 'G' + Additives",,,,95,95,,
170,"",1,0,,2018-09-28 18:10:45,1,2017-09-28 18:10:45,9999-12-31 23:59:59,0,0,,,0,0,,,,,,176,176,,"0:1:12 'G' + Additives",,,,96,96,,
171,"",1,0,,2018-09-28 18:10:45,1,2017-09-28 18:10:45,9999-12-31 23:59:59,0,0,,,0,0,,,,,,177,177,,"0:1:2 'G' + Additives",,,,97,97,,
172,"",1,0,,2018-09-28 18:10:45,1,2017-09-28 18:10:45,9999-12-31 23:59:59,0,0,,,0,0,,,,,,178,178,,"0:1:4 'G' + Additives",,,,98,98,,
173,"",1,0,,2018-09-28 18:10:45,1,2017-09-28 18:10:45,9999-12-31 23:59:59,0,0,,,0,0,,,,,,179,179,,"0:1:6 'G' + Additives",,,,99,99,,
174,"",1,0,,2018-09-28 18:10:45,1,2017-09-28 18:10:45,9999-12-31 23:59:59,0,0,,,0,0,,,,,,180,180,,"0:1:8 'G' + Additives",,,,100,100,,
175,"",1,0,,2018-09-28 18:10:45,1,2017-09-28 18:10:45,9999-12-31 23:59:59,0,0,,,0,0,,,,,,181,181,,"1:1:0 'G' + Additives",,,,101,101,,
176,"",1,0,,2018-09-28 18:10:45,1,2017-09-28 18:10:45,9999-12-31 23:59:59,0,0,,,0,0,,,,,,182,182,,"1:1:12 'G' + Additives",,,,102,102,,
177,"",1,0,,2018-09-28 18:10:45,1,2017-09-28 18:10:45,9999-12-31 23:59:59,0,0,,,0,0,,,,,,183,183,,"1:1:2 'G' + Additives",,,,103,103,,
178,"",1,0,,2018-09-28 18:10:45,1,2017-09-28 18:10:45,9999-12-31 23:59:59,0,0,,,0,0,,,,,,184,184,,"1:1:4 'G' + Additives",,,,104,104,,
179,"",1,0,,2018-09-28 18:10:45,1,2017-09-28 18:10:45,9999-12-31 23:59:59,0,0,,,0,0,,,,,,185,185,,"1:1:6 'G' + Additives",,,,105,105,,
180,"",1,0,,2018-09-28 18:10:45,1,2017-09-28 18:10:45,9999-12-31 23:59:59,0,0,,,0,0,,,,,,186,186,,"1:1:8 'G' + Additives",,,,106,106,,
181,"",1,0,,2018-09-28 18:10:45,1,2017-09-28 18:10:45,9999-12-31 23:59:59,0,0,,,0,0,,,,,,187,187,,"2:1:0 'G' + Additives",,,,107,107,,
182,"",1,0,,2018-09-28 18:10:45,1,2017-09-28 18:10:45,9999-12-31 23:59:59,0,0,,,0,0,,,,,,188,188,,"2:1:12 'G' + Additives",,,,108,108,,
183,"",1,0,,2018-09-28 18:10:45,1,2017-09-28 18:10:45,9999-12-31 23:59:59,0,0,,,0,0,,,,,,189,189,,"2:1:2 'G' + Additives",,,,109,109,,
184,"",1,0,,2018-09-28 18:10:45,1,2017-09-28 18:10:45,9999-12-31 23:59:59,0,0,,,0,0,,,,,,190,190,,"2:1:4 'G' + Additives",,,,110,110,,
185,"",1,0,,2018-09-28 18:10:45,1,2017-09-28 18:10:45,9999-12-31 23:59:59,0,0,,,0,0,,,,,,191,191,,"2:1:6 'G' + Additives",,,,111,111,,
186,"",1,0,,2018-09-28 18:10:45,1,2017-09-28 18:10:45,9999-12-31 23:59:59,0,0,,,0,0,,,,,,192,192,,"2:1:8 'G' + Additives",,,,112,112,,
187,"",1,0,,2018-09-28 18:10:45,1,2017-09-28 18:10:45,9999-12-31 23:59:59,0,0,,,0,0,,,,,,193,193,,"1:1:0 'G' (Sask) + Additives",,,,113,113,,
189,"",1,0,,2018-09-28 18:10:45,1,2017-09-28 18:10:45,9999-12-31 23:59:59,0,0,,,0,0,,,,,,194,194,,"1:1:12 'G' (Sask) + Additives",,,,114,114,,
190,"",1,0,,2018-09-28 18:10:45,1,2017-09-28 18:10:45,9999-12-31 23:59:59,0,0,,,0,0,,,,,,195,195,,"1:1:2 'G' (Sask) + Additives",,,,115,115,,
191,"",1,0,,2018-09-28 18:10:45,1,2017-09-28 18:10:45,9999-12-31 23:59:59,0,0,,,0,0,,,,,,196,196,,"1:1:4 'G' (Sask) + Additives",,,,116,116,,
192,"",1,0,,2018-09-28 18:10:45,1,2017-09-28 18:10:45,9999-12-31 23:59:59,0,0,,,0,0,,,,,,197,197,,"1:1:6 'G' (Sask) + Additives",,,,117,117,,
193,"",1,0,,2018-09-28 18:10:45,1,2017-09-28 18:10:45,9999-12-31 23:59:59,0,0,,,0,0,,,,,,198,198,,"1:1:8 'G' (Sask) + Additives",,,,118,118,,
194,"",1,0,,2018-09-28 18:10:45,1,2017-09-28 18:10:45,9999-12-31 23:59:59,0,0,,,0,0,,,,,,199,199,,"2:1:0 'G' (Sask) + Additives",,,,119,119,,
195,"",1,0,,2018-09-28 18:10:45,1,2017-09-28 18:10:45,9999-12-31 23:59:59,0,0,,,0,0,,,,,,200,200,,"2:1:12 'G' (Sask) + Additives",,,,120,120,,
196,"",1,0,,2018-09-28 18:10:45,1,2017-09-28 18:10:45,9999-12-31 23:59:59,0,0,,,0,0,,,,,,201,201,,"2:1:2 'G' (Sask) + Additives",,,,121,121,,
197,"",1,0,,2018-09-28 18:10:46,1,2017-09-28 18:10:46,9999-12-31 23:59:59,0,0,,,0,0,,,,,,202,202,,"2:1:4 'G' (Sask) + Additives",,,,122,122,,
198,"",1,0,,2018-09-28 18:10:46,1,2017-09-28 18:10:46,9999-12-31 23:59:59,0,0,,,0,0,,,,,,203,203,,"2:1:6 'G' (Sask) + Additives",,,,123,123,,
199,"",1,0,,2018-09-28 18:10:46,1,2017-09-28 18:10:46,9999-12-31 23:59:59,0,0,,,0,0,,,,,,204,204,,"2:1:8 'G' (Sask) + Additives",,,,124,124,,
200,"",1,0,,2018-09-28 18:10:46,1,2017-09-28 18:10:46,9999-12-31 23:59:59,0,0,,,0,0,,,,,,205,205,,Expandomix + Additives,,,,125,125,,
201,"",1,0,,2018-09-28 18:10:46,1,2017-09-28 18:10:46,9999-12-31 23:59:59,0,0,,,0,0,,,,,,206,206,,EXPANDOmix PRO HT + Additives,,,,126,126,,
202,"",1,0,,2018-09-28 18:10:46,1,2017-09-28 18:10:46,9999-12-31 23:59:59,0,0,,,0,0,,,,,,207,207,,EXPANDOmix PRO LT + Additives,,,,127,127,,
203,"",1,0,,2018-09-28 18:10:46,1,2017-09-28 18:10:46,9999-12-31 23:59:59,0,0,,,0,0,,,,,,208,208,,Expandomix HT + Additives,,,,128,128,,
204,"",1,0,,2018-09-28 18:10:46,1,2017-09-28 18:10:46,9999-12-31 23:59:59,0,0,,,0,0,,,,,,209,209,,Expandomix LWL + Additives,,,,129,129,,
205,"",1,0,,2018-09-28 18:10:46,1,2017-09-28 18:10:46,9999-12-31 23:59:59,0,0,,,0,0,,,,,,210,210,,EXPANDOmix PRO HT (Sask) + Additives,,,,130,130,,
206,"",1,0,,2018-09-28 18:10:46,1,2017-09-28 18:10:46,9999-12-31 23:59:59,0,0,,,0,0,,,,,,211,211,,EXPANDOmix PRO LT (Sask) + Additives,,,,131,131,,
207,"",1,0,,2018-09-28 18:10:46,1,2017-09-28 18:10:46,9999-12-31 23:59:59,0,0,,,0,0,,,,,,212,212,,Expandomix HT (SK) + Additives,,,,132,132,,
208,"",1,0,,2018-09-28 18:10:46,1,2017-09-28 18:10:46,9999-12-31 23:59:59,0,0,,,0,0,,,,,,213,213,,Glacial Mix + Additives,,,,133,133,,
209,"",1,0,,2018-09-28 18:10:46,1,2017-09-28 18:10:46,9999-12-31 23:59:59,0,0,,,0,0,,,,,,214,214,,iBond + Additives,,,,134,134,,
210,"",1,0,,2018-09-28 18:10:46,1,2017-09-28 18:10:46,9999-12-31 23:59:59,0,0,,,0,0,,,,,,215,215,,ASC IV + Additives,,,,135,135,,
211,"",1,0,,2018-09-28 18:10:46,1,2017-09-28 18:10:46,9999-12-31 23:59:59,0,0,,,0,0,,,,,,216,216,,iGain (SK) + Additives,,,,136,136,,
212,"",1,0,,2018-09-28 18:10:46,1,2017-09-28 18:10:46,9999-12-31 23:59:59,0,0,,,0,0,,,,,,217,217,,iGain(AB) + Additives,,,,137,137,,
213,"",1,0,,2018-09-28 18:10:46,1,2017-09-28 18:10:46,9999-12-31 23:59:59,0,0,,,0,0,,,,,,218,218,,iPrime (AB) + Additives,,,,138,138,,
215,"",1,0,,2018-09-28 18:10:46,1,2017-09-28 18:10:46,9999-12-31 23:59:59,0,0,,,0,0,,,,,,219,219,,iPrime (SK) + Additives,,,,139,139,,
216,"",1,0,,2018-09-28 18:10:46,1,2017-09-28 18:10:46,9999-12-31 23:59:59,0,0,,,0,0,,,,,,220,220,,LCS 1600 + Additives,,,,140,140,,
217,"",1,0,,2018-09-28 18:10:46,1,2017-09-28 18:10:46,9999-12-31 23:59:59,0,0,,,0,0,,,,,,221,221,,LCS 1820 + Additives,,,,141,141,,
218,"",1,0,,2018-09-28 18:10:46,1,2017-09-28 18:10:46,9999-12-31 23:59:59,0,0,,,0,0,,,,,,222,222,,LITEmix 1325 (AB) + Additives,,,,142,142,,
219,"",1,0,,2018-09-28 18:10:46,1,2017-09-28 18:10:46,9999-12-31 23:59:59,0,0,,,0,0,,,,,,223,223,,LITEmix 1325 (SK) + Additives,,,,143,143,,
220,"",1,0,,2018-09-28 18:10:46,1,2017-09-28 18:10:46,9999-12-31 23:59:59,0,0,,,0,0,,,,,,224,224,,LITEmix 1400 (AB) + Additives,,,,144,144,,
221,"",1,0,,2018-09-28 18:10:46,1,2017-09-28 18:10:46,9999-12-31 23:59:59,0,0,,,0,0,,,,,,225,225,,LITEmix 1400 (SK) + Additives,,,,145,145,,
222,"",1,0,,2018-09-28 18:10:46,1,2017-09-28 18:10:46,9999-12-31 23:59:59,0,0,,,0,0,,,,,,226,226,,LITEmix EC + Additives,,,,146,146,,
223,"",1,0,,2018-09-28 18:10:46,1,2017-09-28 18:10:46,9999-12-31 23:59:59,0,0,,,0,0,,,,,,227,227,,PRODUCTIONmix 1500 PRO + Additives,,,,147,147,,
224,"",1,0,,2018-09-28 18:10:46,1,2017-09-28 18:10:46,9999-12-31 23:59:59,0,0,,,0,0,,,,,,228,228,,PRODUCTIONmix 1600 + Additives,,,,148,148,,
225,"",1,0,,2018-09-28 18:10:46,1,2017-09-28 18:10:46,9999-12-31 23:59:59,0,0,,,0,0,,,,,,229,229,,PRODUCTIONmix 1600 (SK) + Additives,,,,149,149,,
226,"",1,0,,2018-09-28 18:10:46,1,2017-09-28 18:10:46,9999-12-31 23:59:59,0,0,,,0,0,,,,,,230,230,,PRODUCTIONmix 1725 + Additives,,,,150,150,,
227,"",1,0,,2018-09-28 18:10:46,1,2017-09-28 18:10:46,9999-12-31 23:59:59,0,0,,,0,0,,,,,,231,231,,Proteus Pro + Additives,,,,158,158,,
228,"",1,0,,2018-09-28 18:10:46,1,2017-09-28 18:10:46,9999-12-31 23:59:59,0,0,,,0,0,,,,,,232,232,,PRODUCTIONmix EC + Additives,,,,151,151,,
229,"",1,0,,2018-09-28 18:10:46,1,2017-09-28 18:10:46,9999-12-31 23:59:59,0,0,,,0,0,,,,,,233,233,,PRODUCTIONmix EC (Sask) + Additives,,,,152,152,,
230,"",1,0,,2018-09-28 18:10:46,1,2017-09-28 18:10:46,9999-12-31 23:59:59,0,0,,,0,0,,,,,,234,234,,PRODUCTIONmix LW + Additives,,,,153,153,,
231,"",1,0,,2018-09-28 18:10:46,1,2017-09-28 18:10:46,9999-12-31 23:59:59,0,0,,,0,0,,,,,,235,235,,PRODUCTIONmix LW (Sask) + Additives,,,,154,154,,
232,"",1,0,,2018-09-28 18:10:46,1,2017-09-28 18:10:46,9999-12-31 23:59:59,0,0,,,0,0,,,,,,237,237,,Proteus LCS + Additives,,,,157,157,,
233,"",1,0,,2018-09-28 18:10:46,1,2017-09-28 18:10:46,9999-12-31 23:59:59,0,0,,,0,0,,,,,,238,238,,Proteus Core + Additives,,,,156,156,,
234,"",1,0,,2018-09-28 18:10:46,1,2017-09-28 18:10:46,9999-12-31 23:59:59,0,0,,,0,0,,,,,,240,240,,SanSeal + Additives,,,,160,160,,
235,"",1,0,,2018-09-28 18:10:46,1,2017-09-28 18:10:46,9999-12-31 23:59:59,0,0,,,0,0,,,,,,241,241,,SanSeal HT + Additives,,,,161,161,,
236,"",1,0,,2018-09-28 18:10:46,1,2017-09-28 18:10:46,9999-12-31 23:59:59,0,0,,,0,0,,,,,,242,242,,SSi + Additives,,,,162,162,,
237,"",1,0,,2018-09-28 18:10:46,1,2017-09-28 18:10:46,9999-12-31 23:59:59,0,0,,,0,0,,,,,,243,243,,Superlite 13 + Additives,,,,163,163,,
238,"",1,0,,2018-09-28 18:10:46,1,2017-09-28 18:10:46,9999-12-31 23:59:59,0,0,,,0,0,,,,,,244,244,,Superlite 13 (CDM-5) + Additives,,,,164,164,,
239,"",1,0,,2018-09-28 18:10:46,1,2017-09-28 18:10:46,9999-12-31 23:59:59,0,0,,,0,0,,,,,,245,245,,SUPERLITEmix PRO HT + Additives,,,,165,165,,
240,"",1,0,,2018-09-28 18:10:46,1,2017-09-28 18:10:46,9999-12-31 23:59:59,0,0,,,0,0,,,,,,246,246,,SUPERLITEmix PRO + Additives,,,,166,166,,
241,"",1,0,,2018-09-28 18:10:46,1,2017-09-28 18:10:46,9999-12-31 23:59:59,0,0,,,0,0,,,,,,247,247,,SURFACEmix LW (SK) + Additives,,,,167,167,,
242,"",1,0,,2018-09-28 18:10:46,1,2017-09-28 18:10:46,9999-12-31 23:59:59,0,0,,,0,0,,,,,,248,248,,SURFACEmix LW PRO (SK) + Additives,,,,168,168,,
243,"",1,0,,2018-09-28 18:10:46,1,2017-09-28 18:10:46,9999-12-31 23:59:59,0,0,,,0,0,,,,,,249,249,,SURFACEmix PRO + Additives,,,,169,169,,
244,"",1,0,,2018-09-28 18:10:46,1,2017-09-28 18:10:46,9999-12-31 23:59:59,0,0,,,0,0,,,,,,250,250,,SURFACEmix PRO SL + Additives,,,,170,170,,
245,"",1,0,,2018-09-28 18:10:46,1,2017-09-28 18:10:46,9999-12-31 23:59:59,0,0,,,0,0,,,,,,251,251,,SURFACEmix SLW + Additives,,,,171,171,,
246,"",1,0,,2018-09-28 18:10:46,1,2017-09-28 18:10:46,9999-12-31 23:59:59,0,0,,,0,0,,,,,,252,252,,SurfLite (SK) + Additives,,,,172,172,,
247,"",1,0,,2018-09-28 18:10:46,1,2017-09-28 18:10:46,9999-12-31 23:59:59,0,0,,,0,0,,,,,,253,253,,Thermal 40 + Additives,,,,173,173,,
248,"",1,0,,2018-09-28 18:10:46,1,2017-09-28 18:10:46,9999-12-31 23:59:59,0,0,,,0,0,,,,,,254,254,,Thermal 40 EXP + Additives,,,,174,174,,
249,"",1,0,,2018-09-28 18:10:46,1,2017-09-28 18:10:46,9999-12-31 23:59:59,0,0,,,0,0,,,,,,255,255,,THERMAmix EC + Additives,,,,175,175,,
250,"",1,0,,2018-09-28 18:10:46,1,2017-09-28 18:10:46,9999-12-31 23:59:59,0,0,,,0,0,,,,,,256,256,,THERMAmix LT + Additives,,,,176,176,,
252,"",1,0,,2018-09-28 18:10:46,1,2017-09-28 18:10:46,9999-12-31 23:59:59,0,0,,,0,0,,,,,,258,258,,ThixLite HT (AB) + Additives,,,,178,178,,
253,"",1,0,,2018-09-28 18:10:46,1,2017-09-28 18:10:46,9999-12-31 23:59:59,0,0,,,0,0,,,,,,259,259,,ThixLite HT (SK) + Additives,,,,179,179,,
254,"",1,0,,2018-09-28 18:10:46,1,2017-09-28 18:10:46,9999-12-31 23:59:59,0,0,,,0,0,,,,,,260,260,,SURFACEmix LW PRO SL + Additives,,,,180,180,,
255,"",1,0,,2018-09-28 18:10:46,1,2017-09-28 18:10:46,9999-12-31 23:59:59,0,0,,,0,0,,,,,,261,261,,LDP-C-0117 + Additives,,,,181,181,,
256,"",1,0,,2018-09-28 18:10:47,1,2017-09-28 18:10:47,9999-12-31 23:59:59,0,0,,,0,0,,,,,,262,262,,SUPERLITEmix 1160 + Additives,,,,182,182,,
257,"",1,0,,2018-09-28 18:10:43,1,2017-09-28 18:10:43,9999-12-31 23:59:59,0,1,1,1,0,0,,,,,1880,82,82,0.775842178,"0:1:0 'A'",,"01",3.152,1,1,2,2
258,"",1,0,,2018-09-28 18:10:46,1,2017-09-28 18:10:46,9999-12-31 23:59:59,0,0,,,0,0,,,,,,236,236,,PRODUCTIONmix THX + Additives,,,,155,155,,
259,"",1,0,,2018-09-28 18:10:46,1,2017-09-28 18:10:46,9999-12-31 23:59:59,0,0,,,0,0,,,,,,239,239,,RAS II + Additives,,,,159,159,,
260,"",1,0,,2018-09-28 18:10:43,1,2017-09-28 18:10:43,9999-12-31 23:59:59,0,0,,,0,0,,,,,,264,264,,Sil 1,,,,,,,
261,"",1,0,,2018-09-28 18:10:43,1,2017-09-28 18:10:43,9999-12-31 23:59:59,0,0,,,0,0,,,,,,265,265,,Sil 4,,,,,,,
262,"",1,0,,2018-09-28 18:10:47,1,2017-09-28 18:10:47,9999-12-31 23:59:59,0,1,1,1,1,0,,,,,1160,266,266,2.143617377,SUPERLITEmix 1160x,,"42",1.522020857,184,184,265,265
263,"",1,0,,2018-09-28 18:10:47,1,2017-09-28 18:10:47,9999-12-31 23:59:59,0,0,,,0,0,,,,,,267,267,,SUPERLITEmix 1160x + Additives,,,,185,185,,
264,"",1,0,,2018-09-28 18:10:47,1,2017-09-28 18:10:47,9999-12-31 23:59:59,0,1,1,1,1,0,,,,,1160,268,268,2.143617377,SUPERLITEmix 1100x,,"42",1.522020857,186,186,258,258
265,"",1,0,,2018-09-28 18:10:47,1,2017-09-28 18:10:47,9999-12-31 23:59:59,0,0,,,0,0,,,,,,269,269,,SUPERLITEmix 1100x + Additives,,,,187,187,,
266,"",1,0,,2018-09-28 18:10:47,1,2017-09-28 18:10:47,9999-12-31 23:59:59,0,1,1,1,1,0,,,,,1350,270,270,1.198,LDP-C-0517,,"30",1.722,188,188,266,266
267,"",1,0,,2018-09-28 18:10:47,1,2017-09-28 18:10:47,9999-12-31 23:59:59,0,0,,,0,0,,,,,,271,271,,LDP-C-0517 + Additives,,,,189,189,,
268,"",1,0,,2018-09-28 18:10:47,1,2017-09-28 18:10:47,9999-12-31 23:59:59,0,1,1,1,1,0,,,,,1350,272,272,1.251,THERMAmix SLW,,"30",1.779,190,190,267,267
269,"",1,0,,2018-09-28 18:10:47,1,2017-09-28 18:10:47,9999-12-31 23:59:59,0,0,,,0,0,,,,,,273,273,,THERMAmix SLW + Additives,,,,191,191,,
270,"",1,0,,2018-09-28 18:10:47,1,2017-09-28 18:10:47,9999-12-31 23:59:59,0,1,1,1,1,0,,,,,1700,274,274,0.918,THERMAmix PRO,,"30",2.795,192,192,268,268
271,"",1,0,,2018-09-28 18:10:47,1,2017-09-28 18:10:47,9999-12-31 23:59:59,0,0,,,0,0,,,,,,275,275,,THERMAmix PRO + Additives,,,,193,193,,
272,"",1,0,,2018-09-28 18:10:47,1,2017-09-28 18:10:47,9999-12-31 23:59:59,0,0,,,0,1,,253,253,,,276,276,,MCR-9L,,,1.067,,,,
273,"",1,0,,2018-09-28 18:10:47,1,2017-09-28 18:10:47,9999-12-31 23:59:59,0,0,,,0,1,,,,,,277,277,,ECOmix,,,1,,,,
274,"",1,0,,2018-09-28 18:10:47,1,2017-09-28 18:10:47,9999-12-31 23:59:59,0,1,1,1,1,0,,,,,1550,278,278,1.19,SURFACEmix LW PRO SL (SK),,"3",2.895,194,194,269,269
275,"",1,0,,2018-09-28 18:10:47,1,2017-09-28 18:10:47,9999-12-31 23:59:59,0,0,,,0,0,,,,,,279,279,,SURFACEmix LW PRO SL (SK) + Additives,,,,195,195,,
276,"",1,0,,2018-09-28 18:10:47,1,2017-09-28 18:10:47,9999-12-31 23:59:59,0,1,1,1,1,0,,,,,1840,280,280,0.779,THERMAmix THX,,"3",2.895,196,196,257,257
277,"",1,0,,2018-09-28 18:10:47,1,2017-09-28 18:10:47,9999-12-31 23:59:59,0,0,,,0,0,,,,,,281,281,,THERMAmix THX + Additives,,,,197,197,,
278,"",1,0,,2018-09-28 18:10:47,1,2017-09-28 18:10:47,9999-12-31 23:59:59,0,1,1,1,0,0,,,,,1725,282,282,0.940285432,SURFACEmix THX,,"31",3.14175871,198,198,270,270
279,"",1,0,,2018-09-28 18:10:47,1,2017-09-28 18:10:47,9999-12-31 23:59:59,0,0,,,0,0,,,,,,283,283,,SURFACEmix THX + Additives,,,,199,199,,
280,"",1,0,,2018-09-28 18:10:42,1,2017-09-28 18:10:42,9999-12-31 23:59:59,0,0,,,0,1,,212,212,,,284,284,,Silica Flour - 200 Mesh,,,2.63,,,,
281,"",1,0,,2018-09-28 18:10:47,1,2017-09-28 18:10:47,9999-12-31 23:59:59,0,1,1,1,0,0,,,,,1200,285,285,1.509,SUPERLITEmix PRO X,,"42",1.4634,200,200,271,271
282,"",1,0,,2018-09-28 18:10:47,1,2017-09-28 18:10:47,9999-12-31 23:59:59,0,0,,,0,0,,,,,,286,286,,SUPERLITEmix PRO X + Additives,,,,201,201,,
284,"",1,0,,2018-09-28 18:10:47,1,2017-09-28 18:10:47,9999-12-31 23:59:59,0,1,2,2,0,0,,,,,,287,287,,Visweep,,,1.06,216,216,53,53
285,"",1,0,,2018-09-28 18:10:47,1,2017-09-28 18:10:47,9999-12-31 23:59:59,0,1,2,2,0,0,,,,,,288,288,,Water Wet Max,,,1.06,217,217,252,252
286,"",1,0,,2018-09-28 18:10:47,1,2017-09-28 18:10:47,9999-12-31 23:59:59,0,1,2,2,0,0,,,,,,289,289,,Invert Spacer,,,1.06,218,218,55,55
287,"",1,0,,2018-09-28 18:10:47,1,2017-09-28 18:10:47,9999-12-31 23:59:59,0,1,2,2,0,0,,,,,,290,290,,Mud Flush,,,1.06,219,219,249,249
288,"",1,0,,2018-09-28 18:10:47,1,2017-09-28 18:10:47,9999-12-31 23:59:59,0,1,2,2,0,0,,68,68,,,291,291,,Indicator Dye,,,1.06,,,248,248
289,"",1,0,,2018-09-28 18:10:47,1,2017-09-28 18:10:47,9999-12-31 23:59:59,0,1,2,2,0,0,,,,,,292,292,,Wellseal G,,,1.06,,,272,272
290,"",1,0,,2018-09-28 18:10:47,1,2017-09-28 18:10:47,9999-12-31 23:59:59,0,1,2,2,0,0,,,,,,293,293,,Wellseal,,,1.06,220,220,52,52
291,"",1,0,,2018-09-28 18:10:47,1,2017-09-28 18:10:47,9999-12-31 23:59:59,0,1,2,2,0,0,,,,,,294,294,,RP-20,,,1.06,221,221,251,251
292,"",1,0,,2018-09-28 18:10:47,1,2017-09-28 18:10:47,9999-12-31 23:59:59,0,1,2,2,0,0,,,,,,295,295,,One Part Spacer,,,1.06,,,250,250
293,"",1,0,,2018-09-28 18:10:47,1,2017-09-28 18:10:47,9999-12-31 23:59:59,0,1,2,2,0,0,,,,,,296,296,,BORAjel,,,1.06,,,273,273
294,"",1,0,,2018-09-28 18:10:47,1,2017-09-28 18:10:47,9999-12-31 23:59:59,0,1,2,2,0,0,,,,,,297,297,,WELLBLOCK 'T',,,1.06,,,274,274
295,"",1,0,,2018-09-28 18:10:47,1,2017-09-28 18:10:47,9999-12-31 23:59:59,0,1,3,3,0,0,,,,,,299,299,,Fresh Water,,,1.06,,,246,246
296,"",1,0,,2018-09-28 18:10:47,1,2017-09-28 18:10:47,9999-12-31 23:59:59,0,1,3,3,0,0,,,,,,300,300,,Base Oil,,,1.06,,,59,59
297,"",1,0,,2018-09-28 18:10:47,1,2017-09-28 18:10:47,9999-12-31 23:59:59,0,0,,,0,1,,102,102,,,298,298,,SAPP,,,1.06,,,,
298,"",1,0,,2018-09-28 18:10:47,1,2017-09-28 18:10:47,9999-12-31 23:59:59,0,0,,,0,1,,255,255,,,369,369,,"12/20 Round Sand",,,1.06,,,,
299,"",1,0,,2018-09-28 18:10:47,1,2017-09-28 18:10:47,9999-12-31 23:59:59,0,0,,,0,1,,136,136,,,370,370,,AI-4,,,1.06,,,,
300,"",1,0,,2018-09-28 18:10:47,1,2017-09-28 18:10:47,9999-12-31 23:59:59,0,0,,,0,1,,137,137,,,371,371,,AI-7,,,1.06,,,,
301,"",1,0,,2018-09-28 18:10:47,1,2017-09-28 18:10:47,9999-12-31 23:59:59,0,0,,,0,1,,138,138,,,301,301,,AI-8,,,1.06,,,,
302,"",1,0,,2018-09-28 18:10:47,1,2017-09-28 18:10:47,9999-12-31 23:59:59,0,0,,,0,1,,21,21,,,302,302,,Aqueous Ammonia,,,1.06,,,,
303,"",1,0,,2018-09-28 18:10:47,1,2017-09-28 18:10:47,9999-12-31 23:59:59,0,0,,,0,1,,256,256,,,303,303,,ASA-3W,,,1.06,,,,
304,"",1,0,,2018-09-28 18:10:47,1,2017-09-28 18:10:47,9999-12-31 23:59:59,0,0,,,0,1,,26,26,,,304,304,,ASM-4,,,1.06,,,,
305,"",1,0,,2018-09-28 18:10:47,1,2017-09-28 18:10:47,9999-12-31 23:59:59,0,0,,,0,1,,216,216,,,305,305,,ASM-6,,,1.06,,,,
306,"",1,0,,2018-09-28 18:10:47,1,2017-09-28 18:10:47,9999-12-31 23:59:59,0,0,,,0,1,,226,226,,,306,306,,B-1008,,,1.06,,,,
307,"",1,0,,2018-09-28 18:10:47,1,2017-09-28 18:10:47,9999-12-31 23:59:59,0,0,,,0,1,,28,28,,,307,307,,BE-1,,,1.06,,,,
308,"",1,0,,2018-09-28 18:10:47,1,2017-09-28 18:10:47,9999-12-31 23:59:59,0,0,,,0,1,,257,257,,,308,308,,Bio-Clear 2000,,,1.06,,,,
309,"",1,0,,2018-09-28 18:10:47,1,2017-09-28 18:10:47,9999-12-31 23:59:59,0,0,,,0,1,,30,30,,,309,309,,Breaker-F,,,1.06,,,,
310,"",1,0,,2018-09-28 18:10:47,1,2017-09-28 18:10:47,9999-12-31 23:59:59,0,0,,,0,1,,139,139,,,310,310,,Breaker-O,,,1.06,,,,
311,"",1,0,,2018-09-28 18:10:47,1,2017-09-28 18:10:47,9999-12-31 23:59:59,0,0,,,0,1,,258,258,,,311,311,,Buffer F,,,1.06,,,,
312,"",1,0,,2018-09-28 18:10:47,1,2017-09-28 18:10:47,9999-12-31 23:59:59,0,0,,,0,1,,259,259,,,312,312,,BX-1LB,,,1.06,,,,
313,"",1,0,,2018-09-28 18:10:47,1,2017-09-28 18:10:47,9999-12-31 23:59:59,0,0,,,0,1,,31,31,,,313,313,,CaCO3,,,1.06,,,,
314,"",1,0,,2018-09-28 18:10:47,1,2017-09-28 18:10:47,9999-12-31 23:59:59,0,0,,,0,1,,260,260,,,314,314,,CAS-1,,,1.06,,,,
315,"",1,0,,2018-09-28 18:10:47,1,2017-09-28 18:10:47,9999-12-31 23:59:59,0,0,,,0,1,,166,166,,,315,315,,CDF-3L,,,1.06,,,,
316,"",1,0,,2018-09-28 18:10:47,1,2017-09-28 18:10:47,9999-12-31 23:59:59,0,0,,,0,1,,202,202,,,316,316,,CDM-10,,,1.06,,,,
317,"",1,0,,2018-09-28 18:10:47,1,2017-09-28 18:10:47,9999-12-31 23:59:59,0,0,,,0,1,,261,261,,,317,317,,CFL-14,,,1.06,,,,
318,"",1,0,,2018-09-28 18:10:47,1,2017-09-28 18:10:47,9999-12-31 23:59:59,0,0,,,0,1,,36,36,,,318,318,,CFL-2,,,1.06,,,,
319,"",1,0,,2018-09-28 18:10:47,1,2017-09-28 18:10:47,9999-12-31 23:59:59,0,0,,,0,1,,43,43,,,319,319,,D-2,,,1.06,,,,
320,"",1,0,,2018-09-28 18:10:47,1,2017-09-28 18:10:47,9999-12-31 23:59:59,0,0,,,0,1,,44,44,,,320,320,,D-4,,,1.06,,,,
321,"",1,0,,2018-09-28 18:10:47,1,2017-09-28 18:10:47,9999-12-31 23:59:59,0,0,,,0,1,,222,222,,,321,321,,DA-1,,,1.06,,,,
322,"",1,0,,2018-09-28 18:10:47,1,2017-09-28 18:10:47,9999-12-31 23:59:59,0,0,,,0,1,,165,165,,,322,322,,DF-1,,,1.06,,,,
323,"",1,0,,2018-09-28 18:10:47,1,2017-09-28 18:10:47,9999-12-31 23:59:59,0,0,,,0,1,,221,221,,,323,323,,DG-1,,,1.06,,,,
324,"",1,0,,2018-09-28 18:10:47,1,2017-09-28 18:10:47,9999-12-31 23:59:59,0,0,,,0,1,,262,262,,,324,324,,EF-1,,,1.06,,,,
325,"",1,0,,2018-09-28 18:10:47,1,2017-09-28 18:10:47,9999-12-31 23:59:59,0,0,,,0,1,,263,263,,,325,325,,HSSW-1,,,1.06,,,,
326,"",1,0,,2018-09-28 18:10:47,1,2017-09-28 18:10:47,9999-12-31 23:59:59,0,0,,,0,1,,149,149,,,326,326,,HTAI-4,,,1.06,,,,
327,"",1,0,,2018-09-28 18:10:47,1,2017-09-28 18:10:47,9999-12-31 23:59:59,0,0,,,0,1,,264,264,,,327,327,,HTAI-6,,,1.06,,,,
328,"",1,0,,2018-09-28 18:10:47,1,2017-09-28 18:10:47,9999-12-31 23:59:59,0,0,,,0,1,,265,265,,,328,328,,HTAI-8,,,1.06,,,,
329,"",1,0,,2018-09-28 18:10:47,1,2017-09-28 18:10:47,9999-12-31 23:59:59,0,0,,,0,1,,66,66,,,329,329,,ICA-7,,,1.06,,,,
330,"",1,0,,2018-09-28 18:10:47,1,2017-09-28 18:10:47,9999-12-31 23:59:59,0,0,,,0,1,,133,133,,,330,330,,ICA-8,,,1.06,,,,
331,"",1,0,,2018-09-28 18:10:47,1,2017-09-28 18:10:47,9999-12-31 23:59:59,0,0,,,0,1,,134,134,,,331,331,,ICA-8C,,,1.06,,,,
332,"",1,0,,2018-09-28 18:10:47,1,2017-09-28 18:10:47,9999-12-31 23:59:59,0,0,,,0,1,,129,129,,,332,332,,IPG-4,,,1.06,,,,
333,"",1,0,,2018-09-28 18:10:47,1,2017-09-28 18:10:47,9999-12-31 23:59:59,0,0,,,0,1,,71,71,,,333,333,,ISA-1,,,1.06,,,,
334,"",1,0,,2018-09-28 18:10:47,1,2017-09-28 18:10:47,9999-12-31 23:59:59,0,0,,,0,1,,167,167,,,334,334,,LCF-6,,,1.06,,,,
335,"",1,0,,2018-09-28 18:10:47,1,2017-09-28 18:10:47,9999-12-31 23:59:59,0,0,,,0,1,,210,210,,,335,335,,LCG-12,,,1.06,,,,
336,"",1,0,,2018-09-28 18:10:47,1,2017-09-28 18:10:47,9999-12-31 23:59:59,0,0,,,0,1,,266,266,,,336,336,,LCG-13,,,1.06,,,,
337,"",1,0,,2018-09-28 18:10:47,1,2017-09-28 18:10:47,9999-12-31 23:59:59,0,0,,,0,1,,209,209,,,337,337,,LCG-8,,,1.06,,,,
338,"",1,0,,2018-09-28 18:10:47,1,2017-09-28 18:10:47,9999-12-31 23:59:59,0,0,,,0,1,,237,237,,,338,338,,LCL-10,,,1.06,,,,
339,"",1,0,,2018-09-28 18:10:47,1,2017-09-28 18:10:47,9999-12-31 23:59:59,0,0,,,0,1,,179,179,,,339,339,,LCL-7,,,1.06,,,,
340,"",1,0,,2018-09-28 18:10:47,1,2017-09-28 18:10:47,9999-12-31 23:59:59,0,0,,,0,1,,217,217,,,340,340,,MCR-4,,,1.06,,,,
341,"",1,0,,2018-09-28 18:10:47,1,2017-09-28 18:10:47,9999-12-31 23:59:59,0,0,,,0,1,,82,82,,,341,341,,MS-1,,,1.06,,,,
342,"",1,0,,2018-09-28 18:10:47,1,2017-09-28 18:10:47,9999-12-31 23:59:59,0,0,,,0,1,,95,95,,,342,342,,NaCl,,,1.06,,,,
343,"",1,0,,2018-09-28 18:10:47,1,2017-09-28 18:10:47,9999-12-31 23:59:59,0,0,,,0,1,,86,86,,,343,343,,Napthalene Flakes,,,1.06,,,,
344,"",1,0,,2018-09-28 18:10:47,1,2017-09-28 18:10:47,9999-12-31 23:59:59,0,0,,,0,1,,89,89,,,344,344,,OWDA,,,1.06,,,,
345,"",1,0,,2018-09-28 18:10:47,1,2017-09-28 18:10:47,9999-12-31 23:59:59,0,0,,,0,1,,97,97,,,345,345,,S-101,,,1.06,,,,
346,"",1,0,,2018-09-28 18:10:48,1,2017-09-28 18:10:48,9999-12-31 23:59:59,0,0,,,0,1,,240,240,,,346,346,,SANJET Sand,,,1.06,,,,
347,"",1,0,,2018-09-28 18:10:48,1,2017-09-28 18:10:48,9999-12-31 23:59:59,0,0,,,0,1,,103,103,,,347,347,,SCC-1L,,,1.06,,,,
348,"",1,0,,2018-09-28 18:10:48,1,2017-09-28 18:10:48,9999-12-31 23:59:59,0,0,,,0,1,,241,241,,,348,348,,SCC-2L,,,1.06,,,,
349,"",1,0,,2018-09-28 18:10:48,1,2017-09-28 18:10:48,9999-12-31 23:59:59,0,0,,,0,1,,267,267,,,349,349,,SI-14W,,,1.06,,,,
350,"",1,0,,2018-09-28 18:10:48,1,2017-09-28 18:10:48,9999-12-31 23:59:59,0,0,,,0,1,,186,186,,,350,350,,SR-1,,,1.06,,,,
351,"",1,0,,2018-09-28 18:10:48,1,2017-09-28 18:10:48,9999-12-31 23:59:59,0,0,,,0,1,,155,155,,,351,351,,SSCI,,,1.06,,,,
352,"",1,0,,2018-09-28 18:10:48,1,2017-09-28 18:10:48,9999-12-31 23:59:59,0,0,,,0,1,,268,268,,,352,352,,SSL-2,,,1.06,,,,
353,"",1,0,,2018-09-28 18:10:48,1,2017-09-28 18:10:48,9999-12-31 23:59:59,0,0,,,0,1,,156,156,,,353,353,,StimSol 200,,,1.06,,,,
354,"",1,0,,2018-09-28 18:10:48,1,2017-09-28 18:10:48,9999-12-31 23:59:59,0,0,,,0,1,,157,157,,,354,354,,Stim-Wett Max I,,,1.06,,,,
355,"",1,0,,2018-09-28 18:10:48,1,2017-09-28 18:10:48,9999-12-31 23:59:59,0,0,,,0,1,,158,158,,,355,355,,Stim-Wett Max II,,,1.06,,,,
356,"",1,0,,2018-09-28 18:10:48,1,2017-09-28 18:10:48,9999-12-31 23:59:59,0,0,,,0,1,,159,159,,,356,356,,Stim-Wett Max III,,,1.06,,,,
357,"",1,0,,2018-09-28 18:10:48,1,2017-09-28 18:10:48,9999-12-31 23:59:59,0,0,,,0,1,,211,211,,,357,357,,Sugar,,,1.06,,,,
358,"",1,0,,2018-09-28 18:10:48,1,2017-09-28 18:10:48,9999-12-31 23:59:59,0,0,,,0,1,,115,115,,,358,358,,Toluene,,,1.06,,,,
359,"",1,0,,2018-09-28 18:10:48,1,2017-09-28 18:10:48,9999-12-31 23:59:59,0,0,,,0,1,,121,121,,,359,359,,WG-1L,,,1.06,,,,
360,"",1,0,,2018-09-28 18:10:48,1,2017-09-28 18:10:48,9999-12-31 23:59:59,0,0,,,0,1,,248,248,,,360,360,,WG-2BL,,,1.06,,,,
361,"",1,0,,2018-09-28 18:10:48,1,2017-09-28 18:10:48,9999-12-31 23:59:59,0,0,,,0,1,,131,131,,,361,361,,WG-3L,,,1.06,,,,
362,"",1,0,,2018-09-28 18:10:48,1,2017-09-28 18:10:48,9999-12-31 23:59:59,0,0,,,0,1,,191,191,,,362,362,,WG-4P,,,1.06,,,,
363,"",1,0,,2018-09-28 18:10:48,1,2017-09-28 18:10:48,9999-12-31 23:59:59,0,0,,,0,1,,269,269,,,363,363,,WG-6P,,,1.06,,,,
364,"",1,0,,2018-09-28 18:10:48,1,2017-09-28 18:10:48,9999-12-31 23:59:59,0,0,,,0,1,,270,270,,,364,364,,WG-6ZL,,,1.06,,,,
365,"",1,0,,2018-09-28 18:10:48,1,2017-09-28 18:10:48,9999-12-31 23:59:59,0,0,,,0,1,,246,246,,,365,365,,WWS-1L,,,1.06,,,,
366,"",1,0,,2018-09-28 18:10:48,1,2017-09-28 18:10:48,9999-12-31 23:59:59,0,0,,,0,1,,177,177,,,366,366,,WWS-2L,,,1.06,,,,
367,"",1,0,,2018-09-28 18:10:48,1,2017-09-28 18:10:48,9999-12-31 23:59:59,0,0,,,0,1,,192,192,,,367,367,,WWS-3L,,,1.06,,,,
368,"",1,0,,2018-09-28 18:10:48,1,2017-09-28 18:10:48,9999-12-31 23:59:59,0,0,,,0,1,,247,247,,,368,368,,WWS-4L,,,1.06,,,,
369,"",1,0,,2018-09-28 18:10:48,1,2017-09-28 18:10:48,9999-12-31 23:59:59,0,1,1,1,1,0,,,,,1700,372,372,0.964,SURFACEmix PRO ED,,"3",3.077,202,202,275,275
370,"",1,0,,2018-09-28 18:10:48,1,2017-09-28 18:10:48,9999-12-31 23:59:59,0,0,,,0,0,,,,,,373,373,,SURFACEmix PRO ED + Additives,,,,203,203,,
371,"",1,0,,2018-09-28 18:10:48,1,2017-09-28 18:10:48,9999-12-31 23:59:59,0,1,1,1,1,0,,,,,1700,374,374,0.957,SURFACEmix PRO RD,,"3",3.031,204,204,276,276
372,"",1,0,,2018-09-28 18:10:48,1,2017-09-28 18:10:48,9999-12-31 23:59:59,0,0,,,0,0,,,,,,375,375,,SURFACEmix PRO RD + Additives,,,,205,205,,
373,"",1,0,,2018-09-28 18:10:48,1,2017-09-28 18:10:48,9999-12-31 23:59:59,0,1,1,1,1,0,,,,,1700,376,376,0.957,SURFACEmix PRO GP,,"3",3.031,206,206,277,277
374,"",1,0,,2018-09-28 18:10:48,1,2017-09-28 18:10:48,9999-12-31 23:59:59,0,0,,,0,0,,,,,,377,377,,SURFACEmix PRO GP + Additives,,,,207,207,,
375,"",1,0,,2018-09-28 18:10:48,1,2017-09-28 18:10:48,9999-12-31 23:59:59,0,1,1,1,1,0,,,,,1700,378,378,0.973,SURFACEmix PRO FJ,,"3",3.136,208,208,278,278
376,"",1,0,,2018-09-28 18:10:48,1,2017-09-28 18:10:48,9999-12-31 23:59:59,0,0,,,0,0,,,,,,379,379,,SURFACEmix PRO FJ + Additives,,,,209,209,,
377,"",1,0,,2018-09-28 18:10:48,1,2017-09-28 18:10:48,9999-12-31 23:59:59,0,1,1,1,1,0,,,,,1550,380,380,1.165,SURFACEmix LW PRO ED,,"3",2.785,210,210,279,279
378,"",1,0,,2018-09-28 18:10:48,1,2017-09-28 18:10:48,9999-12-31 23:59:59,0,0,,,0,0,,,,,,381,381,,SURFACEmix LW PRO ED + Additives,,,,211,211,,
379,"",1,0,,2018-09-28 18:10:48,1,2017-09-28 18:10:48,9999-12-31 23:59:59,0,1,1,1,1,0,,,,,1550,382,382,1.166,SURFACEmix LW PRO GP,,"3",2.79,212,212,280,280
380,"",1,0,,2018-09-28 18:10:48,1,2017-09-28 18:10:48,9999-12-31 23:59:59,0,0,,,0,0,,,,,,383,383,,SURFACEmix LW PRO GP + Additives,,,,213,213,,
381,"",1,0,,2018-09-28 18:10:48,1,2017-09-28 18:10:48,9999-12-31 23:59:59,0,1,1,1,1,0,,,,,1550,384,384,1.165,SURFACEmix LW PRO RD,,"3",2.785,214,214,281,281
382,"",1,0,,2018-09-28 18:10:48,1,2017-09-28 18:10:48,9999-12-31 23:59:59,0,0,,,0,0,,,,,,385,385,,SURFACEmix LW PRO RD + Additives,,,,215,215,,
383,"",1,0,,2018-09-28 18:10:48,1,2017-09-28 18:10:48,9999-12-31 23:59:59,0,0,,,0,0,,,,,,386,386,,Fresh Water + Additives,,,,222,222,,
384,"",1,0,,2018-09-28 18:10:48,1,2017-09-28 18:10:48,9999-12-31 23:59:59,0,0,,,0,0,,,,,,387,387,,Base Oil + Additives,,,,223,223,,
385,"",1,0,,2018-09-28 18:10:48,1,2017-09-28 18:10:48,9999-12-31 23:59:59,0,0,,,0,0,,,,,,388,388,,WELLBLOCK 'T' + Additives,,,,224,224,,
386,"",1,0,,2018-09-28 18:10:48,1,2017-09-28 18:10:48,9999-12-31 23:59:59,0,0,,,0,0,,,,,,389,389,,BORAjel + Additives,,,,225,225,,
387,"",1,0,,2018-09-28 18:10:48,1,2017-09-28 18:10:48,9999-12-31 23:59:59,0,0,,,0,0,,,,,,390,390,,One Part Spacer + Additives,,,,226,226,,
388,"",1,0,,2018-09-28 18:10:48,1,2017-09-28 18:10:48,9999-12-31 23:59:59,0,0,,,0,0,,,,,,391,391,,RP-20 + Additives,,,,227,227,,
389,"",1,0,,2018-09-28 18:10:48,1,2017-09-28 18:10:48,9999-12-31 23:59:59,0,0,,,0,0,,,,,,392,392,,Wellseal + Additives,,,,228,228,,
390,"",1,0,,2018-09-28 18:10:48,1,2017-09-28 18:10:48,9999-12-31 23:59:59,0,0,,,0,0,,,,,,393,393,,Wellseal G + Additives,,,,229,229,,
391,"",1,0,,2018-09-28 18:10:48,1,2017-09-28 18:10:48,9999-12-31 23:59:59,0,0,,,0,0,,,,,,394,394,,Indicator Dye + Additives,,,,230,230,,
392,"",1,0,,2018-09-28 18:10:48,1,2017-09-28 18:10:48,9999-12-31 23:59:59,0,0,,,0,0,,,,,,395,395,,Mud Flush + Additives,,,,231,231,,
393,"",1,0,,2018-09-28 18:10:48,1,2017-09-28 18:10:48,9999-12-31 23:59:59,0,0,,,0,0,,,,,,396,396,,Invert Spacer + Additives,,,,232,232,,
394,"",1,0,,2018-09-28 18:10:48,1,2017-09-28 18:10:48,9999-12-31 23:59:59,0,0,,,0,0,,,,,,397,397,,Water Wet Max + Additives,,,,233,233,,
395,"",1,0,,2018-09-28 18:10:48,1,2017-09-28 18:10:48,9999-12-31 23:59:59,0,0,,,0,0,,,,,,398,398,,Visweep + Additives,,,,234,234,,
396,"",1,0,,2018-09-28 18:10:48,1,2017-09-28 18:10:48,9999-12-31 23:59:59,0,0,,,0,1,,271,271,,,399,399,,Sanjel Blended Acid Systems (S-BAS),,,,,,,
397,"",1,0,,2018-09-28 18:10:48,1,2017-09-28 18:10:48,9999-12-31 23:59:59,0,0,,,0,1,,272,272,,,400,400,,Sanjel Blended Solvent (Bsolv),,,,,,,
398,"",1,0,,2018-09-28 18:10:48,1,2017-09-28 18:10:48,9999-12-31 23:59:59,0,1,4,4,0,0,,,,,,401,401,,HCL 15%,,,,,,66,66
399,"",1,0,,2018-09-28 18:10:48,1,2017-09-28 18:10:48,9999-12-31 23:59:59,0,0,,,0,0,,,,,,401,401,,HCL 15% + Additives,,,,235,235,,
400,"",1,0,,2018-09-28 18:10:48,1,2017-09-28 18:10:48,9999-12-31 23:59:59,0,1,1,1,1,0,,,,,1550,402,402,1.146,SURFACEmix LW PRO LLD,,"3",2.074,236,236,284,284
401,"",1,0,,2018-09-28 18:10:48,1,2017-09-28 18:10:48,9999-12-31 23:59:59,0,0,,,0,0,,,,,,403,403,,SURFACEmix LW PRO LLD + Additives,,,,237,237,,
402,"",1,0,,2018-09-28 18:10:48,1,2017-09-28 18:10:48,9999-12-31 23:59:59,0,1,2,2,0,0,,,,,,404,404,,Scavenger,,,1,,,247,247
403,"",1,0,,2018-09-28 18:10:48,1,2017-09-28 18:10:48,9999-12-31 23:59:59,0,1,1,1,1,0,,,,,1160,405,405,1.862,SUPERLITEmix 1160 C,,"42",1.593,238,238,285,285
404,"",1,0,,2018-09-28 18:10:48,1,2017-09-28 18:10:48,9999-12-31 23:59:59,0,0,,,0,0,,,,,,406,406,,SUPERLITEmix 1160 C + Additives,,,,239,239,,
405,"",1,0,,2018-09-28 18:10:48,1,2017-09-28 18:10:48,9999-12-31 23:59:59,0,0,,,0,1,,274,274,,,407,407,,CDM-4X,,,1,,,,
406,"",1,0,,2018-09-28 18:10:48,1,2017-09-28 18:10:48,9999-12-31 23:59:59,0,1,1,1,0,0,,,,,1464,408,408,1.205,PRODUCTIONmix HZ,,"4",2.47,240,240,286,286
407,"",1,0,,2018-09-28 18:10:48,1,2017-09-28 18:10:48,9999-12-31 23:59:59,0,0,,,0,0,,,,,,409,409,,PRODUCTIONmix HZ + Additives,,,,241,241,,
408,"",1,0,,2018-09-28 18:10:48,1,2017-09-28 18:10:48,9999-12-31 23:59:59,0,1,1,1,1,0,,,,,1160,410,410,1.862,Ciment Fondue EC,,"42",1.593,242,242,287,287
409,"",1,0,,2018-09-28 18:10:48,1,2017-09-28 18:10:48,9999-12-31 23:59:59,0,0,,,0,0,,,,,,411,411,,Ciment Fondue EC + Additives,,,,243,243,,
410,"",1,0,,2018-09-28 18:10:48,1,2017-09-28 18:10:48,9999-12-31 23:59:59,0,0,,,0,1,,275,275,,,412,412,,GCA-2,,,1,,,,
411,"",1,0,,2018-09-28 18:10:48,1,2017-09-28 18:10:48,9999-12-31 23:59:59,0,1,2,2,0,0,,,,,1125,413,413,4.347,LDP-C-0418,,,2.19,,,288,288
412,"",1,0,,2018-09-28 18:10:48,1,2017-09-28 18:10:48,9999-12-31 23:59:59,0,0,,,0,1,,276,276,,,414,414,,LDP-C-0518,,,1,,,,
413,"",1,0,,2018-09-28 18:10:49,1,2017-09-28 18:10:49,9999-12-31 23:59:59,0,0,,,0,1,,277,277,,,415,415,,Silica Density Control Additive,,,1,,,,
414,"",1,0,,2018-09-28 18:10:49,1,2017-09-28 18:10:49,9999-12-31 23:59:59,0,0,,,0,1,,12,12,,,416,416,,ACW-4,,,1,,,,
415,"",1,0,,2018-09-28 18:10:49,1,2017-09-28 18:10:49,9999-12-31 23:59:59,0,0,,,0,1,,278,278,,,417,417,,LDP-C-0718,,,1,,,,
416,"",1,0,,2018-09-28 18:10:49,1,2017-09-28 18:10:49,9999-12-31 23:59:59,0,1,1,1,0,0,,,,,1340,418,418,1.895,LDP-C-0618,,"42",2.812,244,244,289,289
417,"",1,0,,2018-09-28 18:10:49,1,2017-09-28 18:10:49,9999-12-31 23:59:59,0,0,,,0,0,,,,,,419,419,,LDP-C-0618 + Additives,,,,245,245,,
418,"",1,0,,2018-09-28 18:10:49,1,2017-09-28 18:10:49,9999-12-31 23:59:59,0,0,,,0,0,,,,,,420,420,,LDP-C-0418 + Additives,,,,246,246,,
