ID,SYSTEM_ID,Version,MODIFIED_USER_ID,MODIFIED_USER_NAME,MODIFIED_DATE_TIME,OPERATION_TYPE,EFFECTIVE_START_DATETIME,EFFECTIVE_END_DATETIME,ENTITY_STATUS,InventoryNumber,SbsReleaseProductId,PriceUnit,UnitId,Price,ServicePoint
1,,1,0,,2018-09-10 12:01:06,1,2018-09-10 12:01:06,9999-12-31 23:59:59,0,IIN023003,,1,l,5.15,D603
2,,1,0,,2018-09-10 12:01:06,1,2018-09-10 12:01:06,9999-12-31 23:59:59,0,IIN023003,,1,l,5.04,D604
3,,1,0,,2018-09-10 12:01:06,1,2018-09-10 12:01:06,9999-12-31 23:59:59,0,IIN023003,,1,l,5.17,D615
4,,1,0,,2018-09-10 12:01:06,1,2018-09-10 12:01:06,9999-12-31 23:59:59,0,IIN023003,,1,l,5.25,D616
5,,1,0,,2018-09-10 12:01:06,1,2018-09-10 12:01:06,9999-12-31 23:59:59,0,IIN023005,,1,l,5.5,D604
6,,1,0,,2018-09-10 12:01:06,1,2018-09-10 12:01:06,9999-12-31 23:59:59,0,IIN023014,,1,l,4.16,D604
7,,1,0,,2018-09-10 12:01:06,1,2018-09-10 12:01:06,9999-12-31 23:59:59,0,IIN023014,,1,l,4.14,D616
8,,1,0,,2018-09-10 12:01:06,1,2018-09-10 12:01:06,9999-12-31 23:59:59,0,IIN023017,,1,l,3.86,D603
9,,1,0,,2018-09-10 12:01:06,1,2018-09-10 12:01:06,9999-12-31 23:59:59,0,IIN023017,,1,l,3.85,D604
10,,1,0,,2018-09-10 12:01:06,1,2018-09-10 12:01:06,9999-12-31 23:59:59,0,IIN023017,,1,l,3.96,D607
11,,1,0,,2018-09-10 12:01:06,1,2018-09-10 12:01:06,9999-12-31 23:59:59,0,IIN023017,,1,l,3.85,D612
12,,1,0,,2018-09-10 12:01:06,1,2018-09-10 12:01:06,9999-12-31 23:59:59,0,IIN023017,,1,l,3.95,D615
13,,1,0,,2018-09-10 12:01:06,1,2018-09-10 12:01:06,9999-12-31 23:59:59,0,IIN023017,,1,l,4.08,D616
14,,1,0,,2018-09-10 12:01:06,1,2018-09-10 12:01:06,9999-12-31 23:59:59,0,IIN023019,,1,kg,0.46,D606
15,,1,0,,2018-09-10 12:01:06,1,2018-09-10 12:01:06,9999-12-31 23:59:59,0,IIN023019,,1,kg,0.39,D616
16,,1,0,,2018-09-10 12:01:06,1,2018-09-10 12:01:06,9999-12-31 23:59:59,0,IIN023022,,1,kg,0.43,D602
17,,1,0,,2018-09-10 12:01:06,1,2018-09-10 12:01:06,9999-12-31 23:59:59,0,IIN023022,,1,kg,0.41,D603
18,,1,0,,2018-09-10 12:01:06,1,2018-09-10 12:01:06,9999-12-31 23:59:59,0,IIN023022,,1,kg,0.44,D604
19,,1,0,,2018-09-10 12:01:06,1,2018-09-10 12:01:06,9999-12-31 23:59:59,0,IIN023022,,1,kg,0.45,D606
20,,1,0,,2018-09-10 12:01:06,1,2018-09-10 12:01:06,9999-12-31 23:59:59,0,IIN023022,,1,kg,0.43,D607
21,,1,0,,2018-09-10 12:01:06,1,2018-09-10 12:01:06,9999-12-31 23:59:59,0,IIN023022,,1,kg,0.46,D612
22,,1,0,,2018-09-10 12:01:06,1,2018-09-10 12:01:06,9999-12-31 23:59:59,0,IIN023022,,1,kg,0.47,D615
23,,1,0,,2018-09-10 12:01:06,1,2018-09-10 12:01:06,9999-12-31 23:59:59,0,IIN023022,,1,kg,0.36,D616
24,,1,0,,2018-09-10 12:01:06,1,2018-09-10 12:01:06,9999-12-31 23:59:59,0,IIN023022,,1,kg,0.36,D617
25,,1,0,,2018-09-10 12:01:06,1,2018-09-10 12:01:06,9999-12-31 23:59:59,0,IIN023029,,1,l,16.3,D603
26,,1,0,,2018-09-10 12:01:06,1,2018-09-10 12:01:06,9999-12-31 23:59:59,0,IIN023029,,1,l,25.38,D604
27,,1,0,,2018-09-10 12:01:06,1,2018-09-10 12:01:06,9999-12-31 23:59:59,0,IIN023029,,1,l,16.37,D612
28,,1,0,,2018-09-10 12:01:06,1,2018-09-10 12:01:06,9999-12-31 23:59:59,0,IIN023033,,1,kg,12.82,D604
29,,1,0,,2018-09-10 12:01:06,1,2018-09-10 12:01:06,9999-12-31 23:59:59,0,IIN023034,,1,kg,4.63,D603
30,,1,0,,2018-09-10 12:01:06,1,2018-09-10 12:01:06,9999-12-31 23:59:59,0,IIN023034,,1,kg,4.63,D606
31,,1,0,,2018-09-10 12:01:06,1,2018-09-10 12:01:06,9999-12-31 23:59:59,0,IIN023034,,1,kg,4.63,D607
32,,1,0,,2018-09-10 12:01:06,1,2018-09-10 12:01:06,9999-12-31 23:59:59,0,IIN023038,,1,l,110,D607
33,,1,0,,2018-09-10 12:01:06,1,2018-09-10 12:01:06,9999-12-31 23:59:59,0,IIN023043,,1,l,1.43,D606
34,,1,0,,2018-09-10 12:01:06,1,2018-09-10 12:01:06,9999-12-31 23:59:59,0,IIN023043,,1,l,2.51,D607
35,,1,0,,2018-09-10 12:01:06,1,2018-09-10 12:01:06,9999-12-31 23:59:59,0,IIN023049,,1,kg,0.06,D603
36,,1,0,,2018-09-10 12:01:06,1,2018-09-10 12:01:06,9999-12-31 23:59:59,0,IIN023049,,1,kg,0.07,D604
37,,1,0,,2018-09-10 12:01:06,1,2018-09-10 12:01:06,9999-12-31 23:59:59,0,IIN023049,,1,kg,0.38,D607
38,,1,0,,2018-09-10 12:01:06,1,2018-09-10 12:01:06,9999-12-31 23:59:59,0,IIN023049,,1,kg,0.06,D612
39,,1,0,,2018-09-10 12:01:06,1,2018-09-10 12:01:06,9999-12-31 23:59:59,0,IIN023049,,1,kg,0.06,D615
40,,1,0,,2018-09-10 12:01:06,1,2018-09-10 12:01:06,9999-12-31 23:59:59,0,IIN023049,,1,kg,0.08,D616
41,,1,0,,2018-09-10 12:01:06,1,2018-09-10 12:01:06,9999-12-31 23:59:59,0,IIN023049,,1,kg,0.22,D617
42,,1,0,,2018-09-10 12:01:06,1,2018-09-10 12:01:06,9999-12-31 23:59:59,0,IIN023050,,1,kg,0.21,D602
43,,1,0,,2018-09-10 12:01:06,1,2018-09-10 12:01:06,9999-12-31 23:59:59,0,IIN023050,,1,kg,0.12,D603
44,,1,0,,2018-09-10 12:01:06,1,2018-09-10 12:01:06,9999-12-31 23:59:59,0,IIN023050,,1,kg,0.21,D604
45,,1,0,,2018-09-10 12:01:06,1,2018-09-10 12:01:06,9999-12-31 23:59:59,0,IIN023050,,1,kg,0.13,D606
46,,1,0,,2018-09-10 12:01:06,1,2018-09-10 12:01:06,9999-12-31 23:59:59,0,IIN023050,,1,kg,0.2,D607
47,,1,0,,2018-09-10 12:01:06,1,2018-09-10 12:01:06,9999-12-31 23:59:59,0,IIN023050,,1,kg,0.15,D612
48,,1,0,,2018-09-10 12:01:06,1,2018-09-10 12:01:06,9999-12-31 23:59:59,0,IIN023050,,1,kg,0.31,D615
49,,1,0,,2018-09-10 12:01:06,1,2018-09-10 12:01:06,9999-12-31 23:59:59,0,IIN023050,,1,kg,0.25,D616
50,,1,0,,2018-09-10 12:01:06,1,2018-09-10 12:01:06,9999-12-31 23:59:59,0,IIN023052,,1,kg,0.23,D602
51,,1,0,,2018-09-10 12:01:06,1,2018-09-10 12:01:06,9999-12-31 23:59:59,0,IIN023052,,1,kg,0.39,D604
52,,1,0,,2018-09-10 12:01:06,1,2018-09-10 12:01:06,9999-12-31 23:59:59,0,IIN023052,,1,kg,0.1,D606
53,,1,0,,2018-09-10 12:01:06,1,2018-09-10 12:01:06,9999-12-31 23:59:59,0,IIN023052,,1,kg,0.2,D607
54,,1,0,,2018-09-10 12:01:06,1,2018-09-10 12:01:06,9999-12-31 23:59:59,0,IIN023052,,1,kg,0.1,D612
55,,1,0,,2018-09-10 12:01:06,1,2018-09-10 12:01:06,9999-12-31 23:59:59,0,IIN023052,,1,kg,0.25,D617
56,,1,0,,2018-09-10 12:01:06,1,2018-09-10 12:01:06,9999-12-31 23:59:59,0,IIN023054,,1,kg,0.55,D600
57,,1,0,,2018-09-10 12:01:06,1,2018-09-10 12:01:06,9999-12-31 23:59:59,0,IIN023054,,1,kg,0.55,D602
58,,1,0,,2018-09-10 12:01:06,1,2018-09-10 12:01:06,9999-12-31 23:59:59,0,IIN023054,,1,kg,0.57,D603
59,,1,0,,2018-09-10 12:01:06,1,2018-09-10 12:01:06,9999-12-31 23:59:59,0,IIN023054,,1,kg,0.56,D604
60,,1,0,,2018-09-10 12:01:06,1,2018-09-10 12:01:06,9999-12-31 23:59:59,0,IIN023054,,1,kg,0.45,D606
61,,1,0,,2018-09-10 12:01:06,1,2018-09-10 12:01:06,9999-12-31 23:59:59,0,IIN023054,,1,kg,0.48,D607
62,,1,0,,2018-09-10 12:01:06,1,2018-09-10 12:01:06,9999-12-31 23:59:59,0,IIN023054,,1,kg,0.55,D612
63,,1,0,,2018-09-10 12:01:06,1,2018-09-10 12:01:06,9999-12-31 23:59:59,0,IIN023054,,1,kg,0.58,D615
64,,1,0,,2018-09-10 12:01:06,1,2018-09-10 12:01:06,9999-12-31 23:59:59,0,IIN023054,,1,kg,0.59,D616
65,,1,0,,2018-09-10 12:01:06,1,2018-09-10 12:01:06,9999-12-31 23:59:59,0,IIN023054,,1,kg,0.59,D617
66,,1,0,,2018-09-10 12:01:06,1,2018-09-10 12:01:06,9999-12-31 23:59:59,0,IIN023054,,1,kg,0.57,D618
67,,1,0,,2018-09-10 12:01:06,1,2018-09-10 12:01:06,9999-12-31 23:59:59,0,IIN023059,,1,kg,12.37,D616
68,,1,0,,2018-09-10 12:01:06,1,2018-09-10 12:01:06,9999-12-31 23:59:59,0,IIN023060,,1,kg,3.88,D600
69,,1,0,,2018-09-10 12:01:06,1,2018-09-10 12:01:06,9999-12-31 23:59:59,0,IIN023060,,1,kg,3.77,D602
70,,1,0,,2018-09-10 12:01:06,1,2018-09-10 12:01:06,9999-12-31 23:59:59,0,IIN023060,,1,kg,3.75,D603
71,,1,0,,2018-09-10 12:01:06,1,2018-09-10 12:01:06,9999-12-31 23:59:59,0,IIN023060,,1,kg,3.8,D604
72,,1,0,,2018-09-10 12:01:06,1,2018-09-10 12:01:06,9999-12-31 23:59:59,0,IIN023060,,1,kg,3.8,D606
73,,1,0,,2018-09-10 12:01:06,1,2018-09-10 12:01:06,9999-12-31 23:59:59,0,IIN023060,,1,kg,3.75,D607
74,,1,0,,2018-09-10 12:01:06,1,2018-09-10 12:01:06,9999-12-31 23:59:59,0,IIN023060,,1,kg,3.82,D612
75,,1,0,,2018-09-10 12:01:06,1,2018-09-10 12:01:06,9999-12-31 23:59:59,0,IIN023060,,1,kg,3.75,D615
76,,1,0,,2018-09-10 12:01:06,1,2018-09-10 12:01:06,9999-12-31 23:59:59,0,IIN023060,,1,kg,4.07,D616
77,,1,0,,2018-09-10 12:01:06,1,2018-09-10 12:01:06,9999-12-31 23:59:59,0,IIN023060,,1,kg,3.75,D617
78,,1,0,,2018-09-10 12:01:06,1,2018-09-10 12:01:06,9999-12-31 23:59:59,0,IIN023060,,1,kg,3.87,D618
79,,1,0,,2018-09-10 12:01:06,1,2018-09-10 12:01:06,9999-12-31 23:59:59,0,IIN023061,,1,l,3.52,D600
80,,1,0,,2018-09-10 12:01:06,1,2018-09-10 12:01:06,9999-12-31 23:59:59,0,IIN023061,,1,l,4.99,D602
81,,1,0,,2018-09-10 12:01:06,1,2018-09-10 12:01:06,9999-12-31 23:59:59,0,IIN023061,,1,l,4.93,D603
82,,1,0,,2018-09-10 12:01:06,1,2018-09-10 12:01:06,9999-12-31 23:59:59,0,IIN023061,,1,l,4.96,D604
83,,1,0,,2018-09-10 12:01:06,1,2018-09-10 12:01:06,9999-12-31 23:59:59,0,IIN023061,,1,l,3.74,D606
84,,1,0,,2018-09-10 12:01:06,1,2018-09-10 12:01:06,9999-12-31 23:59:59,0,IIN023061,,1,l,4.9,D607
85,,1,0,,2018-09-10 12:01:06,1,2018-09-10 12:01:06,9999-12-31 23:59:59,0,IIN023061,,1,l,3.74,D612
86,,1,0,,2018-09-10 12:01:06,1,2018-09-10 12:01:06,9999-12-31 23:59:59,0,IIN023061,,1,l,4.99,D615
87,,1,0,,2018-09-10 12:01:06,1,2018-09-10 12:01:06,9999-12-31 23:59:59,0,IIN023061,,1,l,4.41,D616
88,,1,0,,2018-09-10 12:01:06,1,2018-09-10 12:01:06,9999-12-31 23:59:59,0,IIN023061,,1,l,3.56,D617
89,,1,0,,2018-09-10 12:01:06,1,2018-09-10 12:01:06,9999-12-31 23:59:59,0,IIN023061,,1,l,3.64,D618
90,,1,0,,2018-09-10 12:01:06,1,2018-09-10 12:01:06,9999-12-31 23:59:59,0,IIN023062,,1,kg,19.75,D600
91,,1,0,,2018-09-10 12:01:06,1,2018-09-10 12:01:06,9999-12-31 23:59:59,0,IIN023062,,1,kg,19.69,D603
92,,1,0,,2018-09-10 12:01:06,1,2018-09-10 12:01:06,9999-12-31 23:59:59,0,IIN023062,,1,kg,19.73,D604
93,,1,0,,2018-09-10 12:01:06,1,2018-09-10 12:01:06,9999-12-31 23:59:59,0,IIN023062,,1,kg,19.76,D606
94,,1,0,,2018-09-10 12:01:06,1,2018-09-10 12:01:06,9999-12-31 23:59:59,0,IIN023062,,1,kg,19.75,D607
95,,1,0,,2018-09-10 12:01:06,1,2018-09-10 12:01:06,9999-12-31 23:59:59,0,IIN023062,,1,kg,19.64,D612
96,,1,0,,2018-09-10 12:01:06,1,2018-09-10 12:01:06,9999-12-31 23:59:59,0,IIN023062,,1,kg,19.74,D615
97,,1,0,,2018-09-10 12:01:06,1,2018-09-10 12:01:06,9999-12-31 23:59:59,0,IIN023062,,1,kg,19.75,D616
98,,1,0,,2018-09-10 12:01:06,1,2018-09-10 12:01:06,9999-12-31 23:59:59,0,IIN023062,,1,kg,19.76,D617
99,,1,0,,2018-09-10 12:01:06,1,2018-09-10 12:01:06,9999-12-31 23:59:59,0,IIN023063,,1,kg,8.84,D603
100,,1,0,,2018-09-10 12:01:06,1,2018-09-10 12:01:06,9999-12-31 23:59:59,0,IIN023063,,1,kg,8.83,D604
101,,1,0,,2018-09-10 12:01:06,1,2018-09-10 12:01:06,9999-12-31 23:59:59,0,IIN023063,,1,kg,8.91,D612
102,,1,0,,2018-09-10 12:01:06,1,2018-09-10 12:01:06,9999-12-31 23:59:59,0,IIN023063,,1,kg,9.37,D615
103,,1,0,,2018-09-10 12:01:06,1,2018-09-10 12:01:06,9999-12-31 23:59:59,0,IIN023063,,1,kg,8.82,D617
104,,1,0,,2018-09-10 12:01:06,1,2018-09-10 12:01:06,9999-12-31 23:59:59,0,IIN023064,,1,kg,18.34,D602
105,,1,0,,2018-09-10 12:01:06,1,2018-09-10 12:01:06,9999-12-31 23:59:59,0,IIN023064,,1,kg,18.51,D604
106,,1,0,,2018-09-10 12:01:06,1,2018-09-10 12:01:06,9999-12-31 23:59:59,0,IIN023064,,1,kg,19.56,D606
107,,1,0,,2018-09-10 12:01:06,1,2018-09-10 12:01:06,9999-12-31 23:59:59,0,IIN023064,,1,kg,18.34,D612
108,,1,0,,2018-09-10 12:01:06,1,2018-09-10 12:01:06,9999-12-31 23:59:59,0,IIN023065,,1,kg,20.86,D604
109,,1,0,,2018-09-10 12:01:06,1,2018-09-10 12:01:06,9999-12-31 23:59:59,0,IIN023067,,1,kg,2.73,D602
110,,1,0,,2018-09-10 12:01:06,1,2018-09-10 12:01:06,9999-12-31 23:59:59,0,IIN023067,,1,kg,2.6,D603
111,,1,0,,2018-09-10 12:01:06,1,2018-09-10 12:01:06,9999-12-31 23:59:59,0,IIN023067,,1,kg,2.6,D604
112,,1,0,,2018-09-10 12:01:06,1,2018-09-10 12:01:06,9999-12-31 23:59:59,0,IIN023067,,1,kg,2.6,D606
113,,1,0,,2018-09-10 12:01:06,1,2018-09-10 12:01:06,9999-12-31 23:59:59,0,IIN023067,,1,kg,2.63,D607
114,,1,0,,2018-09-10 12:01:06,1,2018-09-10 12:01:06,9999-12-31 23:59:59,0,IIN023067,,1,kg,2.6,D612
115,,1,0,,2018-09-10 12:01:06,1,2018-09-10 12:01:06,9999-12-31 23:59:59,0,IIN023067,,1,kg,2.62,D615
116,,1,0,,2018-09-10 12:01:06,1,2018-09-10 12:01:06,9999-12-31 23:59:59,0,IIN023067,,1,kg,2.62,D616
117,,1,0,,2018-09-10 12:01:06,1,2018-09-10 12:01:06,9999-12-31 23:59:59,0,IIN023067,,1,kg,2.61,D617
118,,1,0,,2018-09-10 12:01:06,1,2018-09-10 12:01:06,9999-12-31 23:59:59,0,IIN023068,,1,kg,2.8,D600
119,,1,0,,2018-09-10 12:01:06,1,2018-09-10 12:01:06,9999-12-31 23:59:59,0,IIN023068,,1,kg,2.83,D602
120,,1,0,,2018-09-10 12:01:06,1,2018-09-10 12:01:06,9999-12-31 23:59:59,0,IIN023068,,1,kg,2.82,D603
121,,1,0,,2018-09-10 12:01:06,1,2018-09-10 12:01:06,9999-12-31 23:59:59,0,IIN023068,,1,kg,2.83,D604
122,,1,0,,2018-09-10 12:01:06,1,2018-09-10 12:01:06,9999-12-31 23:59:59,0,IIN023068,,1,kg,2.8,D606
123,,1,0,,2018-09-10 12:01:06,1,2018-09-10 12:01:06,9999-12-31 23:59:59,0,IIN023068,,1,kg,2.79,D607
124,,1,0,,2018-09-10 12:01:06,1,2018-09-10 12:01:06,9999-12-31 23:59:59,0,IIN023068,,1,kg,2.81,D612
125,,1,0,,2018-09-10 12:01:06,1,2018-09-10 12:01:06,9999-12-31 23:59:59,0,IIN023068,,1,kg,2.8,D615
126,,1,0,,2018-09-10 12:01:06,1,2018-09-10 12:01:06,9999-12-31 23:59:59,0,IIN023068,,1,kg,2.82,D616
127,,1,0,,2018-09-10 12:01:06,1,2018-09-10 12:01:06,9999-12-31 23:59:59,0,IIN023068,,1,kg,2.8,D617
128,,1,0,,2018-09-10 12:01:06,1,2018-09-10 12:01:06,9999-12-31 23:59:59,0,IIN023068,,1,kg,2.81,D618
129,,1,0,,2018-09-10 12:01:06,1,2018-09-10 12:01:06,9999-12-31 23:59:59,0,IIN023071,,1,kg,1.79,D603
130,,1,0,,2018-09-10 12:01:06,1,2018-09-10 12:01:06,9999-12-31 23:59:59,0,IIN023071,,1,kg,1.86,D604
131,,1,0,,2018-09-10 12:01:06,1,2018-09-10 12:01:06,9999-12-31 23:59:59,0,IIN023071,,1,kg,1.83,D606
132,,1,0,,2018-09-10 12:01:06,1,2018-09-10 12:01:06,9999-12-31 23:59:59,0,IIN023071,,1,kg,1.73,D607
133,,1,0,,2018-09-10 12:01:06,1,2018-09-10 12:01:06,9999-12-31 23:59:59,0,IIN023071,,1,kg,1.73,D612
134,,1,0,,2018-09-10 12:01:06,1,2018-09-10 12:01:06,9999-12-31 23:59:59,0,IIN023071,,1,kg,1.89,D615
135,,1,0,,2018-09-10 12:01:06,1,2018-09-10 12:01:06,9999-12-31 23:59:59,0,IIN023071,,1,kg,1.94,D616
136,,1,0,,2018-09-10 12:01:06,1,2018-09-10 12:01:06,9999-12-31 23:59:59,0,IIN023071,,1,kg,1.92,D617
137,,1,0,,2018-09-10 12:01:06,1,2018-09-10 12:01:06,9999-12-31 23:59:59,0,IIN023072,,1,mt,233.8,D607
138,,1,0,,2018-09-10 12:01:06,1,2018-09-10 12:01:06,9999-12-31 23:59:59,0,IIN023073,,1,mt,236,D602
139,,1,0,,2018-09-10 12:01:06,1,2018-09-10 12:01:06,9999-12-31 23:59:59,0,IIN023073,,1,mt,252.72,D603
140,,1,0,,2018-09-10 12:01:06,1,2018-09-10 12:01:06,9999-12-31 23:59:59,0,IIN023073,,1,mt,268.21,D604
141,,1,0,,2018-09-10 12:01:06,1,2018-09-10 12:01:06,9999-12-31 23:59:59,0,IIN023073,,1,mt,239.6,D606
142,,1,0,,2018-09-10 12:01:06,1,2018-09-10 12:01:06,9999-12-31 23:59:59,0,IIN023073,,1,mt,244.46,D607
143,,1,0,,2018-09-10 12:01:06,1,2018-09-10 12:01:06,9999-12-31 23:59:59,0,IIN023073,,1,mt,234.89,D612
144,,1,0,,2018-09-10 12:01:06,1,2018-09-10 12:01:06,9999-12-31 23:59:59,0,IIN023073,,1,mt,277.32,D615
145,,1,0,,2018-09-10 12:01:06,1,2018-09-10 12:01:06,9999-12-31 23:59:59,0,IIN023073,,1,mt,233.69,D616
146,,1,0,,2018-09-10 12:01:06,1,2018-09-10 12:01:06,9999-12-31 23:59:59,0,IIN023073,,1,mt,241.99,D617
147,,1,0,,2018-09-10 12:01:06,1,2018-09-10 12:01:06,9999-12-31 23:59:59,0,IIN023074,,1,mt,220,D600
148,,1,0,,2018-09-10 12:01:06,1,2018-09-10 12:01:06,9999-12-31 23:59:59,0,IIN023074,,1,mt,230,D602
149,,1,0,,2018-09-10 12:01:06,1,2018-09-10 12:01:06,9999-12-31 23:59:59,0,IIN023074,,1,mt,245.13,D603
150,,1,0,,2018-09-10 12:01:06,1,2018-09-10 12:01:06,9999-12-31 23:59:59,0,IIN023074,,1,mt,260.94,D604
151,,1,0,,2018-09-10 12:01:06,1,2018-09-10 12:01:06,9999-12-31 23:59:59,0,IIN023074,,1,mt,234.41,D606
152,,1,0,,2018-09-10 12:01:06,1,2018-09-10 12:01:06,9999-12-31 23:59:59,0,IIN023074,,1,mt,241.89,D607
153,,1,0,,2018-09-10 12:01:06,1,2018-09-10 12:01:06,9999-12-31 23:59:59,0,IIN023074,,1,mt,229,D612
154,,1,0,,2018-09-10 12:01:06,1,2018-09-10 12:01:06,9999-12-31 23:59:59,0,IIN023074,,1,mt,239.21,D615
155,,1,0,,2018-09-10 12:01:06,1,2018-09-10 12:01:06,9999-12-31 23:59:59,0,IIN023074,,1,mt,230.91,D616
156,,1,0,,2018-09-10 12:01:06,1,2018-09-10 12:01:06,9999-12-31 23:59:59,0,IIN023074,,1,mt,236.82,D617
157,,1,0,,2018-09-10 12:01:06,1,2018-09-10 12:01:06,9999-12-31 23:59:59,0,IIN023074,,1,mt,231,D618
158,,1,0,,2018-09-10 12:01:06,1,2018-09-10 12:01:06,9999-12-31 23:59:59,0,IIN023079,,1,kg,13.21,D603
159,,1,0,,2018-09-10 12:01:06,1,2018-09-10 12:01:06,9999-12-31 23:59:59,0,IIN023082,,1,l,5.66,D604
160,,1,0,,2018-09-10 12:01:06,1,2018-09-10 12:01:06,9999-12-31 23:59:59,0,IIN023082,,1,l,6.25,D616
161,,1,0,,2018-09-10 12:01:06,1,2018-09-10 12:01:06,9999-12-31 23:59:59,0,IIN023083,,1,l,5.26,D604
162,,1,0,,2018-09-10 12:01:06,1,2018-09-10 12:01:06,9999-12-31 23:59:59,0,IIN023084,,1,l,6.24,D616
163,,1,0,,2018-09-10 12:01:06,1,2018-09-10 12:01:06,9999-12-31 23:59:59,0,IIN023085,,1,l,4.1,D600
164,,1,0,,2018-09-10 12:01:06,1,2018-09-10 12:01:06,9999-12-31 23:59:59,0,IIN023085,,1,l,4.11,D602
165,,1,0,,2018-09-10 12:01:06,1,2018-09-10 12:01:06,9999-12-31 23:59:59,0,IIN023085,,1,l,4.1,D603
166,,1,0,,2018-09-10 12:01:06,1,2018-09-10 12:01:06,9999-12-31 23:59:59,0,IIN023085,,1,l,4.1,D604
167,,1,0,,2018-09-10 12:01:06,1,2018-09-10 12:01:06,9999-12-31 23:59:59,0,IIN023085,,1,l,4.1,D606
168,,1,0,,2018-09-10 12:01:06,1,2018-09-10 12:01:06,9999-12-31 23:59:59,0,IIN023085,,1,l,4.1,D607
169,,1,0,,2018-09-10 12:01:06,1,2018-09-10 12:01:06,9999-12-31 23:59:59,0,IIN023085,,1,l,4.1,D612
170,,1,0,,2018-09-10 12:01:06,1,2018-09-10 12:01:06,9999-12-31 23:59:59,0,IIN023085,,1,l,4.44,D615
171,,1,0,,2018-09-10 12:01:06,1,2018-09-10 12:01:06,9999-12-31 23:59:59,0,IIN023085,,1,l,4.1,D616
172,,1,0,,2018-09-10 12:01:06,1,2018-09-10 12:01:06,9999-12-31 23:59:59,0,IIN023085,,1,l,4.1,D617
173,,1,0,,2018-09-10 12:01:06,1,2018-09-10 12:01:06,9999-12-31 23:59:59,0,IIN023085,,1,l,4.16,D618
174,,1,0,,2018-09-10 12:01:06,1,2018-09-10 12:01:06,9999-12-31 23:59:59,0,IIN023091,,1,kg,0.1,D602
175,,1,0,,2018-09-10 12:01:06,1,2018-09-10 12:01:06,9999-12-31 23:59:59,0,IIN023091,,1,kg,0.11,D603
176,,1,0,,2018-09-10 12:01:06,1,2018-09-10 12:01:06,9999-12-31 23:59:59,0,IIN023091,,1,kg,0.13,D604
177,,1,0,,2018-09-10 12:01:06,1,2018-09-10 12:01:06,9999-12-31 23:59:59,0,IIN023091,,1,kg,0.11,D606
178,,1,0,,2018-09-10 12:01:06,1,2018-09-10 12:01:06,9999-12-31 23:59:59,0,IIN023091,,1,kg,0.11,D607
179,,1,0,,2018-09-10 12:01:06,1,2018-09-10 12:01:06,9999-12-31 23:59:59,0,IIN023091,,1,kg,0.1,D612
180,,1,0,,2018-09-10 12:01:06,1,2018-09-10 12:01:06,9999-12-31 23:59:59,0,IIN023091,,1,kg,0.16,D615
181,,1,0,,2018-09-10 12:01:06,1,2018-09-10 12:01:06,9999-12-31 23:59:59,0,IIN023091,,1,kg,0.13,D617
182,,1,0,,2018-09-10 12:01:06,1,2018-09-10 12:01:06,9999-12-31 23:59:59,0,IIN023099,,1,kg,0.78,D602
183,,1,0,,2018-09-10 12:01:06,1,2018-09-10 12:01:06,9999-12-31 23:59:59,0,IIN023099,,1,kg,0.76,D603
184,,1,0,,2018-09-10 12:01:06,1,2018-09-10 12:01:06,9999-12-31 23:59:59,0,IIN023099,,1,kg,0.77,D604
185,,1,0,,2018-09-10 12:01:06,1,2018-09-10 12:01:06,9999-12-31 23:59:59,0,IIN023099,,1,kg,0.77,D606
186,,1,0,,2018-09-10 12:01:06,1,2018-09-10 12:01:06,9999-12-31 23:59:59,0,IIN023099,,1,kg,0.77,D607
187,,1,0,,2018-09-10 12:01:06,1,2018-09-10 12:01:06,9999-12-31 23:59:59,0,IIN023099,,1,kg,0.75,D612
188,,1,0,,2018-09-10 12:01:06,1,2018-09-10 12:01:06,9999-12-31 23:59:59,0,IIN023099,,1,kg,0.78,D615
189,,1,0,,2018-09-10 12:01:06,1,2018-09-10 12:01:06,9999-12-31 23:59:59,0,IIN023099,,1,kg,0.75,D616
190,,1,0,,2018-09-10 12:01:06,1,2018-09-10 12:01:06,9999-12-31 23:59:59,0,IIN023099,,1,kg,0.75,D617
191,,1,0,,2018-09-10 12:01:06,1,2018-09-10 12:01:06,9999-12-31 23:59:59,0,IIN023100,,1,kg,9.35,D603
192,,1,0,,2018-09-10 12:01:06,1,2018-09-10 12:01:06,9999-12-31 23:59:59,0,IIN023100,,1,kg,9.69,D604
193,,1,0,,2018-09-10 12:01:06,1,2018-09-10 12:01:06,9999-12-31 23:59:59,0,IIN023100,,1,kg,9.99,D612
194,,1,0,,2018-09-10 12:01:06,1,2018-09-10 12:01:06,9999-12-31 23:59:59,0,IIN023101,,1,kg,1.81,D612
195,,1,0,,2018-09-10 12:01:06,1,2018-09-10 12:01:06,9999-12-31 23:59:59,0,IIN023102,,1,kg,0.3,D602
196,,1,0,,2018-09-10 12:01:06,1,2018-09-10 12:01:06,9999-12-31 23:59:59,0,IIN023102,,1,kg,0.3,D603
197,,1,0,,2018-09-10 12:01:06,1,2018-09-10 12:01:06,9999-12-31 23:59:59,0,IIN023102,,1,kg,0.3,D604
198,,1,0,,2018-09-10 12:01:06,1,2018-09-10 12:01:06,9999-12-31 23:59:59,0,IIN023102,,1,kg,0.3,D606
199,,1,0,,2018-09-10 12:01:06,1,2018-09-10 12:01:06,9999-12-31 23:59:59,0,IIN023102,,1,kg,0.3,D607
200,,1,0,,2018-09-10 12:01:06,1,2018-09-10 12:01:06,9999-12-31 23:59:59,0,IIN023102,,1,kg,0.3,D612
201,,1,0,,2018-09-10 12:01:06,1,2018-09-10 12:01:06,9999-12-31 23:59:59,0,IIN023102,,1,kg,0.33,D615
202,,1,0,,2018-09-10 12:01:06,1,2018-09-10 12:01:06,9999-12-31 23:59:59,0,IIN023102,,1,kg,0.3,D616
203,,1,0,,2018-09-10 12:01:06,1,2018-09-10 12:01:06,9999-12-31 23:59:59,0,IIN023102,,1,kg,0.31,D617
204,,1,0,,2018-09-10 12:01:06,1,2018-09-10 12:01:06,9999-12-31 23:59:59,0,IIN023105,,1,kg,1.54,D604
205,,1,0,,2018-09-10 12:01:06,1,2018-09-10 12:01:06,9999-12-31 23:59:59,0,IIN023106,,1,l,3.71,D604
206,,1,0,,2018-09-10 12:01:06,1,2018-09-10 12:01:06,9999-12-31 23:59:59,0,IIN023106,,1,l,3.71,D617
207,,1,0,,2018-09-10 12:01:06,1,2018-09-10 12:01:06,9999-12-31 23:59:59,0,IIN023109,,1,kg,4.44,D604
208,,1,0,,2018-09-10 12:01:06,1,2018-09-10 12:01:06,9999-12-31 23:59:59,0,IIN023109,,1,kg,4.46,D606
209,,1,0,,2018-09-10 12:01:06,1,2018-09-10 12:01:06,9999-12-31 23:59:59,0,IIN023109,,1,kg,4.43,D612
210,,1,0,,2018-09-10 12:01:06,1,2018-09-10 12:01:06,9999-12-31 23:59:59,0,IIN023112,,1,kg,31.96,D616
211,,1,0,,2018-09-10 12:01:06,1,2018-09-10 12:01:06,9999-12-31 23:59:59,0,IIN023114,,1,kg,12.32,D604
212,,1,0,,2018-09-10 12:01:06,1,2018-09-10 12:01:06,9999-12-31 23:59:59,0,IIN023116,,1,mt,199,D602
213,,1,0,,2018-09-10 12:01:06,1,2018-09-10 12:01:06,9999-12-31 23:59:59,0,IIN023116,,1,mt,216.69,D603
214,,1,0,,2018-09-10 12:01:06,1,2018-09-10 12:01:06,9999-12-31 23:59:59,0,IIN023116,,1,mt,225.4,D604
215,,1,0,,2018-09-10 12:01:06,1,2018-09-10 12:01:06,9999-12-31 23:59:59,0,IIN023116,,1,mt,205.47,D606
216,,1,0,,2018-09-10 12:01:06,1,2018-09-10 12:01:06,9999-12-31 23:59:59,0,IIN023116,,1,mt,205.97,D607
217,,1,0,,2018-09-10 12:01:06,1,2018-09-10 12:01:06,9999-12-31 23:59:59,0,IIN023116,,1,mt,199.43,D612
218,,1,0,,2018-09-10 12:01:06,1,2018-09-10 12:01:06,9999-12-31 23:59:59,0,IIN023116,,1,mt,239.26,D615
219,,1,0,,2018-09-10 12:01:06,1,2018-09-10 12:01:06,9999-12-31 23:59:59,0,IIN023116,,1,mt,217.79,D616
220,,1,0,,2018-09-10 12:01:06,1,2018-09-10 12:01:06,9999-12-31 23:59:59,0,IIN023116,,1,mt,212.68,D617
221,,1,0,,2018-09-10 12:01:06,1,2018-09-10 12:01:06,9999-12-31 23:59:59,0,IIN023117,,1,l,8.53,D602
222,,1,0,,2018-09-10 12:01:06,1,2018-09-10 12:01:06,9999-12-31 23:59:59,0,IIN023117,,1,l,8.86,D603
223,,1,0,,2018-09-10 12:01:06,1,2018-09-10 12:01:06,9999-12-31 23:59:59,0,IIN023117,,1,l,8.86,D604
224,,1,0,,2018-09-10 12:01:06,1,2018-09-10 12:01:06,9999-12-31 23:59:59,0,IIN023117,,1,l,10.11,D607
225,,1,0,,2018-09-10 12:01:06,1,2018-09-10 12:01:06,9999-12-31 23:59:59,0,IIN023117,,1,l,8.21,D612
226,,1,0,,2018-09-10 12:01:06,1,2018-09-10 12:01:06,9999-12-31 23:59:59,0,IIN023117,,1,l,8.8,D615
227,,1,0,,2018-09-10 12:01:06,1,2018-09-10 12:01:06,9999-12-31 23:59:59,0,IIN023117,,1,l,8.69,D617
228,,1,0,,2018-09-10 12:01:06,1,2018-09-10 12:01:06,9999-12-31 23:59:59,0,IIN023119,,1,kg,0.66,D603
229,,1,0,,2018-09-10 12:01:06,1,2018-09-10 12:01:06,9999-12-31 23:59:59,0,IIN023119,,1,kg,0.65,D604
230,,1,0,,2018-09-10 12:01:06,1,2018-09-10 12:01:06,9999-12-31 23:59:59,0,IIN023119,,1,kg,0.62,D606
231,,1,0,,2018-09-10 12:01:06,1,2018-09-10 12:01:06,9999-12-31 23:59:59,0,IIN023119,,1,kg,0.59,D607
232,,1,0,,2018-09-10 12:01:06,1,2018-09-10 12:01:06,9999-12-31 23:59:59,0,IIN023119,,1,kg,0.71,D612
233,,1,0,,2018-09-10 12:01:06,1,2018-09-10 12:01:06,9999-12-31 23:59:59,0,IIN023119,,1,kg,0.97,D615
234,,1,0,,2018-09-10 12:01:06,1,2018-09-10 12:01:06,9999-12-31 23:59:59,0,IIN023119,,1,kg,1.07,D616
235,,1,0,,2018-09-10 12:01:06,1,2018-09-10 12:01:06,9999-12-31 23:59:59,0,IIN023119,,1,kg,0.67,D617
236,,1,0,,2018-09-10 12:01:06,1,2018-09-10 12:01:06,9999-12-31 23:59:59,0,IIN023122,,1,kg,0.52,D602
237,,1,0,,2018-09-10 12:01:06,1,2018-09-10 12:01:06,9999-12-31 23:59:59,0,IIN023122,,1,kg,0.52,D603
238,,1,0,,2018-09-10 12:01:06,1,2018-09-10 12:01:06,9999-12-31 23:59:59,0,IIN023122,,1,kg,0.52,D604
239,,1,0,,2018-09-10 12:01:06,1,2018-09-10 12:01:06,9999-12-31 23:59:59,0,IIN023122,,1,kg,0.52,D606
240,,1,0,,2018-09-10 12:01:06,1,2018-09-10 12:01:06,9999-12-31 23:59:59,0,IIN023122,,1,kg,0.53,D607
241,,1,0,,2018-09-10 12:01:06,1,2018-09-10 12:01:06,9999-12-31 23:59:59,0,IIN023122,,1,kg,0.52,D612
242,,1,0,,2018-09-10 12:01:06,1,2018-09-10 12:01:06,9999-12-31 23:59:59,0,IIN023122,,1,kg,0.53,D615
243,,1,0,,2018-09-10 12:01:06,1,2018-09-10 12:01:06,9999-12-31 23:59:59,0,IIN023122,,1,kg,0.67,D616
244,,1,0,,2018-09-10 12:01:06,1,2018-09-10 12:01:06,9999-12-31 23:59:59,0,IIN023122,,1,kg,0.52,D617
245,,1,0,,2018-09-10 12:01:06,1,2018-09-10 12:01:06,9999-12-31 23:59:59,0,IIN023129,,1,kg,11.85,D604
246,,1,0,,2018-09-10 12:01:06,1,2018-09-10 12:01:06,9999-12-31 23:59:59,0,IIN023129,,1,kg,11.85,D612
247,,1,0,,2018-09-10 12:01:06,1,2018-09-10 12:01:06,9999-12-31 23:59:59,0,IIN023130,,1,kg,9.57,D603
248,,1,0,,2018-09-10 12:01:06,1,2018-09-10 12:01:06,9999-12-31 23:59:59,0,IIN023130,,1,kg,8.98,D604
249,,1,0,,2018-09-10 12:01:06,1,2018-09-10 12:01:06,9999-12-31 23:59:59,0,IIN023130,,1,kg,9.57,D612
250,,1,0,,2018-09-10 12:01:06,1,2018-09-10 12:01:06,9999-12-31 23:59:59,0,IIN023131,,1,kg,5.5,D600
251,,1,0,,2018-09-10 12:01:06,1,2018-09-10 12:01:06,9999-12-31 23:59:59,0,IIN023131,,1,kg,5.5,D602
252,,1,0,,2018-09-10 12:01:06,1,2018-09-10 12:01:06,9999-12-31 23:59:59,0,IIN023131,,1,kg,5.5,D603
253,,1,0,,2018-09-10 12:01:06,1,2018-09-10 12:01:06,9999-12-31 23:59:59,0,IIN023131,,1,kg,5.5,D604
254,,1,0,,2018-09-10 12:01:06,1,2018-09-10 12:01:06,9999-12-31 23:59:59,0,IIN023131,,1,kg,5.56,D606
255,,1,0,,2018-09-10 12:01:06,1,2018-09-10 12:01:06,9999-12-31 23:59:59,0,IIN023131,,1,kg,5.51,D607
256,,1,0,,2018-09-10 12:01:06,1,2018-09-10 12:01:06,9999-12-31 23:59:59,0,IIN023131,,1,kg,5.5,D612
257,,1,0,,2018-09-10 12:01:06,1,2018-09-10 12:01:06,9999-12-31 23:59:59,0,IIN023131,,1,kg,5.88,D615
258,,1,0,,2018-09-10 12:01:06,1,2018-09-10 12:01:06,9999-12-31 23:59:59,0,IIN023131,,1,kg,5.5,D616
259,,1,0,,2018-09-10 12:01:06,1,2018-09-10 12:01:06,9999-12-31 23:59:59,0,IIN023131,,1,kg,5.5,D617
260,,1,0,,2018-09-10 12:01:06,1,2018-09-10 12:01:06,9999-12-31 23:59:59,0,IIN023132,,1,kg,9.8,D604
261,,1,0,,2018-09-10 12:01:06,1,2018-09-10 12:01:06,9999-12-31 23:59:59,0,IIN023132,,1,kg,9.8,D615
262,,1,0,,2018-09-10 12:01:06,1,2018-09-10 12:01:06,9999-12-31 23:59:59,0,IIN023146,,1,kg,1.57,D600
263,,1,0,,2018-09-10 12:01:06,1,2018-09-10 12:01:06,9999-12-31 23:59:59,0,IIN023146,,1,kg,1.41,D602
264,,1,0,,2018-09-10 12:01:06,1,2018-09-10 12:01:06,9999-12-31 23:59:59,0,IIN023146,,1,kg,1.82,D603
265,,1,0,,2018-09-10 12:01:06,1,2018-09-10 12:01:06,9999-12-31 23:59:59,0,IIN023146,,1,kg,1.58,D604
266,,1,0,,2018-09-10 12:01:06,1,2018-09-10 12:01:06,9999-12-31 23:59:59,0,IIN023146,,1,kg,1.83,D606
267,,1,0,,2018-09-10 12:01:06,1,2018-09-10 12:01:06,9999-12-31 23:59:59,0,IIN023146,,1,kg,1.41,D607
268,,1,0,,2018-09-10 12:01:06,1,2018-09-10 12:01:06,9999-12-31 23:59:59,0,IIN023146,,1,kg,1.89,D612
269,,1,0,,2018-09-10 12:01:06,1,2018-09-10 12:01:06,9999-12-31 23:59:59,0,IIN023146,,1,kg,1.83,D615
270,,1,0,,2018-09-10 12:01:06,1,2018-09-10 12:01:06,9999-12-31 23:59:59,0,IIN023146,,1,kg,1.44,D616
271,,1,0,,2018-09-10 12:01:06,1,2018-09-10 12:01:06,9999-12-31 23:59:59,0,IIN023146,,1,kg,1.45,D617
272,,1,0,,2018-09-10 12:01:06,1,2018-09-10 12:01:06,9999-12-31 23:59:59,0,IIN023146,,1,kg,1.45,D618
273,,1,0,,2018-09-10 12:01:06,1,2018-09-10 12:01:06,9999-12-31 23:59:59,0,IIN023147,,1000,kg,0.38,D602
274,,1,0,,2018-09-10 12:01:06,1,2018-09-10 12:01:06,9999-12-31 23:59:59,0,IIN023147,,1000,kg,0.38,D603
275,,1,0,,2018-09-10 12:01:06,1,2018-09-10 12:01:06,9999-12-31 23:59:59,0,IIN023147,,1000,kg,0.42,D604
276,,1,0,,2018-09-10 12:01:06,1,2018-09-10 12:01:06,9999-12-31 23:59:59,0,IIN023147,,1000,kg,0.36,D606
277,,1,0,,2018-09-10 12:01:06,1,2018-09-10 12:01:06,9999-12-31 23:59:59,0,IIN023147,,1000,kg,0.37,D607
278,,1,0,,2018-09-10 12:01:06,1,2018-09-10 12:01:06,9999-12-31 23:59:59,0,IIN023147,,1000,kg,0.36,D612
279,,1,0,,2018-09-10 12:01:06,1,2018-09-10 12:01:06,9999-12-31 23:59:59,0,IIN023147,,1000,kg,0.45,D615
280,,1,0,,2018-09-10 12:01:06,1,2018-09-10 12:01:06,9999-12-31 23:59:59,0,IIN023147,,1000,kg,0.42,D616
281,,1,0,,2018-09-10 12:01:06,1,2018-09-10 12:01:06,9999-12-31 23:59:59,0,IIN023147,,1000,kg,0.42,D617
282,,1,0,,2018-09-10 12:01:06,1,2018-09-10 12:01:06,9999-12-31 23:59:59,0,IIN023148,,1,kg,0.83,D604
283,,1,0,,2018-09-10 12:01:06,1,2018-09-10 12:01:06,9999-12-31 23:59:59,0,IIN023148,,1,kg,1.15,D616
284,,1,0,,2018-09-10 12:01:06,1,2018-09-10 12:01:06,9999-12-31 23:59:59,0,IIN023148,,1,kg,0.92,D617
285,,1,0,,2018-09-10 12:01:06,1,2018-09-10 12:01:06,9999-12-31 23:59:59,0,IIN023153,,1,kg,2.69,D604
286,,1,0,,2018-09-10 12:01:06,1,2018-09-10 12:01:06,9999-12-31 23:59:59,0,IIN023153,,1,kg,2.7,D615
287,,1,0,,2018-09-10 12:01:06,1,2018-09-10 12:01:06,9999-12-31 23:59:59,0,IIN023154,,1,l,2.88,D604
288,,1,0,,2018-09-10 12:01:06,1,2018-09-10 12:01:06,9999-12-31 23:59:59,0,IIN023155,,1,l,3.65,D616
289,,1,0,,2018-09-10 12:01:06,1,2018-09-10 12:01:06,9999-12-31 23:59:59,0,IIN023166,,1,l,3.3,D602
290,,1,0,,2018-09-10 12:01:06,1,2018-09-10 12:01:06,9999-12-31 23:59:59,0,IIN023166,,1,l,3.3,D603
291,,1,0,,2018-09-10 12:01:06,1,2018-09-10 12:01:06,9999-12-31 23:59:59,0,IIN023166,,1,l,3.3,D604
292,,1,0,,2018-09-10 12:01:06,1,2018-09-10 12:01:06,9999-12-31 23:59:59,0,IIN023166,,1,l,3.3,D607
293,,1,0,,2018-09-10 12:01:06,1,2018-09-10 12:01:06,9999-12-31 23:59:59,0,IIN023166,,1,l,3.3,D612
294,,1,0,,2018-09-10 12:01:06,1,2018-09-10 12:01:06,9999-12-31 23:59:59,0,IIN023166,,1,l,3.34,D615
295,,1,0,,2018-09-10 12:01:06,1,2018-09-10 12:01:06,9999-12-31 23:59:59,0,IIN023166,,1,l,3.44,D616
296,,1,0,,2018-09-10 12:01:06,1,2018-09-10 12:01:06,9999-12-31 23:59:59,0,IIN023166,,1,l,3.19,D617
297,,1,0,,2018-09-10 12:01:06,1,2018-09-10 12:01:06,9999-12-31 23:59:59,0,IIN023171,,1,kg,0.4,D602
298,,1,0,,2018-09-10 12:01:06,1,2018-09-10 12:01:06,9999-12-31 23:59:59,0,IIN023171,,1,kg,0.4,D603
299,,1,0,,2018-09-10 12:01:06,1,2018-09-10 12:01:06,9999-12-31 23:59:59,0,IIN023171,,1,kg,0.4,D604
300,,1,0,,2018-09-10 12:01:06,1,2018-09-10 12:01:06,9999-12-31 23:59:59,0,IIN023171,,1,kg,0.39,D606
301,,1,0,,2018-09-10 12:01:06,1,2018-09-10 12:01:06,9999-12-31 23:59:59,0,IIN023171,,1,kg,0.38,D607
302,,1,0,,2018-09-10 12:01:06,1,2018-09-10 12:01:06,9999-12-31 23:59:59,0,IIN023171,,1,kg,0.39,D612
303,,1,0,,2018-09-10 12:01:06,1,2018-09-10 12:01:06,9999-12-31 23:59:59,0,IIN023171,,1,kg,0.41,D615
304,,1,0,,2018-09-10 12:01:06,1,2018-09-10 12:01:06,9999-12-31 23:59:59,0,IIN023171,,1,kg,0.38,D616
305,,1,0,,2018-09-10 12:01:06,1,2018-09-10 12:01:06,9999-12-31 23:59:59,0,IIN023171,,1,kg,0.38,D617
306,,1,0,,2018-09-10 12:01:06,1,2018-09-10 12:01:06,9999-12-31 23:59:59,0,IIN023178,,1,kg,5.34,D602
307,,1,0,,2018-09-10 12:01:06,1,2018-09-10 12:01:06,9999-12-31 23:59:59,0,IIN023178,,1,kg,5.53,D604
308,,1,0,,2018-09-10 12:01:06,1,2018-09-10 12:01:06,9999-12-31 23:59:59,0,IIN023178,,1,kg,5.26,D606
309,,1,0,,2018-09-10 12:01:06,1,2018-09-10 12:01:06,9999-12-31 23:59:59,0,IIN023178,,1,kg,5.27,D607
310,,1,0,,2018-09-10 12:01:06,1,2018-09-10 12:01:06,9999-12-31 23:59:59,0,IIN023178,,1,kg,5.4,D612
311,,1,0,,2018-09-10 12:01:06,1,2018-09-10 12:01:06,9999-12-31 23:59:59,0,IIN023178,,1,kg,5.45,D615
312,,1,0,,2018-09-10 12:01:06,1,2018-09-10 12:01:06,9999-12-31 23:59:59,0,IIN023179,,1,kg,7.89,D600
313,,1,0,,2018-09-10 12:01:06,1,2018-09-10 12:01:06,9999-12-31 23:59:59,0,IIN023179,,1,kg,9.6,D602
314,,1,0,,2018-09-10 12:01:06,1,2018-09-10 12:01:06,9999-12-31 23:59:59,0,IIN023179,,1,kg,7.88,D603
315,,1,0,,2018-09-10 12:01:06,1,2018-09-10 12:01:06,9999-12-31 23:59:59,0,IIN023179,,1,kg,8.04,D604
316,,1,0,,2018-09-10 12:01:06,1,2018-09-10 12:01:06,9999-12-31 23:59:59,0,IIN023179,,1,kg,7.87,D606
317,,1,0,,2018-09-10 12:01:06,1,2018-09-10 12:01:06,9999-12-31 23:59:59,0,IIN023179,,1,kg,7.88,D607
318,,1,0,,2018-09-10 12:01:06,1,2018-09-10 12:01:06,9999-12-31 23:59:59,0,IIN023179,,1,kg,9.23,D612
319,,1,0,,2018-09-10 12:01:06,1,2018-09-10 12:01:06,9999-12-31 23:59:59,0,IIN023179,,1,kg,8.66,D615
320,,1,0,,2018-09-10 12:01:06,1,2018-09-10 12:01:06,9999-12-31 23:59:59,0,IIN023179,,1,kg,7.88,D616
321,,1,0,,2018-09-10 12:01:06,1,2018-09-10 12:01:06,9999-12-31 23:59:59,0,IIN023179,,1,kg,7.87,D617
322,,1,0,,2018-09-10 12:01:06,1,2018-09-10 12:01:06,9999-12-31 23:59:59,0,IIN023179,,1,kg,7.88,D618
323,,1,0,,2018-09-10 12:01:06,1,2018-09-10 12:01:06,9999-12-31 23:59:59,0,IIN023182,,1,l,4.98,D616
324,,1,0,,2018-09-10 12:01:06,1,2018-09-10 12:01:06,9999-12-31 23:59:59,0,IIN023188,,1,kg,0.33,D602
325,,1,0,,2018-09-10 12:01:06,1,2018-09-10 12:01:06,9999-12-31 23:59:59,0,IIN023188,,1,kg,0.31,D603
326,,1,0,,2018-09-10 12:01:06,1,2018-09-10 12:01:06,9999-12-31 23:59:59,0,IIN023188,,1,kg,0.39,D604
327,,1,0,,2018-09-10 12:01:06,1,2018-09-10 12:01:06,9999-12-31 23:59:59,0,IIN023188,,1,kg,0.32,D607
328,,1,0,,2018-09-10 12:01:06,1,2018-09-10 12:01:06,9999-12-31 23:59:59,0,IIN023188,,1,kg,0.31,D612
329,,1,0,,2018-09-10 12:01:06,1,2018-09-10 12:01:06,9999-12-31 23:59:59,0,IIN023188,,1,kg,0.31,D616
330,,1,0,,2018-09-10 12:01:06,1,2018-09-10 12:01:06,9999-12-31 23:59:59,0,IIN023188,,1,kg,0.31,D617
331,,1,0,,2018-09-10 12:01:06,1,2018-09-10 12:01:06,9999-12-31 23:59:59,0,IIN023189,,1,kg,0.61,D604
332,,1,0,,2018-09-10 12:01:06,1,2018-09-10 12:01:06,9999-12-31 23:59:59,0,IIN023192,,1,kg,2.8,D600
333,,1,0,,2018-09-10 12:01:06,1,2018-09-10 12:01:06,9999-12-31 23:59:59,0,IIN023192,,1,kg,2.76,D604
334,,1,0,,2018-09-10 12:01:06,1,2018-09-10 12:01:06,9999-12-31 23:59:59,0,IIN023192,,1,kg,2.8,D612
335,,1,0,,2018-09-10 12:01:06,1,2018-09-10 12:01:06,9999-12-31 23:59:59,0,IIN023192,,1,kg,2.72,D615
336,,1,0,,2018-09-10 12:01:06,1,2018-09-10 12:01:06,9999-12-31 23:59:59,0,IIN023193,,1,kg,2.95,D604
337,,1,0,,2018-09-10 12:01:06,1,2018-09-10 12:01:06,9999-12-31 23:59:59,0,IIN023193,,1,kg,2.83,D606
338,,1,0,,2018-09-10 12:01:06,1,2018-09-10 12:01:06,9999-12-31 23:59:59,0,IIN023193,,1,kg,2.83,D607
339,,1,0,,2018-09-10 12:01:06,1,2018-09-10 12:01:06,9999-12-31 23:59:59,0,IIN023193,,1,kg,2.82,D612
340,,1,0,,2018-09-10 12:01:06,1,2018-09-10 12:01:06,9999-12-31 23:59:59,0,IIN023194,,1,l,2.23,D602
341,,1,0,,2018-09-10 12:01:06,1,2018-09-10 12:01:06,9999-12-31 23:59:59,0,IIN023194,,1,l,1.48,D603
342,,1,0,,2018-09-10 12:01:06,1,2018-09-10 12:01:06,9999-12-31 23:59:59,0,IIN023194,,1,l,1.41,D612
343,,1,0,,2018-09-10 12:01:06,1,2018-09-10 12:01:06,9999-12-31 23:59:59,0,IIN023194,,1,l,2.09,D615
344,,1,0,,2018-09-10 12:01:06,1,2018-09-10 12:01:06,9999-12-31 23:59:59,0,IIN023195,,1,l,3.89,D602
345,,1,0,,2018-09-10 12:01:06,1,2018-09-10 12:01:06,9999-12-31 23:59:59,0,IIN023195,,1,l,3.74,D603
346,,1,0,,2018-09-10 12:01:06,1,2018-09-10 12:01:06,9999-12-31 23:59:59,0,IIN023195,,1,l,2.73,D604
347,,1,0,,2018-09-10 12:01:06,1,2018-09-10 12:01:06,9999-12-31 23:59:59,0,IIN023195,,1,l,2.46,D612
348,,1,0,,2018-09-10 12:01:06,1,2018-09-10 12:01:06,9999-12-31 23:59:59,0,IIN023195,,1,l,3.17,D615
349,,1,0,,2018-09-10 12:01:06,1,2018-09-10 12:01:06,9999-12-31 23:59:59,0,IIN023195,,1,l,2.61,D616
350,,1,0,,2018-09-10 12:01:06,1,2018-09-10 12:01:06,9999-12-31 23:59:59,0,IIN023196,,1,l,6.14,D607
351,,1,0,,2018-09-10 12:01:06,1,2018-09-10 12:01:06,9999-12-31 23:59:59,0,IIN023201,,1,l,4.6,D602
352,,1,0,,2018-09-10 12:01:06,1,2018-09-10 12:01:06,9999-12-31 23:59:59,0,IIN023201,,1,l,4.67,D603
353,,1,0,,2018-09-10 12:01:06,1,2018-09-10 12:01:06,9999-12-31 23:59:59,0,IIN023201,,1,l,4.26,D604
354,,1,0,,2018-09-10 12:01:06,1,2018-09-10 12:01:06,9999-12-31 23:59:59,0,IIN023201,,1,l,4.7,D606
355,,1,0,,2018-09-10 12:01:06,1,2018-09-10 12:01:06,9999-12-31 23:59:59,0,IIN023201,,1,l,4.7,D612
356,,1,0,,2018-09-10 12:01:06,1,2018-09-10 12:01:06,9999-12-31 23:59:59,0,IIN023201,,1,l,4.85,D615
357,,1,0,,2018-09-10 12:01:06,1,2018-09-10 12:01:06,9999-12-31 23:59:59,0,IIN023201,,1,l,4.98,D616
358,,1,0,,2018-09-10 12:01:06,1,2018-09-10 12:01:06,9999-12-31 23:59:59,0,IIN023203,,1,kg,0.18,D602
359,,1,0,,2018-09-10 12:01:06,1,2018-09-10 12:01:06,9999-12-31 23:59:59,0,IIN023203,,1,kg,0.11,D606
360,,1,0,,2018-09-10 12:01:06,1,2018-09-10 12:01:06,9999-12-31 23:59:59,0,IIN023203,,1,kg,0.17,D607
361,,1,0,,2018-09-10 12:01:06,1,2018-09-10 12:01:06,9999-12-31 23:59:59,0,IIN023203,,1,kg,0.11,D612
362,,1,0,,2018-09-10 12:01:06,1,2018-09-10 12:01:06,9999-12-31 23:59:59,0,IIN023204,,1,kg,0.14,D602
363,,1,0,,2018-09-10 12:01:06,1,2018-09-10 12:01:06,9999-12-31 23:59:59,0,IIN023204,,1,kg,0.09,D606
364,,1,0,,2018-09-10 12:01:06,1,2018-09-10 12:01:06,9999-12-31 23:59:59,0,IIN023204,,1,kg,0.13,D607
365,,1,0,,2018-09-10 12:01:06,1,2018-09-10 12:01:06,9999-12-31 23:59:59,0,IIN023204,,1,kg,0.08,D612
366,,1,0,,2018-09-10 12:01:06,1,2018-09-10 12:01:06,9999-12-31 23:59:59,0,IIN023205,,1,kg,0.29,D604
367,,1,0,,2018-09-10 12:01:06,1,2018-09-10 12:01:06,9999-12-31 23:59:59,0,IIN023205,,1,kg,0.1,D612
368,,1,0,,2018-09-10 12:01:06,1,2018-09-10 12:01:06,9999-12-31 23:59:59,0,IIN023207,,1,kg,1.09,D602
369,,1,0,,2018-09-10 12:01:06,1,2018-09-10 12:01:06,9999-12-31 23:59:59,0,IIN023207,,1,kg,1.09,D603
370,,1,0,,2018-09-10 12:01:06,1,2018-09-10 12:01:06,9999-12-31 23:59:59,0,IIN023207,,1,kg,1.09,D604
371,,1,0,,2018-09-10 12:01:06,1,2018-09-10 12:01:06,9999-12-31 23:59:59,0,IIN023207,,1,kg,1.11,D606
372,,1,0,,2018-09-10 12:01:06,1,2018-09-10 12:01:06,9999-12-31 23:59:59,0,IIN023207,,1,kg,1.1,D607
373,,1,0,,2018-09-10 12:01:06,1,2018-09-10 12:01:06,9999-12-31 23:59:59,0,IIN023207,,1,kg,1.09,D612
374,,1,0,,2018-09-10 12:01:06,1,2018-09-10 12:01:06,9999-12-31 23:59:59,0,IIN023207,,1,kg,1.08,D615
375,,1,0,,2018-09-10 12:01:06,1,2018-09-10 12:01:06,9999-12-31 23:59:59,0,IIN023207,,1,kg,1.4,D616
376,,1,0,,2018-09-10 12:01:06,1,2018-09-10 12:01:06,9999-12-31 23:59:59,0,IIN023207,,1,kg,1.4,D617
377,,1,0,,2018-09-10 12:01:06,1,2018-09-10 12:01:06,9999-12-31 23:59:59,0,IIN023208,,1,kg,0.67,D607
378,,1,0,,2018-09-10 12:01:06,1,2018-09-10 12:01:06,9999-12-31 23:59:59,0,IIN023208,,1,kg,0.69,D617
379,,1,0,,2018-09-10 12:01:06,1,2018-09-10 12:01:06,9999-12-31 23:59:59,0,IIN023209,,1,kg,2.82,D612
380,,1,0,,2018-09-10 12:01:06,1,2018-09-10 12:01:06,9999-12-31 23:59:59,0,IIN023212,,1,kg,17.2,D602
381,,1,0,,2018-09-10 12:01:06,1,2018-09-10 12:01:06,9999-12-31 23:59:59,0,IIN023212,,1,kg,17.17,D603
382,,1,0,,2018-09-10 12:01:06,1,2018-09-10 12:01:06,9999-12-31 23:59:59,0,IIN023212,,1,kg,17.21,D604
383,,1,0,,2018-09-10 12:01:06,1,2018-09-10 12:01:06,9999-12-31 23:59:59,0,IIN023212,,1,kg,16.99,D606
384,,1,0,,2018-09-10 12:01:06,1,2018-09-10 12:01:06,9999-12-31 23:59:59,0,IIN023212,,1,kg,17.16,D607
385,,1,0,,2018-09-10 12:01:06,1,2018-09-10 12:01:06,9999-12-31 23:59:59,0,IIN023212,,1,kg,17.19,D612
386,,1,0,,2018-09-10 12:01:06,1,2018-09-10 12:01:06,9999-12-31 23:59:59,0,IIN023212,,1,kg,17.11,D615
387,,1,0,,2018-09-10 12:01:06,1,2018-09-10 12:01:06,9999-12-31 23:59:59,0,IIN023212,,1,kg,11.97,D616
388,,1,0,,2018-09-10 12:01:06,1,2018-09-10 12:01:06,9999-12-31 23:59:59,0,IIN023212,,1,kg,17.19,D617
389,,1,0,,2018-09-10 12:01:06,1,2018-09-10 12:01:06,9999-12-31 23:59:59,0,IIN023214,,1,l,6.35,D604
390,,1,0,,2018-09-10 12:01:06,1,2018-09-10 12:01:06,9999-12-31 23:59:59,0,IIN023217,,1,kg,1.68,D603
391,,1,0,,2018-09-10 12:01:06,1,2018-09-10 12:01:06,9999-12-31 23:59:59,0,IIN023217,,1,kg,2.06,D604
392,,1,0,,2018-09-10 12:01:06,1,2018-09-10 12:01:06,9999-12-31 23:59:59,0,IIN023217,,1,kg,2.5,D612
393,,1,0,,2018-09-10 12:01:06,1,2018-09-10 12:01:06,9999-12-31 23:59:59,0,IIN023217,,1,kg,1.67,D615
394,,1,0,,2018-09-10 12:01:06,1,2018-09-10 12:01:06,9999-12-31 23:59:59,0,IIN023217,,1,kg,1.63,D617
395,,1,0,,2018-09-10 12:01:06,1,2018-09-10 12:01:06,9999-12-31 23:59:59,0,IIN023217,,1,kg,1.62,D618
396,,1,0,,2018-09-10 12:01:06,1,2018-09-10 12:01:06,9999-12-31 23:59:59,0,IIN023221,,1,kg,1.56,D603
397,,1,0,,2018-09-10 12:01:06,1,2018-09-10 12:01:06,9999-12-31 23:59:59,0,IIN023221,,1,kg,1.56,D604
398,,1,0,,2018-09-10 12:01:06,1,2018-09-10 12:01:06,9999-12-31 23:59:59,0,IIN023221,,1,kg,1.56,D612
399,,1,0,,2018-09-10 12:01:06,1,2018-09-10 12:01:06,9999-12-31 23:59:59,0,IIN023221,,1,kg,1.65,D615
400,,1,0,,2018-09-10 12:01:06,1,2018-09-10 12:01:06,9999-12-31 23:59:59,0,IIN023222,,1,kg,0.56,D602
401,,1,0,,2018-09-10 12:01:06,1,2018-09-10 12:01:06,9999-12-31 23:59:59,0,IIN023222,,1,kg,1,D603
402,,1,0,,2018-09-10 12:01:06,1,2018-09-10 12:01:06,9999-12-31 23:59:59,0,IIN023222,,1,kg,0.98,D604
403,,1,0,,2018-09-10 12:01:06,1,2018-09-10 12:01:06,9999-12-31 23:59:59,0,IIN023222,,1,kg,0.97,D606
404,,1,0,,2018-09-10 12:01:06,1,2018-09-10 12:01:06,9999-12-31 23:59:59,0,IIN023222,,1,kg,0.87,D607
405,,1,0,,2018-09-10 12:01:06,1,2018-09-10 12:01:06,9999-12-31 23:59:59,0,IIN023222,,1,kg,0.99,D612
406,,1,0,,2018-09-10 12:01:06,1,2018-09-10 12:01:06,9999-12-31 23:59:59,0,IIN023222,,1,kg,0.94,D615
407,,1,0,,2018-09-10 12:01:06,1,2018-09-10 12:01:06,9999-12-31 23:59:59,0,IIN023222,,1,kg,1.05,D616
408,,1,0,,2018-09-10 12:01:06,1,2018-09-10 12:01:06,9999-12-31 23:59:59,0,IIN023222,,1,kg,1.3,D617
409,,1,0,,2018-09-10 12:01:06,1,2018-09-10 12:01:06,9999-12-31 23:59:59,0,IIN023234,,1,kg,11.36,D603
410,,1,0,,2018-09-10 12:01:06,1,2018-09-10 12:01:06,9999-12-31 23:59:59,0,IIN023234,,1,kg,9.09,D604
411,,1,0,,2018-09-10 12:01:06,1,2018-09-10 12:01:06,9999-12-31 23:59:59,0,IIN023234,,1,kg,11.37,D612
412,,1,0,,2018-09-10 12:01:06,1,2018-09-10 12:01:06,9999-12-31 23:59:59,0,IIN023234,,1,kg,9.69,D615
413,,1,0,,2018-09-10 12:01:06,1,2018-09-10 12:01:06,9999-12-31 23:59:59,0,IIN023234,,1,kg,13.1,D616
414,,1,0,,2018-09-10 12:01:06,1,2018-09-10 12:01:06,9999-12-31 23:59:59,0,IIN023235,,1,l,6.18,D604
415,,1,0,,2018-09-10 12:01:06,1,2018-09-10 12:01:06,9999-12-31 23:59:59,0,IIN023235,,1,l,5.73,D607
416,,1,0,,2018-09-10 12:01:06,1,2018-09-10 12:01:06,9999-12-31 23:59:59,0,IIN023235,,1,l,6.59,D612
417,,1,0,,2018-09-10 12:01:06,1,2018-09-10 12:01:06,9999-12-31 23:59:59,0,IIN023235,,1,l,5.78,D615
418,,1,0,,2018-09-10 12:01:06,1,2018-09-10 12:01:06,9999-12-31 23:59:59,0,IIN023235,,1,l,6.86,D616
419,,1,0,,2018-09-10 12:01:06,1,2018-09-10 12:01:06,9999-12-31 23:59:59,0,IIN023235,,1,l,6.59,D618
420,,1,0,,2018-09-10 12:01:06,1,2018-09-10 12:01:06,9999-12-31 23:59:59,0,IIN023236,,1,l,4.96,D603
421,,1,0,,2018-09-10 12:01:06,1,2018-09-10 12:01:06,9999-12-31 23:59:59,0,IIN023237,,1,l,2.75,D600
422,,1,0,,2018-09-10 12:01:06,1,2018-09-10 12:01:06,9999-12-31 23:59:59,0,IIN023237,,1,l,2.75,D602
423,,1,0,,2018-09-10 12:01:06,1,2018-09-10 12:01:06,9999-12-31 23:59:59,0,IIN023237,,1,l,2.75,D603
424,,1,0,,2018-09-10 12:01:06,1,2018-09-10 12:01:06,9999-12-31 23:59:59,0,IIN023237,,1,l,2.75,D604
425,,1,0,,2018-09-10 12:01:06,1,2018-09-10 12:01:06,9999-12-31 23:59:59,0,IIN023237,,1,l,2.75,D606
426,,1,0,,2018-09-10 12:01:06,1,2018-09-10 12:01:06,9999-12-31 23:59:59,0,IIN023237,,1,l,2.75,D607
427,,1,0,,2018-09-10 12:01:06,1,2018-09-10 12:01:06,9999-12-31 23:59:59,0,IIN023237,,1,l,2.75,D612
428,,1,0,,2018-09-10 12:01:06,1,2018-09-10 12:01:06,9999-12-31 23:59:59,0,IIN023237,,1,l,2.75,D615
429,,1,0,,2018-09-10 12:01:06,1,2018-09-10 12:01:06,9999-12-31 23:59:59,0,IIN023237,,1,l,2.75,D616
430,,1,0,,2018-09-10 12:01:06,1,2018-09-10 12:01:06,9999-12-31 23:59:59,0,IIN023237,,1,l,2.75,D617
431,,1,0,,2018-09-10 12:01:06,1,2018-09-10 12:01:06,9999-12-31 23:59:59,0,IIN023237,,1,l,2.75,D618
432,,1,0,,2018-09-10 12:01:06,1,2018-09-10 12:01:06,9999-12-31 23:59:59,0,IIN023240,,1,l,4.32,D602
433,,1,0,,2018-09-10 12:01:06,1,2018-09-10 12:01:06,9999-12-31 23:59:59,0,IIN023240,,1,l,4.3,D603
434,,1,0,,2018-09-10 12:01:06,1,2018-09-10 12:01:06,9999-12-31 23:59:59,0,IIN023242,,1,l,3.57,D602
435,,1,0,,2018-09-10 12:01:06,1,2018-09-10 12:01:06,9999-12-31 23:59:59,0,IIN023242,,1,l,3.54,D603
436,,1,0,,2018-09-10 12:01:06,1,2018-09-10 12:01:06,9999-12-31 23:59:59,0,IIN023242,,1,l,3.56,D604
437,,1,0,,2018-09-10 12:01:06,1,2018-09-10 12:01:06,9999-12-31 23:59:59,0,IIN023242,,1,l,3.54,D606
438,,1,0,,2018-09-10 12:01:06,1,2018-09-10 12:01:06,9999-12-31 23:59:59,0,IIN023242,,1,l,3.54,D607
439,,1,0,,2018-09-10 12:01:06,1,2018-09-10 12:01:06,9999-12-31 23:59:59,0,IIN023242,,1,l,3.54,D612
440,,1,0,,2018-09-10 12:01:06,1,2018-09-10 12:01:06,9999-12-31 23:59:59,0,IIN023242,,1,l,3.82,D615
441,,1,0,,2018-09-10 12:01:06,1,2018-09-10 12:01:06,9999-12-31 23:59:59,0,IIN023242,,1,l,3.62,D617
442,,1,0,,2018-09-10 12:01:06,1,2018-09-10 12:01:06,9999-12-31 23:59:59,0,IIN023420,,1,ea,156.32,D603
443,,1,0,,2018-09-10 12:01:06,1,2018-09-10 12:01:06,9999-12-31 23:59:59,0,IIN023420,,1,ea,155.37,D604
444,,1,0,,2018-09-10 12:01:06,1,2018-09-10 12:01:06,9999-12-31 23:59:59,0,IIN023420,,1,ea,151.23,D606
445,,1,0,,2018-09-10 12:01:06,1,2018-09-10 12:01:06,9999-12-31 23:59:59,0,IIN023420,,1,ea,156.32,D607
446,,1,0,,2018-09-10 12:01:06,1,2018-09-10 12:01:06,9999-12-31 23:59:59,0,IIN023421,,1,ea,155.9,D603
447,,1,0,,2018-09-10 12:01:06,1,2018-09-10 12:01:06,9999-12-31 23:59:59,0,IIN023421,,1,ea,157.41,D604
448,,1,0,,2018-09-10 12:01:06,1,2018-09-10 12:01:06,9999-12-31 23:59:59,0,IIN023421,,1,ea,151.66,D606
449,,1,0,,2018-09-10 12:01:06,1,2018-09-10 12:01:06,9999-12-31 23:59:59,0,IIN023421,,1,ea,155.89,D607
450,,1,0,,2018-09-10 12:01:06,1,2018-09-10 12:01:06,9999-12-31 23:59:59,0,IIN023421,,1,ea,156.32,D615
451,,1,0,,2018-09-10 12:01:06,1,2018-09-10 12:01:06,9999-12-31 23:59:59,0,IIN023422,,1,ea,89.58,D606
452,,1,0,,2018-09-10 12:01:06,1,2018-09-10 12:01:06,9999-12-31 23:59:59,0,IIN023422,,1,ea,94.94,D607
453,,1,0,,2018-09-10 12:01:06,1,2018-09-10 12:01:06,9999-12-31 23:59:59,0,IIN023422,,1,ea,89.58,D615
454,,1,0,,2018-09-10 12:01:06,1,2018-09-10 12:01:06,9999-12-31 23:59:59,0,IIN023423,,1,ea,475.38,D602
455,,1,0,,2018-09-10 12:01:06,1,2018-09-10 12:01:06,9999-12-31 23:59:59,0,IIN023423,,1,ea,455.63,D603
456,,1,0,,2018-09-10 12:01:06,1,2018-09-10 12:01:06,9999-12-31 23:59:59,0,IIN023423,,1,ea,445.87,D604
457,,1,0,,2018-09-10 12:01:06,1,2018-09-10 12:01:06,9999-12-31 23:59:59,0,IIN023423,,1,ea,447.15,D606
458,,1,0,,2018-09-10 12:01:06,1,2018-09-10 12:01:06,9999-12-31 23:59:59,0,IIN023423,,1,ea,475.38,D607
459,,1,0,,2018-09-10 12:01:06,1,2018-09-10 12:01:06,9999-12-31 23:59:59,0,IIN023423,,1,ea,475.38,D618
460,,1,0,,2018-09-10 12:01:06,1,2018-09-10 12:01:06,9999-12-31 23:59:59,0,IIN023424,,1,ea,517,D602
461,,1,0,,2018-09-10 12:01:06,1,2018-09-10 12:01:06,9999-12-31 23:59:59,0,IIN023424,,1,ea,427.63,D604
462,,1,0,,2018-09-10 12:01:06,1,2018-09-10 12:01:06,9999-12-31 23:59:59,0,IIN023424,,1,ea,485.72,D606
463,,1,0,,2018-09-10 12:01:06,1,2018-09-10 12:01:06,9999-12-31 23:59:59,0,IIN023424,,1,ea,517,D607
464,,1,0,,2018-09-10 12:01:06,1,2018-09-10 12:01:06,9999-12-31 23:59:59,0,IIN023425,,1,ea,338.55,D603
465,,1,0,,2018-09-10 12:01:06,1,2018-09-10 12:01:06,9999-12-31 23:59:59,0,IIN023425,,1,ea,340.76,D604
466,,1,0,,2018-09-10 12:01:06,1,2018-09-10 12:01:06,9999-12-31 23:59:59,0,IIN023427,,1,ea,149.55,D603
467,,1,0,,2018-09-10 12:01:06,1,2018-09-10 12:01:06,9999-12-31 23:59:59,0,IIN023427,,1,ea,150,D604
468,,1,0,,2018-09-10 12:01:06,1,2018-09-10 12:01:06,9999-12-31 23:59:59,0,IIN023427,,1,ea,150.03,D606
469,,1,0,,2018-09-10 12:01:06,1,2018-09-10 12:01:06,9999-12-31 23:59:59,0,IIN023427,,1,ea,150,D607
470,,1,0,,2018-09-10 12:01:06,1,2018-09-10 12:01:06,9999-12-31 23:59:59,0,IIN023428,,1,ea,498.97,D606
471,,1,0,,2018-09-10 12:01:06,1,2018-09-10 12:01:06,9999-12-31 23:59:59,0,IIN023428,,1,ea,433.32,D607
472,,1,0,,2018-09-10 12:01:06,1,2018-09-10 12:01:06,9999-12-31 23:59:59,0,IIN023429,,1,ea,425.05,D606
473,,1,0,,2018-09-10 12:01:06,1,2018-09-10 12:01:06,9999-12-31 23:59:59,0,IIN023430,,1,ea,23,D604
474,,1,0,,2018-09-10 12:01:06,1,2018-09-10 12:01:06,9999-12-31 23:59:59,0,IIN023431,,1,ea,36.42,D604
475,,1,0,,2018-09-10 12:01:06,1,2018-09-10 12:01:06,9999-12-31 23:59:59,0,IIN023431,,1,ea,36.42,D615
476,,1,0,,2018-09-10 12:01:06,1,2018-09-10 12:01:06,9999-12-31 23:59:59,0,IIN023432,,1,ea,24.72,D604
477,,1,0,,2018-09-10 12:01:06,1,2018-09-10 12:01:06,9999-12-31 23:59:59,0,IIN023432,,1,ea,23.5,D615
478,,1,0,,2018-09-10 12:01:06,1,2018-09-10 12:01:06,9999-12-31 23:59:59,0,IIN023433,,1,ea,22.66,D600
479,,1,0,,2018-09-10 12:01:06,1,2018-09-10 12:01:06,9999-12-31 23:59:59,0,IIN023433,,1,ea,25.06,D602
480,,1,0,,2018-09-10 12:01:06,1,2018-09-10 12:01:06,9999-12-31 23:59:59,0,IIN023433,,1,ea,24.34,D603
481,,1,0,,2018-09-10 12:01:06,1,2018-09-10 12:01:06,9999-12-31 23:59:59,0,IIN023433,,1,ea,26.13,D604
482,,1,0,,2018-09-10 12:01:06,1,2018-09-10 12:01:06,9999-12-31 23:59:59,0,IIN023433,,1,ea,24.22,D606
483,,1,0,,2018-09-10 12:01:06,1,2018-09-10 12:01:06,9999-12-31 23:59:59,0,IIN023433,,1,ea,24.41,D607
484,,1,0,,2018-09-10 12:01:06,1,2018-09-10 12:01:06,9999-12-31 23:59:59,0,IIN023433,,1,ea,22.66,D615
485,,1,0,,2018-09-10 12:01:06,1,2018-09-10 12:01:06,9999-12-31 23:59:59,0,IIN023433,,1,ea,24.97,D616
486,,1,0,,2018-09-10 12:01:06,1,2018-09-10 12:01:06,9999-12-31 23:59:59,0,IIN023433,,1,ea,24.47,D617
487,,1,0,,2018-09-10 12:01:06,1,2018-09-10 12:01:06,9999-12-31 23:59:59,0,IIN023433,,1,ea,24.44,D618
488,,1,0,,2018-09-10 12:01:06,1,2018-09-10 12:01:06,9999-12-31 23:59:59,0,IIN023434,,1,ea,24.67,D600
489,,1,0,,2018-09-10 12:01:06,1,2018-09-10 12:01:06,9999-12-31 23:59:59,0,IIN023435,,1,ea,24.35,D600
490,,1,0,,2018-09-10 12:01:06,1,2018-09-10 12:01:06,9999-12-31 23:59:59,0,IIN023435,,1,ea,24.35,D602
491,,1,0,,2018-09-10 12:01:06,1,2018-09-10 12:01:06,9999-12-31 23:59:59,0,IIN023435,,1,ea,24.35,D603
492,,1,0,,2018-09-10 12:01:06,1,2018-09-10 12:01:06,9999-12-31 23:59:59,0,IIN023435,,1,ea,23.41,D604
493,,1,0,,2018-09-10 12:01:06,1,2018-09-10 12:01:06,9999-12-31 23:59:59,0,IIN023435,,1,ea,24.35,D606
494,,1,0,,2018-09-10 12:01:06,1,2018-09-10 12:01:06,9999-12-31 23:59:59,0,IIN023435,,1,ea,24.35,D607
495,,1,0,,2018-09-10 12:01:06,1,2018-09-10 12:01:06,9999-12-31 23:59:59,0,IIN023435,,1,ea,27.6,D615
496,,1,0,,2018-09-10 12:01:06,1,2018-09-10 12:01:06,9999-12-31 23:59:59,0,IIN023435,,1,ea,23.37,D616
497,,1,0,,2018-09-10 12:01:06,1,2018-09-10 12:01:06,9999-12-31 23:59:59,0,IIN023435,,1,ea,24.35,D617
498,,1,0,,2018-09-10 12:01:06,1,2018-09-10 12:01:06,9999-12-31 23:59:59,0,IIN023435,,1,ea,24.35,D618
499,,1,0,,2018-09-10 12:01:06,1,2018-09-10 12:01:06,9999-12-31 23:59:59,0,IIN023437,,1,ea,42.33,D604
500,,1,0,,2018-09-10 12:01:06,1,2018-09-10 12:01:06,9999-12-31 23:59:59,0,IIN023437,,1,ea,42.33,D615
501,,1,0,,2018-09-10 12:01:06,1,2018-09-10 12:01:06,9999-12-31 23:59:59,0,IIN023437,,1,ea,43,D616
502,,1,0,,2018-09-10 12:01:06,1,2018-09-10 12:01:06,9999-12-31 23:59:59,0,IIN023439,,1,ea,37.19,D600
503,,1,0,,2018-09-10 12:01:06,1,2018-09-10 12:01:06,9999-12-31 23:59:59,0,IIN023439,,1,ea,37.19,D602
504,,1,0,,2018-09-10 12:01:06,1,2018-09-10 12:01:06,9999-12-31 23:59:59,0,IIN023439,,1,ea,37.67,D603
505,,1,0,,2018-09-10 12:01:06,1,2018-09-10 12:01:06,9999-12-31 23:59:59,0,IIN023439,,1,ea,37.26,D604
506,,1,0,,2018-09-10 12:01:06,1,2018-09-10 12:01:06,9999-12-31 23:59:59,0,IIN023439,,1,ea,37.17,D607
507,,1,0,,2018-09-10 12:01:06,1,2018-09-10 12:01:06,9999-12-31 23:59:59,0,IIN023439,,1,ea,34.39,D615
508,,1,0,,2018-09-10 12:01:06,1,2018-09-10 12:01:06,9999-12-31 23:59:59,0,IIN023439,,1,ea,36.86,D616
509,,1,0,,2018-09-10 12:01:06,1,2018-09-10 12:01:06,9999-12-31 23:59:59,0,IIN023439,,1,ea,37.23,D617
510,,1,0,,2018-09-10 12:01:06,1,2018-09-10 12:01:06,9999-12-31 23:59:59,0,IIN023440,,1,ea,38.05,D606
511,,1,0,,2018-09-10 12:01:06,1,2018-09-10 12:01:06,9999-12-31 23:59:59,0,IIN023441,,1,ea,33.15,D600
512,,1,0,,2018-09-10 12:01:06,1,2018-09-10 12:01:06,9999-12-31 23:59:59,0,IIN023441,,1,ea,33.15,D602
513,,1,0,,2018-09-10 12:01:06,1,2018-09-10 12:01:06,9999-12-31 23:59:59,0,IIN023441,,1,ea,32.52,D603
514,,1,0,,2018-09-10 12:01:06,1,2018-09-10 12:01:06,9999-12-31 23:59:59,0,IIN023441,,1,ea,33.16,D604
515,,1,0,,2018-09-10 12:01:06,1,2018-09-10 12:01:06,9999-12-31 23:59:59,0,IIN023441,,1,ea,32.1,D607
516,,1,0,,2018-09-10 12:01:06,1,2018-09-10 12:01:06,9999-12-31 23:59:59,0,IIN023441,,1,ea,35.72,D615
517,,1,0,,2018-09-10 12:01:06,1,2018-09-10 12:01:06,9999-12-31 23:59:59,0,IIN023441,,1,ea,31.85,D616
518,,1,0,,2018-09-10 12:01:06,1,2018-09-10 12:01:06,9999-12-31 23:59:59,0,IIN023441,,1,ea,33.16,D617
519,,1,0,,2018-09-10 12:01:06,1,2018-09-10 12:01:06,9999-12-31 23:59:59,0,IIN023442,,1,ea,29.16,D606
520,,1,0,,2018-09-10 12:01:06,1,2018-09-10 12:01:06,9999-12-31 23:59:59,0,IIN023443,,1,ea,35.33,D604
521,,1,0,,2018-09-10 12:01:06,1,2018-09-10 12:01:06,9999-12-31 23:59:59,0,IIN023445,,1,ea,63,D600
522,,1,0,,2018-09-10 12:01:06,1,2018-09-10 12:01:06,9999-12-31 23:59:59,0,IIN023445,,1,ea,63,D602
523,,1,0,,2018-09-10 12:01:06,1,2018-09-10 12:01:06,9999-12-31 23:59:59,0,IIN023445,,1,ea,63,D603
524,,1,0,,2018-09-10 12:01:06,1,2018-09-10 12:01:06,9999-12-31 23:59:59,0,IIN023445,,1,ea,63,D604
525,,1,0,,2018-09-10 12:01:06,1,2018-09-10 12:01:06,9999-12-31 23:59:59,0,IIN023445,,1,ea,63,D606
526,,1,0,,2018-09-10 12:01:06,1,2018-09-10 12:01:06,9999-12-31 23:59:59,0,IIN023445,,1,ea,63,D607
527,,1,0,,2018-09-10 12:01:06,1,2018-09-10 12:01:06,9999-12-31 23:59:59,0,IIN023445,,1,ea,65.47,D615
528,,1,0,,2018-09-10 12:01:06,1,2018-09-10 12:01:06,9999-12-31 23:59:59,0,IIN023445,,1,ea,63,D616
529,,1,0,,2018-09-10 12:01:06,1,2018-09-10 12:01:06,9999-12-31 23:59:59,0,IIN023445,,1,ea,63.13,D617
530,,1,0,,2018-09-10 12:01:06,1,2018-09-10 12:01:06,9999-12-31 23:59:59,0,IIN023445,,1,ea,63,D618
531,,1,0,,2018-09-10 12:01:06,1,2018-09-10 12:01:06,9999-12-31 23:59:59,0,IIN023446,,1,ea,63,D600
532,,1,0,,2018-09-10 12:01:06,1,2018-09-10 12:01:06,9999-12-31 23:59:59,0,IIN023446,,1,ea,62.92,D616
533,,1,0,,2018-09-10 12:01:06,1,2018-09-10 12:01:06,9999-12-31 23:59:59,0,IIN023447,,1,ea,63,D600
534,,1,0,,2018-09-10 12:01:06,1,2018-09-10 12:01:06,9999-12-31 23:59:59,0,IIN023447,,1,ea,63,D602
535,,1,0,,2018-09-10 12:01:06,1,2018-09-10 12:01:06,9999-12-31 23:59:59,0,IIN023447,,1,ea,63,D603
536,,1,0,,2018-09-10 12:01:06,1,2018-09-10 12:01:06,9999-12-31 23:59:59,0,IIN023447,,1,ea,63,D604
537,,1,0,,2018-09-10 12:01:06,1,2018-09-10 12:01:06,9999-12-31 23:59:59,0,IIN023447,,1,ea,63,D606
538,,1,0,,2018-09-10 12:01:06,1,2018-09-10 12:01:06,9999-12-31 23:59:59,0,IIN023447,,1,ea,63,D607
539,,1,0,,2018-09-10 12:01:06,1,2018-09-10 12:01:06,9999-12-31 23:59:59,0,IIN023447,,1,ea,62.31,D615
540,,1,0,,2018-09-10 12:01:06,1,2018-09-10 12:01:06,9999-12-31 23:59:59,0,IIN023447,,1,ea,62.98,D616
541,,1,0,,2018-09-10 12:01:06,1,2018-09-10 12:01:06,9999-12-31 23:59:59,0,IIN023447,,1,ea,63,D617
542,,1,0,,2018-09-10 12:01:06,1,2018-09-10 12:01:06,9999-12-31 23:59:59,0,IIN023447,,1,ea,63,D618
543,,1,0,,2018-09-10 12:01:06,1,2018-09-10 12:01:06,9999-12-31 23:59:59,0,IIN023449,,1,ea,44.78,D600
544,,1,0,,2018-09-10 12:01:06,1,2018-09-10 12:01:06,9999-12-31 23:59:59,0,IIN023449,,1,ea,41.15,D603
545,,1,0,,2018-09-10 12:01:06,1,2018-09-10 12:01:06,9999-12-31 23:59:59,0,IIN023449,,1,ea,41.39,D604
546,,1,0,,2018-09-10 12:01:06,1,2018-09-10 12:01:06,9999-12-31 23:59:59,0,IIN023449,,1,ea,44.49,D606
547,,1,0,,2018-09-10 12:01:06,1,2018-09-10 12:01:06,9999-12-31 23:59:59,0,IIN023449,,1,ea,44.88,D607
548,,1,0,,2018-09-10 12:01:06,1,2018-09-10 12:01:06,9999-12-31 23:59:59,0,IIN023449,,1,ea,42.31,D615
549,,1,0,,2018-09-10 12:01:06,1,2018-09-10 12:01:06,9999-12-31 23:59:59,0,IIN023449,,1,ea,42.1,D616
550,,1,0,,2018-09-10 12:01:06,1,2018-09-10 12:01:06,9999-12-31 23:59:59,0,IIN023449,,1,ea,43.78,D617
551,,1,0,,2018-09-10 12:01:06,1,2018-09-10 12:01:06,9999-12-31 23:59:59,0,IIN023449,,1,ea,43.94,D618
552,,1,0,,2018-09-10 12:01:06,1,2018-09-10 12:01:06,9999-12-31 23:59:59,0,IIN023451,,1,ea,79.26,D603
553,,1,0,,2018-09-10 12:01:06,1,2018-09-10 12:01:06,9999-12-31 23:59:59,0,IIN023451,,1,ea,76.77,D604
554,,1,0,,2018-09-10 12:01:06,1,2018-09-10 12:01:06,9999-12-31 23:59:59,0,IIN023451,,1,ea,79.26,D615
555,,1,0,,2018-09-10 12:01:06,1,2018-09-10 12:01:06,9999-12-31 23:59:59,0,IIN023452,,1,ea,76.79,D603
556,,1,0,,2018-09-10 12:01:06,1,2018-09-10 12:01:06,9999-12-31 23:59:59,0,IIN023452,,1,ea,74.49,D604
557,,1,0,,2018-09-10 12:01:06,1,2018-09-10 12:01:06,9999-12-31 23:59:59,0,IIN023453,,1,ea,94.43,D600
558,,1,0,,2018-09-10 12:01:06,1,2018-09-10 12:01:06,9999-12-31 23:59:59,0,IIN023453,,1,ea,94.6,D602
559,,1,0,,2018-09-10 12:01:06,1,2018-09-10 12:01:06,9999-12-31 23:59:59,0,IIN023453,,1,ea,93.2,D603
560,,1,0,,2018-09-10 12:01:06,1,2018-09-10 12:01:06,9999-12-31 23:59:59,0,IIN023453,,1,ea,94.13,D604
561,,1,0,,2018-09-10 12:01:06,1,2018-09-10 12:01:06,9999-12-31 23:59:59,0,IIN023453,,1,ea,93.2,D607
562,,1,0,,2018-09-10 12:01:06,1,2018-09-10 12:01:06,9999-12-31 23:59:59,0,IIN023453,,1,ea,129,D615
563,,1,0,,2018-09-10 12:01:06,1,2018-09-10 12:01:06,9999-12-31 23:59:59,0,IIN023453,,1,ea,93.99,D616
564,,1,0,,2018-09-10 12:01:06,1,2018-09-10 12:01:06,9999-12-31 23:59:59,0,IIN023453,,1,ea,93.04,D617
565,,1,0,,2018-09-10 12:01:06,1,2018-09-10 12:01:06,9999-12-31 23:59:59,0,IIN023453,,1,ea,96,D618
566,,1,0,,2018-09-10 12:01:06,1,2018-09-10 12:01:06,9999-12-31 23:59:59,0,IIN023454,,1,ea,92.56,D606
567,,1,0,,2018-09-10 12:01:06,1,2018-09-10 12:01:06,9999-12-31 23:59:59,0,IIN023455,,1,ea,90.5,D600
568,,1,0,,2018-09-10 12:01:06,1,2018-09-10 12:01:06,9999-12-31 23:59:59,0,IIN023455,,1,ea,91,D602
569,,1,0,,2018-09-10 12:01:06,1,2018-09-10 12:01:06,9999-12-31 23:59:59,0,IIN023455,,1,ea,90.07,D603
570,,1,0,,2018-09-10 12:01:06,1,2018-09-10 12:01:06,9999-12-31 23:59:59,0,IIN023455,,1,ea,90.47,D604
571,,1,0,,2018-09-10 12:01:06,1,2018-09-10 12:01:06,9999-12-31 23:59:59,0,IIN023455,,1,ea,91,D607
572,,1,0,,2018-09-10 12:01:06,1,2018-09-10 12:01:06,9999-12-31 23:59:59,0,IIN023455,,1,ea,90.34,D615
573,,1,0,,2018-09-10 12:01:06,1,2018-09-10 12:01:06,9999-12-31 23:59:59,0,IIN023455,,1,ea,90.5,D616
574,,1,0,,2018-09-10 12:01:06,1,2018-09-10 12:01:06,9999-12-31 23:59:59,0,IIN023455,,1,ea,90.14,D617
575,,1,0,,2018-09-10 12:01:06,1,2018-09-10 12:01:06,9999-12-31 23:59:59,0,IIN023455,,1,ea,89.43,D618
576,,1,0,,2018-09-10 12:01:06,1,2018-09-10 12:01:06,9999-12-31 23:59:59,0,IIN023456,,1,ea,88.5,D606
577,,1,0,,2018-09-10 12:01:06,1,2018-09-10 12:01:06,9999-12-31 23:59:59,0,IIN023456,,1,ea,88.5,D616
578,,1,0,,2018-09-10 12:01:06,1,2018-09-10 12:01:06,9999-12-31 23:59:59,0,IIN023457,,1,ea,74,D600
579,,1,0,,2018-09-10 12:01:06,1,2018-09-10 12:01:06,9999-12-31 23:59:59,0,IIN023457,,1,ea,52,D603
580,,1,0,,2018-09-10 12:01:06,1,2018-09-10 12:01:06,9999-12-31 23:59:59,0,IIN023457,,1,ea,64.5,D604
581,,1,0,,2018-09-10 12:01:06,1,2018-09-10 12:01:06,9999-12-31 23:59:59,0,IIN023457,,1,ea,69.9,D606
582,,1,0,,2018-09-10 12:01:06,1,2018-09-10 12:01:06,9999-12-31 23:59:59,0,IIN023457,,1,ea,70.7,D607
583,,1,0,,2018-09-10 12:01:06,1,2018-09-10 12:01:06,9999-12-31 23:59:59,0,IIN023457,,1,ea,64.5,D615
584,,1,0,,2018-09-10 12:01:06,1,2018-09-10 12:01:06,9999-12-31 23:59:59,0,IIN023457,,1,ea,69.15,D616
585,,1,0,,2018-09-10 12:01:06,1,2018-09-10 12:01:06,9999-12-31 23:59:59,0,IIN023457,,1,ea,64.63,D617
586,,1,0,,2018-09-10 12:01:06,1,2018-09-10 12:01:06,9999-12-31 23:59:59,0,IIN023457,,1,ea,72.22,D618
587,,1,0,,2018-09-10 12:01:06,1,2018-09-10 12:01:06,9999-12-31 23:59:59,0,IIN023458,,1,ea,24,D604
588,,1,0,,2018-09-10 12:01:06,1,2018-09-10 12:01:06,9999-12-31 23:59:59,0,IIN023458,,1,ea,24,D615
589,,1,0,,2018-09-10 12:01:06,1,2018-09-10 12:01:06,9999-12-31 23:59:59,0,IIN023459,,1,ea,24,D604
590,,1,0,,2018-09-10 12:01:06,1,2018-09-10 12:01:06,9999-12-31 23:59:59,0,IIN023459,,1,ea,24,D615
591,,1,0,,2018-09-10 12:01:06,1,2018-09-10 12:01:06,9999-12-31 23:59:59,0,IIN023460,,1,ea,103.19,D600
592,,1,0,,2018-09-10 12:01:06,1,2018-09-10 12:01:06,9999-12-31 23:59:59,0,IIN023460,,1,ea,106.4,D602
593,,1,0,,2018-09-10 12:01:06,1,2018-09-10 12:01:06,9999-12-31 23:59:59,0,IIN023460,,1,ea,107.18,D603
594,,1,0,,2018-09-10 12:01:06,1,2018-09-10 12:01:06,9999-12-31 23:59:59,0,IIN023460,,1,ea,103.19,D604
595,,1,0,,2018-09-10 12:01:06,1,2018-09-10 12:01:06,9999-12-31 23:59:59,0,IIN023460,,1,ea,107.86,D606
596,,1,0,,2018-09-10 12:01:06,1,2018-09-10 12:01:06,9999-12-31 23:59:59,0,IIN023460,,1,ea,103.66,D607
597,,1,0,,2018-09-10 12:01:06,1,2018-09-10 12:01:06,9999-12-31 23:59:59,0,IIN023460,,1,ea,190.35,D615
598,,1,0,,2018-09-10 12:01:06,1,2018-09-10 12:01:06,9999-12-31 23:59:59,0,IIN023460,,1,ea,105.37,D616
599,,1,0,,2018-09-10 12:01:06,1,2018-09-10 12:01:06,9999-12-31 23:59:59,0,IIN023460,,1,ea,215.77,D618
600,,1,0,,2018-09-10 12:01:06,1,2018-09-10 12:01:06,9999-12-31 23:59:59,0,IIN023462,,1,ea,109,D600
601,,1,0,,2018-09-10 12:01:06,1,2018-09-10 12:01:06,9999-12-31 23:59:59,0,IIN023462,,1,ea,107.69,D602
602,,1,0,,2018-09-10 12:01:06,1,2018-09-10 12:01:06,9999-12-31 23:59:59,0,IIN023462,,1,ea,109,D603
603,,1,0,,2018-09-10 12:01:06,1,2018-09-10 12:01:06,9999-12-31 23:59:59,0,IIN023462,,1,ea,109,D604
604,,1,0,,2018-09-10 12:01:06,1,2018-09-10 12:01:06,9999-12-31 23:59:59,0,IIN023462,,1,ea,109,D606
605,,1,0,,2018-09-10 12:01:06,1,2018-09-10 12:01:06,9999-12-31 23:59:59,0,IIN023462,,1,ea,108.38,D607
606,,1,0,,2018-09-10 12:01:06,1,2018-09-10 12:01:06,9999-12-31 23:59:59,0,IIN023462,,1,ea,105.07,D615
607,,1,0,,2018-09-10 12:01:06,1,2018-09-10 12:01:06,9999-12-31 23:59:59,0,IIN023462,,1,ea,109,D616
608,,1,0,,2018-09-10 12:01:06,1,2018-09-10 12:01:06,9999-12-31 23:59:59,0,IIN023462,,1,ea,109,D617
609,,1,0,,2018-09-10 12:01:06,1,2018-09-10 12:01:06,9999-12-31 23:59:59,0,IIN023462,,1,ea,109,D618
610,,1,0,,2018-09-10 12:01:06,1,2018-09-10 12:01:06,9999-12-31 23:59:59,0,IIN023463,,1,ea,105.38,D616
611,,1,0,,2018-09-10 12:01:06,1,2018-09-10 12:01:06,9999-12-31 23:59:59,0,IIN023464,,1,ea,80,D600
612,,1,0,,2018-09-10 12:01:06,1,2018-09-10 12:01:06,9999-12-31 23:59:59,0,IIN023464,,1,ea,79.79,D602
613,,1,0,,2018-09-10 12:01:06,1,2018-09-10 12:01:06,9999-12-31 23:59:59,0,IIN023464,,1,ea,79.51,D603
614,,1,0,,2018-09-10 12:01:06,1,2018-09-10 12:01:06,9999-12-31 23:59:59,0,IIN023464,,1,ea,79.3,D604
615,,1,0,,2018-09-10 12:01:06,1,2018-09-10 12:01:06,9999-12-31 23:59:59,0,IIN023464,,1,ea,79.94,D606
616,,1,0,,2018-09-10 12:01:06,1,2018-09-10 12:01:06,9999-12-31 23:59:59,0,IIN023464,,1,ea,79.79,D607
617,,1,0,,2018-09-10 12:01:06,1,2018-09-10 12:01:06,9999-12-31 23:59:59,0,IIN023464,,1,ea,71.01,D615
618,,1,0,,2018-09-10 12:01:06,1,2018-09-10 12:01:06,9999-12-31 23:59:59,0,IIN023464,,1,ea,79.98,D616
619,,1,0,,2018-09-10 12:01:06,1,2018-09-10 12:01:06,9999-12-31 23:59:59,0,IIN023464,,1,ea,80,D617
620,,1,0,,2018-09-10 12:01:06,1,2018-09-10 12:01:06,9999-12-31 23:59:59,0,IIN023464,,1,ea,80.39,D618
621,,1,0,,2018-09-10 12:01:06,1,2018-09-10 12:01:06,9999-12-31 23:59:59,0,IIN023465,,1,ea,155.97,D602
622,,1,0,,2018-09-10 12:01:06,1,2018-09-10 12:01:06,9999-12-31 23:59:59,0,IIN023465,,1,ea,146.24,D603
623,,1,0,,2018-09-10 12:01:06,1,2018-09-10 12:01:06,9999-12-31 23:59:59,0,IIN023465,,1,ea,115.81,D604
624,,1,0,,2018-09-10 12:01:06,1,2018-09-10 12:01:06,9999-12-31 23:59:59,0,IIN023465,,1,ea,164.5,D606
625,,1,0,,2018-09-10 12:01:06,1,2018-09-10 12:01:06,9999-12-31 23:59:59,0,IIN023465,,1,ea,141.5,D607
626,,1,0,,2018-09-10 12:01:06,1,2018-09-10 12:01:06,9999-12-31 23:59:59,0,IIN023570,,1,mt,180,D606
627,,1,0,,2018-09-10 12:01:06,1,2018-09-10 12:01:06,9999-12-31 23:59:59,0,IIN032465,,1,kg,10.7,D600
628,,1,0,,2018-09-10 12:01:06,1,2018-09-10 12:01:06,9999-12-31 23:59:59,0,IIN032465,,1,kg,10.25,D602
629,,1,0,,2018-09-10 12:01:06,1,2018-09-10 12:01:06,9999-12-31 23:59:59,0,IIN032465,,1,kg,10.27,D603
630,,1,0,,2018-09-10 12:01:06,1,2018-09-10 12:01:06,9999-12-31 23:59:59,0,IIN032465,,1,kg,10.63,D604
631,,1,0,,2018-09-10 12:01:06,1,2018-09-10 12:01:06,9999-12-31 23:59:59,0,IIN032465,,1,kg,11.1,D606
632,,1,0,,2018-09-10 12:01:06,1,2018-09-10 12:01:06,9999-12-31 23:59:59,0,IIN032465,,1,kg,11.3,D607
633,,1,0,,2018-09-10 12:01:06,1,2018-09-10 12:01:06,9999-12-31 23:59:59,0,IIN032465,,1,kg,10.51,D612
634,,1,0,,2018-09-10 12:01:06,1,2018-09-10 12:01:06,9999-12-31 23:59:59,0,IIN032465,,1,kg,10.72,D615
635,,1,0,,2018-09-10 12:01:06,1,2018-09-10 12:01:06,9999-12-31 23:59:59,0,IIN032465,,1,kg,11.31,D616
636,,1,0,,2018-09-10 12:01:06,1,2018-09-10 12:01:06,9999-12-31 23:59:59,0,IIN032465,,1,kg,11.31,D617
637,,1,0,,2018-09-10 12:01:06,1,2018-09-10 12:01:06,9999-12-31 23:59:59,0,IIN032465,,1,kg,10.77,D618
638,,1,0,,2018-09-10 12:01:06,1,2018-09-10 12:01:06,9999-12-31 23:59:59,0,IIN036720,,1,ea,307.15,D603
639,,1,0,,2018-09-10 12:01:06,1,2018-09-10 12:01:06,9999-12-31 23:59:59,0,IIN036720,,1,ea,306.68,D604
640,,1,0,,2018-09-10 12:01:06,1,2018-09-10 12:01:06,9999-12-31 23:59:59,0,IIN036720,,1,ea,389.49,D607
641,,1,0,,2018-09-10 12:01:06,1,2018-09-10 12:01:06,9999-12-31 23:59:59,0,IIN036720,,1,ea,307.16,D615
642,,1,0,,2018-09-10 12:01:06,1,2018-09-10 12:01:06,9999-12-31 23:59:59,0,IIN036720,,1,ea,418.17,D616
643,,1,0,,2018-09-10 12:01:06,1,2018-09-10 12:01:06,9999-12-31 23:59:59,0,IIN036720,,1,ea,412.88,D617
644,,1,0,,2018-09-10 12:01:06,1,2018-09-10 12:01:06,9999-12-31 23:59:59,0,IIN036720,,1,ea,385.19,D618
645,,1,0,,2018-09-10 12:01:06,1,2018-09-10 12:01:06,9999-12-31 23:59:59,0,IIN036721,,1,ea,134,D603
646,,1,0,,2018-09-10 12:01:06,1,2018-09-10 12:01:06,9999-12-31 23:59:59,0,IIN036721,,1,ea,134,D604
647,,1,0,,2018-09-10 12:01:06,1,2018-09-10 12:01:06,9999-12-31 23:59:59,0,IIN036721,,1,ea,388.43,D607
648,,1,0,,2018-09-10 12:01:06,1,2018-09-10 12:01:06,9999-12-31 23:59:59,0,IIN036721,,1,ea,249.71,D615
649,,1,0,,2018-09-10 12:01:06,1,2018-09-10 12:01:06,9999-12-31 23:59:59,0,IIN036721,,1,ea,418.46,D616
650,,1,0,,2018-09-10 12:01:06,1,2018-09-10 12:01:06,9999-12-31 23:59:59,0,IIN036721,,1,ea,392.76,D617
651,,1,0,,2018-09-10 12:01:06,1,2018-09-10 12:01:06,9999-12-31 23:59:59,0,IIN036721,,1,ea,372.15,D618
652,,1,0,,2018-09-10 12:01:06,1,2018-09-10 12:01:06,9999-12-31 23:59:59,0,IIN038098,,1,l,4.99,D615
653,,1,0,,2018-09-10 12:01:06,1,2018-09-10 12:01:06,9999-12-31 23:59:59,0,IIN038276,,1,kg,11.89,D604
654,,1,0,,2018-09-10 12:01:06,1,2018-09-10 12:01:06,9999-12-31 23:59:59,0,IIN038276,,1,kg,11.67,D615
655,,1,0,,2018-09-10 12:01:06,1,2018-09-10 12:01:06,9999-12-31 23:59:59,0,IIN038353,,1,ea,70.98,D604
656,,1,0,,2018-09-10 12:01:06,1,2018-09-10 12:01:06,9999-12-31 23:59:59,0,IIN038354,,1,ea,70.45,D604
657,,1,0,,2018-09-10 12:01:06,1,2018-09-10 12:01:06,9999-12-31 23:59:59,0,IIN040784,,1,ea,344.83,D606
658,,1,0,,2018-09-10 12:01:06,1,2018-09-10 12:01:06,9999-12-31 23:59:59,0,IIN040784,,1,ea,349.16,D607
659,,1,0,,2018-09-10 12:01:06,1,2018-09-10 12:01:06,9999-12-31 23:59:59,0,IIN040784,,1,ea,323.55,D617
660,,1,0,,2018-09-10 12:01:06,1,2018-09-10 12:01:06,9999-12-31 23:59:59,0,IIN041176,,1,kg,4.52,D603
661,,1,0,,2018-09-10 12:01:06,1,2018-09-10 12:01:06,9999-12-31 23:59:59,0,IIN041176,,1,kg,4.55,D604
662,,1,0,,2018-09-10 12:01:06,1,2018-09-10 12:01:06,9999-12-31 23:59:59,0,IIN041176,,1,kg,5.17,D606
663,,1,0,,2018-09-10 12:01:06,1,2018-09-10 12:01:06,9999-12-31 23:59:59,0,IIN041176,,1,kg,4.5,D612
664,,1,0,,2018-09-10 12:01:06,1,2018-09-10 12:01:06,9999-12-31 23:59:59,0,IIN041176,,1,kg,5.1,D615
665,,1,0,,2018-09-10 12:01:06,1,2018-09-10 12:01:06,9999-12-31 23:59:59,0,IIN049712,,1,kg,17.7,D606
666,,1,0,,2018-09-10 12:01:06,1,2018-09-10 12:01:06,9999-12-31 23:59:59,0,IIN049712,,1,kg,17.65,D607
667,,1,0,,2018-09-10 12:01:06,1,2018-09-10 12:01:06,9999-12-31 23:59:59,0,IIN049713,,1,kg,13.08,D600
668,,1,0,,2018-09-10 12:01:06,1,2018-09-10 12:01:06,9999-12-31 23:59:59,0,IIN049713,,1,kg,13.89,D602
669,,1,0,,2018-09-10 12:01:06,1,2018-09-10 12:01:06,9999-12-31 23:59:59,0,IIN049713,,1,kg,13.74,D603
670,,1,0,,2018-09-10 12:01:06,1,2018-09-10 12:01:06,9999-12-31 23:59:59,0,IIN049713,,1,kg,13.64,D604
671,,1,0,,2018-09-10 12:01:06,1,2018-09-10 12:01:06,9999-12-31 23:59:59,0,IIN049713,,1,kg,13.62,D607
672,,1,0,,2018-09-10 12:01:06,1,2018-09-10 12:01:06,9999-12-31 23:59:59,0,IIN049713,,1,kg,13.76,D612
673,,1,0,,2018-09-10 12:01:06,1,2018-09-10 12:01:06,9999-12-31 23:59:59,0,IIN049713,,1,kg,13.81,D615
674,,1,0,,2018-09-10 12:01:06,1,2018-09-10 12:01:06,9999-12-31 23:59:59,0,IIN049713,,1,kg,13.63,D616
675,,1,0,,2018-09-10 12:01:06,1,2018-09-10 12:01:06,9999-12-31 23:59:59,0,IIN049713,,1,kg,13.23,D617
676,,1,0,,2018-09-10 12:01:06,1,2018-09-10 12:01:06,9999-12-31 23:59:59,0,IIN049713,,1,kg,13.07,D618
677,,1,0,,2018-09-10 12:01:06,1,2018-09-10 12:01:06,9999-12-31 23:59:59,0,IIN051265,,1,l,4.68,D615
678,,1,0,,2018-09-10 12:01:06,1,2018-09-10 12:01:06,9999-12-31 23:59:59,0,IIN052225,,1,kg,2.43,D602
679,,1,0,,2018-09-10 12:01:06,1,2018-09-10 12:01:06,9999-12-31 23:59:59,0,IIN052225,,1,kg,2.44,D603
680,,1,0,,2018-09-10 12:01:06,1,2018-09-10 12:01:06,9999-12-31 23:59:59,0,IIN052225,,1,kg,2.42,D604
681,,1,0,,2018-09-10 12:01:06,1,2018-09-10 12:01:06,9999-12-31 23:59:59,0,IIN052225,,1,kg,2.47,D606
682,,1,0,,2018-09-10 12:01:06,1,2018-09-10 12:01:06,9999-12-31 23:59:59,0,IIN052225,,1,kg,2.42,D607
683,,1,0,,2018-09-10 12:01:06,1,2018-09-10 12:01:06,9999-12-31 23:59:59,0,IIN052225,,1,kg,2.42,D612
684,,1,0,,2018-09-10 12:01:06,1,2018-09-10 12:01:06,9999-12-31 23:59:59,0,IIN052225,,1,kg,2.51,D615
685,,1,0,,2018-09-10 12:01:06,1,2018-09-10 12:01:06,9999-12-31 23:59:59,0,IIN052225,,1,kg,2.57,D616
686,,1,0,,2018-09-10 12:01:06,1,2018-09-10 12:01:06,9999-12-31 23:59:59,0,IIN052225,,1,kg,2.42,D617
687,,1,0,,2018-09-10 12:01:06,1,2018-09-10 12:01:06,9999-12-31 23:59:59,0,IIN052225,,1,kg,2.42,D618
688,,1,0,,2018-09-10 12:01:06,1,2018-09-10 12:01:06,9999-12-31 23:59:59,0,IIN052295,,1,ea,1600,D606
689,,1,0,,2018-09-10 12:01:06,1,2018-09-10 12:01:06,9999-12-31 23:59:59,0,IIN053502,,1,ea,353.67,D606
690,,1,0,,2018-09-10 12:01:06,1,2018-09-10 12:01:06,9999-12-31 23:59:59,0,IIN053502,,1,ea,371.21,D607
691,,1,0,,2018-09-10 12:01:06,1,2018-09-10 12:01:06,9999-12-31 23:59:59,0,IIN054179,,1,l,6.67,D604
692,,1,0,,2018-09-10 12:01:06,1,2018-09-10 12:01:06,9999-12-31 23:59:59,0,IIN054769,,1,kg,0.21,D602
693,,1,0,,2018-09-10 12:01:06,1,2018-09-10 12:01:06,9999-12-31 23:59:59,0,IIN054769,,1,kg,0.22,D604
694,,1,0,,2018-09-10 12:01:06,1,2018-09-10 12:01:06,9999-12-31 23:59:59,0,IIN054769,,1,kg,0.23,D606
695,,1,0,,2018-09-10 12:01:06,1,2018-09-10 12:01:06,9999-12-31 23:59:59,0,IIN054769,,1,kg,0.23,D607
696,,1,0,,2018-09-10 12:01:06,1,2018-09-10 12:01:06,9999-12-31 23:59:59,0,IIN054770,,1,kg,1.01,D602
697,,1,0,,2018-09-10 12:01:06,1,2018-09-10 12:01:06,9999-12-31 23:59:59,0,IIN054770,,1,kg,0.48,D603
698,,1,0,,2018-09-10 12:01:06,1,2018-09-10 12:01:06,9999-12-31 23:59:59,0,IIN054770,,1,kg,0.49,D604
699,,1,0,,2018-09-10 12:01:06,1,2018-09-10 12:01:06,9999-12-31 23:59:59,0,IIN054770,,1,kg,0.49,D612
700,,1,0,,2018-09-10 12:01:06,1,2018-09-10 12:01:06,9999-12-31 23:59:59,0,IIN054770,,1,kg,0.52,D615
701,,1,0,,2018-09-10 12:01:06,1,2018-09-10 12:01:06,9999-12-31 23:59:59,0,IIN054770,,1,kg,0.12,D616
702,,1,0,,2018-09-10 12:01:06,1,2018-09-10 12:01:06,9999-12-31 23:59:59,0,IIN054770,,1,kg,0.5,D617
703,,1,0,,2018-09-10 12:01:06,1,2018-09-10 12:01:06,9999-12-31 23:59:59,0,IIN054774,,1,l,6.34,D602
704,,1,0,,2018-09-10 12:01:06,1,2018-09-10 12:01:06,9999-12-31 23:59:59,0,IIN054774,,1,l,6.3,D603
705,,1,0,,2018-09-10 12:01:06,1,2018-09-10 12:01:06,9999-12-31 23:59:59,0,IIN054774,,1,l,4.84,D604
706,,1,0,,2018-09-10 12:01:06,1,2018-09-10 12:01:06,9999-12-31 23:59:59,0,IIN054774,,1,l,6.34,D607
707,,1,0,,2018-09-10 12:01:06,1,2018-09-10 12:01:06,9999-12-31 23:59:59,0,IIN054774,,1,l,4.86,D612
708,,1,0,,2018-09-10 12:01:06,1,2018-09-10 12:01:06,9999-12-31 23:59:59,0,IIN054774,,1,l,4.93,D615
709,,1,0,,2018-09-10 12:01:06,1,2018-09-10 12:01:06,9999-12-31 23:59:59,0,IIN054774,,1,l,4.98,D616
710,,1,0,,2018-09-10 12:01:06,1,2018-09-10 12:01:06,9999-12-31 23:59:59,0,IIN054775,,1,kg,0.13,D616
711,,1,0,,2018-09-10 12:01:06,1,2018-09-10 12:01:06,9999-12-31 23:59:59,0,IIN054776,,1,kg,1.54,D602
712,,1,0,,2018-09-10 12:01:06,1,2018-09-10 12:01:06,9999-12-31 23:59:59,0,IIN054776,,1,kg,1.52,D603
713,,1,0,,2018-09-10 12:01:06,1,2018-09-10 12:01:06,9999-12-31 23:59:59,0,IIN054776,,1,kg,1.48,D604
714,,1,0,,2018-09-10 12:01:06,1,2018-09-10 12:01:06,9999-12-31 23:59:59,0,IIN054776,,1,kg,1.54,D606
715,,1,0,,2018-09-10 12:01:06,1,2018-09-10 12:01:06,9999-12-31 23:59:59,0,IIN054776,,1,kg,1.54,D612
716,,1,0,,2018-09-10 12:01:06,1,2018-09-10 12:01:06,9999-12-31 23:59:59,0,IIN054776,,1,kg,1.54,D615
717,,1,0,,2018-09-10 12:01:06,1,2018-09-10 12:01:06,9999-12-31 23:59:59,0,IIN054776,,1,kg,1.69,D616
718,,1,0,,2018-09-10 12:01:06,1,2018-09-10 12:01:06,9999-12-31 23:59:59,0,IIN054776,,1,kg,1.54,D617
719,,1,0,,2018-09-10 12:01:06,1,2018-09-10 12:01:06,9999-12-31 23:59:59,0,IIN054777,,1,kg,2.4,D607
720,,1,0,,2018-09-10 12:01:06,1,2018-09-10 12:01:06,9999-12-31 23:59:59,0,IIN054779,,1,kg,6.38,D604
721,,1,0,,2018-09-10 12:01:06,1,2018-09-10 12:01:06,9999-12-31 23:59:59,0,IIN054779,,1,kg,6.39,D612
722,,1,0,,2018-09-10 12:01:06,1,2018-09-10 12:01:06,9999-12-31 23:59:59,0,IIN054783,,1,mt,1,D602
723,,1,0,,2018-09-10 12:01:06,1,2018-09-10 12:01:06,9999-12-31 23:59:59,0,IIN054783,,1,mt,1,D603
724,,1,0,,2018-09-10 12:01:06,1,2018-09-10 12:01:06,9999-12-31 23:59:59,0,IIN054783,,1,mt,1,D604
725,,1,0,,2018-09-10 12:01:06,1,2018-09-10 12:01:06,9999-12-31 23:59:59,0,IIN054783,,1,mt,1,D606
726,,1,0,,2018-09-10 12:01:06,1,2018-09-10 12:01:06,9999-12-31 23:59:59,0,IIN054783,,1,mt,1,D616
727,,1,0,,2018-09-10 12:01:06,1,2018-09-10 12:01:06,9999-12-31 23:59:59,0,IIN054813,,1,kg,7.26,D603
728,,1,0,,2018-09-10 12:01:06,1,2018-09-10 12:01:06,9999-12-31 23:59:59,0,IIN054813,,1,kg,7.26,D604
729,,1,0,,2018-09-10 12:01:06,1,2018-09-10 12:01:06,9999-12-31 23:59:59,0,IIN054813,,1,kg,7.26,D615
730,,1,0,,2018-09-10 12:01:06,1,2018-09-10 12:01:06,9999-12-31 23:59:59,0,IIN054813,,1,kg,7.26,D617
731,,1,0,,2018-09-10 12:01:06,1,2018-09-10 12:01:06,9999-12-31 23:59:59,0,IIN054828,,1,mt,1,D602
732,,1,0,,2018-09-10 12:01:06,1,2018-09-10 12:01:06,9999-12-31 23:59:59,0,IIN054828,,1,mt,1,D603
733,,1,0,,2018-09-10 12:01:06,1,2018-09-10 12:01:06,9999-12-31 23:59:59,0,IIN054828,,1,mt,1,D604
734,,1,0,,2018-09-10 12:01:06,1,2018-09-10 12:01:06,9999-12-31 23:59:59,0,IIN054828,,1,mt,1,D612
735,,1,0,,2018-09-10 12:01:06,1,2018-09-10 12:01:06,9999-12-31 23:59:59,0,IIN054834,,1,kg,6.34,D604
