"id","system_id","version","modified_user_id","modified_user_name","modified_datetime","operation_type","effective_start_datetime","effective_end_datetime","entity_status","owner_id","name","description","IsThirdPartyProvided","IsFreightCostIncluded","PriceCode","InventoryNumber"
1,1,1,"0","",2018-09-28 18:10:37,1,2017-09-28 18:10:37,9999-12-31 23:59:59,0,0,Class A,Class A Cement,0,0,113049,IIN023072
2,2,1,"0","",2018-09-28 18:10:37,1,2017-09-28 18:10:37,9999-12-31 23:59:59,0,0,Class C,Class C Cement,0,0,,IIN023073
3,3,1,"0","",2018-09-28 18:10:37,1,2017-09-28 18:10:37,9999-12-31 23:59:59,0,0,Class G,Class G Cement,0,0,113000,IIN023074
4,4,1,"0","",2018-09-28 18:10:37,1,2017-09-28 18:10:37,9999-12-31 23:59:59,0,0,Intercem,Intercem,0,0,,IIN023116
5,5,1,"0","",2018-09-28 18:10:37,1,2017-09-28 18:10:37,9999-12-31 23:59:59,0,0,Sanseal,Sanseal,0,0,113117,IIN023192
6,6,1,"0","",2018-09-28 18:10:37,1,2017-09-28 18:10:37,9999-12-31 23:59:59,0,0,ASM-3,ASM-3,0,0,113414,IIN023131
7,7,1,"0","",2018-09-28 18:10:37,1,2017-09-28 18:10:37,9999-12-31 23:59:59,0,0,ASM-5,ASM-5,0,0,113417,IIN023234
8,8,1,"0","",2018-09-28 18:10:37,1,2017-09-28 18:10:37,9999-12-31 23:59:59,0,0,Barite,Barite,0,0,113230,IIN023019
9,9,1,"0","",2018-09-28 18:10:37,1,2017-09-28 18:10:37,9999-12-31 23:59:59,0,0,CaCl2,CaCl2,0,0,113101,IIN023054
10,10,1,"0","",2018-09-28 18:10:37,1,2017-09-28 18:10:37,9999-12-31 23:59:59,0,0,CDF-4P,CDF-4P,0,0,113263,IIN023056
11,11,1,"0","",2018-09-28 18:10:37,1,2017-09-28 18:10:37,9999-12-31 23:59:59,0,0,CDF-6P,CDF-6P,0,0,113267,IIN052225
13,12,1,"0","",2018-09-28 18:10:37,1,2017-09-28 18:10:37,9999-12-31 23:59:59,0,0,CDM-2,CDM-2,0,0,113418,IIN023036
14,13,1,"0","",2018-09-28 18:10:37,1,2017-09-28 18:10:37,9999-12-31 23:59:59,0,0,CDM-4,CDM-4,0,0,113416,IIN054779
15,14,1,"0","",2018-09-28 18:10:37,1,2017-09-28 18:10:37,9999-12-31 23:59:59,0,0,CDM-5,CDM-5,0,0,113419,IIN023037
16,15,1,"0","",2018-09-28 18:10:37,1,2017-09-28 18:10:37,9999-12-31 23:59:59,0,0,CDM-6,CDM-6,0,0,113420,IIN023167
17,16,1,"0","",2018-09-28 18:10:37,1,2017-09-28 18:10:37,9999-12-31 23:59:59,0,0,CDM-6B,CDM-6B,0,0,,IIN054152
19,17,1,"0","",2018-09-28 18:10:37,1,2017-09-28 18:10:37,9999-12-31 23:59:59,0,0,CDM-C,CDM-C,0,0,113422,IIN023058
20,18,1,"0","",2018-09-28 18:10:37,1,2017-09-28 18:10:37,9999-12-31 23:59:59,0,0,CFL-10,CFL-10,0,0,113138,IIN038276
21,19,1,"0","",2018-09-28 18:10:37,1,2017-09-28 18:10:37,9999-12-31 23:59:59,0,0,CFL-3,CFL-3,0,0,113132,IIN023060
22,20,1,"0","",2018-09-28 18:10:37,1,2017-09-28 18:10:37,9999-12-31 23:59:59,0,0,CFL-3L,CFL-3L,0,0,113133,IIN023061
23,21,1,"0","",2018-09-28 18:10:37,1,2017-09-28 18:10:37,9999-12-31 23:59:59,0,0,CFL-4,CFL-4,0,0,113134,IIN023062
24,22,1,"0","",2018-09-28 18:10:37,1,2017-09-28 18:10:37,9999-12-31 23:59:59,0,0,CFL-6,CFL-6,0,0,113135,IIN023063
25,23,1,"0","",2018-09-28 18:10:37,1,2017-09-28 18:10:37,9999-12-31 23:59:59,0,0,CFL-7,CFL-7,0,0,113136,IIN023064
26,24,1,"0","",2018-09-28 18:10:37,1,2017-09-28 18:10:37,9999-12-31 23:59:59,0,0,CFL-8,CFL-8,0,0,113137,IIN023065
27,25,1,"0","",2018-09-28 18:10:37,1,2017-09-28 18:10:37,9999-12-31 23:59:59,0,0,CFR,CFR,0,0,113160,IIN023067
28,26,1,"0","",2018-09-28 18:10:37,1,2017-09-28 18:10:37,9999-12-31 23:59:59,0,0,CFR-2,CFR-2,0,0,113161,IIN023068
29,27,1,"0","",2018-09-28 18:10:37,1,2017-09-28 18:10:37,9999-12-31 23:59:59,0,0,CFR-5,CFR-5,0,0,113163,IIN032465
30,28,1,"0","",2018-09-28 18:10:37,1,2017-09-28 18:10:37,9999-12-31 23:59:59,0,0,Ciment Fondue,Ciment Fondue,0,0,113426,IIN023092
34,29,1,"0","",2018-09-28 18:10:37,1,2017-09-28 18:10:37,9999-12-31 23:59:59,0,0,Densified Fume,Densified Fume,0,0,,IIN054770
35,30,1,"0","",2018-09-28 18:10:37,1,2017-09-28 18:10:37,9999-12-31 23:59:59,0,0,EA-1,EA-1,0,0,113224,IIN023221
36,31,1,"0","",2018-09-28 18:10:37,1,2017-09-28 18:10:37,9999-12-31 23:59:59,0,0,EA-3,EA-3,0,0,113225,IIN023222
37,32,1,"0","",2018-09-28 18:10:37,1,2017-09-28 18:10:37,9999-12-31 23:59:59,0,0,FA-1,FA-1,0,0,113271,IIN023087
38,33,1,"0","",2018-09-28 18:10:37,1,2017-09-28 18:10:37,9999-12-31 23:59:59,0,0,FA-3,FA-3,0,0,113273,IIN038098
39,34,1,"0","",2018-09-28 18:10:37,1,2017-09-28 18:10:37,9999-12-31 23:59:59,0,0,Flyash,Flyash,0,0,,IIN023091
40,35,1,"0","",2018-09-28 18:10:37,1,2017-09-28 18:10:37,9999-12-31 23:59:59,0,0,Flyash (Sask),Flyash (Sask),0,0,,IIN054775
41,36,1,"0","",2018-09-28 18:10:38,1,2017-09-28 18:10:38,9999-12-31 23:59:59,0,0,FS-1,FS-1,0,0,113500,IIN051265
42,37,1,"0","",2018-09-28 18:10:38,1,2017-09-28 18:10:38,9999-12-31 23:59:59,0,0,FWC-2,FWC-2,0,0,113140,IIN023099
43,38,1,"0","",2018-09-28 18:10:38,1,2017-09-28 18:10:38,9999-12-31 23:59:59,0,0,GCA-1,GCA-1,0,0,113228,IIN023100
44,39,1,"0","",2018-09-28 18:10:38,1,2017-09-28 18:10:38,9999-12-31 23:59:59,0,0,Graphite,Graphite,0,0,113423,IIN023101
45,40,1,"0","",2018-09-28 18:10:38,1,2017-09-28 18:10:38,9999-12-31 23:59:59,0,0,GSS-1,GSS-1,0,0,113139,IIN023022
46,41,1,"0","",2018-09-28 18:10:38,1,2017-09-28 18:10:38,9999-12-31 23:59:59,0,0,Hematite,Hematite,0,0,113232,IIN023105
47,42,1,"0","",2018-09-28 18:10:38,1,2017-09-28 18:10:38,9999-12-31 23:59:59,0,0,HTR,HTR,0,0,113115,IIN023109
48,43,1,"0","",2018-09-28 18:10:38,1,2017-09-28 18:10:38,9999-12-31 23:59:59,0,0,HTR-2,HTR-2,0,0,113129,IIN041176
49,44,1,"0","",2018-09-28 18:10:38,1,2017-09-28 18:10:38,9999-12-31 23:59:59,0,0,HTR-3,HTR-3,0,0,113142,IIN023129
50,45,1,"0","",2018-09-28 18:10:38,1,2017-09-28 18:10:38,9999-12-31 23:59:59,0,0,HTR-3A,HTR-3A,0,0,113143,IIN023130
52,46,1,"0","",2018-09-28 18:10:38,1,2017-09-28 18:10:38,9999-12-31 23:59:59,0,0,KCl,KCl,0,0,113105,IIN023119
53,47,1,"0","",2018-09-28 18:10:38,1,2017-09-28 18:10:38,9999-12-31 23:59:59,0,0,LCC-1,LCC-1,0,0,113248,IIN023122
54,48,1,"0","",2018-09-28 18:10:38,1,2017-09-28 18:10:38,9999-12-31 23:59:59,0,0,LCC-9,LCC-9,0,0,113251,""
55,49,1,"0","",2018-09-28 18:10:38,1,2017-09-28 18:10:38,9999-12-31 23:59:59,0,0,LCF-7,LCF-7,0,0,113250,IIN049713
56,50,1,"0","",2018-09-28 18:10:38,1,2017-09-28 18:10:38,9999-12-31 23:59:59,0,0,LCG-1,LCG-1,0,0,113237,IIN023049
58,51,1,"0","",2018-09-28 18:10:38,1,2017-09-28 18:10:38,9999-12-31 23:59:59,0,0,LCG-2,LCG-2,0,0,113238,IIN023050
59,52,1,"0","",2018-09-28 18:10:38,1,2017-09-28 18:10:38,9999-12-31 23:59:59,0,0,LCG-4,LCG-4,0,0,113239,IIN023051
60,53,1,"0","",2018-09-28 18:10:38,1,2017-09-28 18:10:38,9999-12-31 23:59:59,0,0,LCG-5,LCG-5,0,0,113240,IIN023052
62,54,1,"0","",2018-09-28 18:10:38,1,2017-09-28 18:10:38,9999-12-31 23:59:59,0,0,LTR,LTR,0,0,113110,IIN023146
63,55,1,"0","",2018-09-28 18:10:38,1,2017-09-28 18:10:38,9999-12-31 23:59:59,0,0,LTR-3,LTR-3,0,0,,IIN023209
64,56,1,"0","",2018-09-28 18:10:38,1,2017-09-28 18:10:38,9999-12-31 23:59:59,0,0,MCR-5,MCR-5,0,0,113128,IIN023110
65,57,1,"0","",2018-09-28 18:10:38,1,2017-09-28 18:10:38,9999-12-31 23:59:59,0,0,MCR-7,MCR-7,0,0,113127,IIN054776
66,58,1,"0","",2018-09-28 18:10:38,1,2017-09-28 18:10:38,9999-12-31 23:59:59,0,0,Micromix,Micromix,0,0,,IIN023153
67,59,1,"0","",2018-09-28 18:10:38,1,2017-09-28 18:10:38,9999-12-31 23:59:59,0,0,NaCl,Fine Salt,0,0,113103,IIN023188
69,60,1,"0","",2018-09-28 18:10:38,1,2017-09-28 18:10:38,9999-12-31 23:59:59,0,0,QSR-2,QSR-2,0,0,113122,IIN023178
70,61,1,"0","",2018-09-28 18:10:38,1,2017-09-28 18:10:38,9999-12-31 23:59:59,0,0,Sand,Sand,0,0,,IIN053761
71,62,1,"0","",2018-09-28 18:10:38,1,2017-09-28 18:10:38,9999-12-31 23:59:59,0,0,Sanlite,Sanlite,0,0,,IIN023190
72,63,1,"0","",2018-09-28 18:10:38,1,2017-09-28 18:10:38,9999-12-31 23:59:59,0,0,Sanseal,Sanseal,0,0,113117,IIN023192
73,64,1,"0","",2018-09-28 18:10:38,1,2017-09-28 18:10:38,9999-12-31 23:59:59,0,0,SCA-1,SCA-1,0,0,113301,IIN023102
74,65,1,"0","",2018-09-28 18:10:38,1,2017-09-28 18:10:38,9999-12-31 23:59:59,0,0,SCA-5,SCA-5,0,0,113305,IIN023171
75,66,1,"0","",2018-09-28 18:10:38,1,2017-09-28 18:10:38,9999-12-31 23:59:59,0,0,SCA-6,SCA-6,0,0,113306,IIN023207
76,67,1,"0","",2018-09-28 18:10:38,1,2017-09-28 18:10:38,9999-12-31 23:59:59,0,0,SCA-7,SCA-7,0,0,113307,IIN023147
77,68,1,"0","",2018-09-28 18:10:38,1,2017-09-28 18:10:38,9999-12-31 23:59:59,0,0,SG1500 AP1,SG1500 AP1,0,0,,IIN023200
78,69,1,"0","",2018-09-28 18:10:38,1,2017-09-28 18:10:38,9999-12-31 23:59:59,0,0,Silica Flour - 200 Mesh,Silica Flour  - 200 Mesh,0,0,113296,IIN054769
79,70,1,"0","",2018-09-28 18:10:38,1,2017-09-28 18:10:38,9999-12-31 23:59:59,0,0,Silica Fume - Semi-Densified,Silica Fume - Semi-Densified,0,0,,IIN023098
80,71,1,"0","",2018-09-28 18:10:38,1,2017-09-28 18:10:38,9999-12-31 23:59:59,0,0,SPC-II,SPC-II,0,0,113220,IIN023212
81,72,1,"0","",2018-09-28 18:10:38,1,2017-09-28 18:10:38,9999-12-31 23:59:59,0,0,WIE-1,WIE-1,0,0,116416,IIN049712
82,73,1,"0","",2018-09-28 18:10:38,1,2017-09-28 18:10:38,9999-12-31 23:59:59,0,0,"0:1:0 'A'","0:1:0 'A'",0,0,113049,""
83,74,1,"0","",2018-09-28 18:10:38,1,2017-09-28 18:10:38,9999-12-31 23:59:59,0,0,"0:1:0 'C'","0:1:0 'C'",0,0,,""
84,75,1,"0","",2018-09-28 18:10:38,1,2017-09-28 18:10:38,9999-12-31 23:59:59,0,0,"0:1:0 'G'","0:1:0 'G'",0,0,113000,""
85,76,1,"0","",2018-09-28 18:10:38,1,2017-09-28 18:10:38,9999-12-31 23:59:59,0,0,"0:1:12 'G'","0:1:12 'G'",0,0,113000,""
86,77,1,"0","",2018-09-28 18:10:38,1,2017-09-28 18:10:38,9999-12-31 23:59:59,0,0,"0:1:2 'G'","0:1:2 'G'",0,0,113000,""
87,78,1,"0","",2018-09-28 18:10:38,1,2017-09-28 18:10:38,9999-12-31 23:59:59,0,0,"0:1:4 'G'","0:1:4 'G'",0,0,113000,""
88,79,1,"0","",2018-09-28 18:10:38,1,2017-09-28 18:10:38,9999-12-31 23:59:59,0,0,"0:1:6 'G'","0:1:6 'G'",0,0,113000,""
89,80,1,"0","",2018-09-28 18:10:38,1,2017-09-28 18:10:38,9999-12-31 23:59:59,0,0,"0:1:8 'G'","0:1:8 'G'",0,0,113000,""
90,81,1,"0","",2018-09-28 18:10:38,1,2017-09-28 18:10:38,9999-12-31 23:59:59,0,0,"1:1:0 'G'","1:1:0 'G'",0,0,113002,""
91,82,1,"0","",2018-09-28 18:10:38,1,2017-09-28 18:10:38,9999-12-31 23:59:59,0,0,"1:1:0 'G' (Sask)","1:1:0 'G' (Sask)",0,0,113002,""
92,83,1,"0","",2018-09-28 18:10:38,1,2017-09-28 18:10:38,9999-12-31 23:59:59,0,0,"1:1:12 'G'","1:1:12 'G'",0,0,113002,""
93,84,1,"0","",2018-09-28 18:10:38,1,2017-09-28 18:10:38,9999-12-31 23:59:59,0,0,"1:1:12 'G' (Sask)","1:1:12 'G' (Sask)",0,0,113002,""
94,85,1,"0","",2018-09-28 18:10:38,1,2017-09-28 18:10:38,9999-12-31 23:59:59,0,0,"1:1:2 'G'","1:1:2 'G'",0,0,113002,""
95,86,1,"0","",2018-09-28 18:10:38,1,2017-09-28 18:10:38,9999-12-31 23:59:59,0,0,"1:1:2 'G' (Sask)","1:1:2 'G' (Sask)",0,0,113002,""
96,87,1,"0","",2018-09-28 18:10:38,1,2017-09-28 18:10:38,9999-12-31 23:59:59,0,0,"1:1:4 'G'","1:1:4 'G'",0,0,113002,""
97,88,1,"0","",2018-09-28 18:10:38,1,2017-09-28 18:10:38,9999-12-31 23:59:59,0,0,"1:1:4 'G' (Sask)","1:1:4 'G' (Sask)",0,0,113002,""
98,89,1,"0","",2018-09-28 18:10:38,1,2017-09-28 18:10:38,9999-12-31 23:59:59,0,0,"1:1:6 'G'","1:1:6 'G'",0,0,113002,""
99,90,1,"0","",2018-09-28 18:10:38,1,2017-09-28 18:10:38,9999-12-31 23:59:59,0,0,"1:1:6 'G' (Sask)","1:1:6 'G' (Sask)",0,0,113002,""
100,91,1,"0","",2018-09-28 18:10:38,1,2017-09-28 18:10:38,9999-12-31 23:59:59,0,0,"1:1:8 'G'","1:1:8 'G'",0,0,113002,""
101,92,1,"0","",2018-09-28 18:10:38,1,2017-09-28 18:10:38,9999-12-31 23:59:59,0,0,"1:1:8 'G' (Sask)","1:1:8 'G' (Sask)",0,0,113002,""
102,93,1,"0","",2018-09-28 18:10:38,1,2017-09-28 18:10:38,9999-12-31 23:59:59,0,0,"2:1:0 'G'","2:1:0 'G'",0,0,,""
103,94,1,"0","",2018-09-28 18:10:38,1,2017-09-28 18:10:38,9999-12-31 23:59:59,0,0,"2:1:0 'G' (Sask)","2:1:0 'G' (Sask)",0,0,,""
104,95,1,"0","",2018-09-28 18:10:38,1,2017-09-28 18:10:38,9999-12-31 23:59:59,0,0,"2:1:12 'G'","2:1:12 'G'",0,0,,""
105,96,1,"0","",2018-09-28 18:10:38,1,2017-09-28 18:10:38,9999-12-31 23:59:59,0,0,"2:1:12 'G' (Sask)","2:1:12 'G' (Sask)",0,0,,""
106,97,1,"0","",2018-09-28 18:10:38,1,2017-09-28 18:10:38,9999-12-31 23:59:59,0,0,"2:1:2 'G'","2:1:2 'G'",0,0,,""
107,98,1,"0","",2018-09-28 18:10:38,1,2017-09-28 18:10:38,9999-12-31 23:59:59,0,0,"2:1:2 'G' (Sask)","2:1:2 'G' (Sask)",0,0,,""
108,99,1,"0","",2018-09-28 18:10:38,1,2017-09-28 18:10:38,9999-12-31 23:59:59,0,0,"2:1:4 'G'","2:1:4 'G'",0,0,,""
109,100,1,"0","",2018-09-28 18:10:38,1,2017-09-28 18:10:38,9999-12-31 23:59:59,0,0,"2:1:4 'G' (Sask)","2:1:4 'G' (Sask)",0,0,,""
110,101,1,"0","",2018-09-28 18:10:38,1,2017-09-28 18:10:38,9999-12-31 23:59:59,0,0,"2:1:6 'G'","2:1:6 'G'",0,0,,""
111,102,1,"0","",2018-09-28 18:10:39,1,2017-09-28 18:10:39,9999-12-31 23:59:59,0,0,"2:1:6 'G' (Sask)","2:1:6 'G' (Sask)",0,0,,""
112,103,1,"0","",2018-09-28 18:10:39,1,2017-09-28 18:10:39,9999-12-31 23:59:59,0,0,"2:1:8 'G'","2:1:8 'G'",0,0,,""
113,104,1,"0","",2018-09-28 18:10:39,1,2017-09-28 18:10:39,9999-12-31 23:59:59,0,0,"2:1:8 'G' (Sask)","2:1:8 'G' (Sask)",0,0,,""
114,105,1,"0","",2018-09-28 18:10:39,1,2017-09-28 18:10:39,9999-12-31 23:59:59,0,0,ASC IV,ASC IV Acid Soluble Cement,0,0,113314,""
115,106,1,"0","",2018-09-28 18:10:39,1,2017-09-28 18:10:39,9999-12-31 23:59:59,0,0,Expandomix,Expandomix,0,0,113040,""
116,107,1,"0","",2018-09-28 18:10:39,1,2017-09-28 18:10:39,9999-12-31 23:59:59,0,0,EXPANDOmix PRO HT,EXPANDOmix PRO HT,0,0,116441,""
117,108,1,"0","",2018-09-28 18:10:39,1,2017-09-28 18:10:39,9999-12-31 23:59:59,0,0,EXPANDOmix PRO HT (Sask),EXPANDOmix PRO HT (Sask),0,0,116441,""
118,109,1,"0","",2018-09-28 18:10:39,1,2017-09-28 18:10:39,9999-12-31 23:59:59,0,0,EXPANDOmix PRO LT,EXPANDOmix PRO LT,0,0,116443,""
119,110,1,"0","",2018-09-28 18:10:39,1,2017-09-28 18:10:39,9999-12-31 23:59:59,0,0,EXPANDOmix PRO LT (Sask),EXPANDOmix PRO LT (Sask),0,0,116443,""
120,111,1,"0","",2018-09-28 18:10:39,1,2017-09-28 18:10:39,9999-12-31 23:59:59,0,0,Expandomix HT,Expandomix HT,0,0,113044,""
121,112,1,"0","",2018-09-28 18:10:39,1,2017-09-28 18:10:39,9999-12-31 23:59:59,0,0,Expandomix HT (SK),Expandomix HT (SK),0,0,113044,""
122,113,1,"0","",2018-09-28 18:10:39,1,2017-09-28 18:10:39,9999-12-31 23:59:59,0,0,Expandomix LWL,Expandomix LWL,0,0,113042,""
123,114,1,"0","",2018-09-28 18:10:39,1,2017-09-28 18:10:39,9999-12-31 23:59:59,0,0,Glacial Mix,Glacial Mix,0,0,113411,""
124,115,1,"0","",2018-09-28 18:10:39,1,2017-09-28 18:10:39,9999-12-31 23:59:59,0,0,iBond,iBond,0,0,113056,""
125,116,1,"0","",2018-09-28 18:10:39,1,2017-09-28 18:10:39,9999-12-31 23:59:59,0,0,iGain (SK),iGain (SK),0,0,113052,""
126,117,1,"0","",2018-09-28 18:10:39,1,2017-09-28 18:10:39,9999-12-31 23:59:59,0,0,iGain (AB),iGain(AB),0,0,113052,""
127,118,1,"0","",2018-09-28 18:10:39,1,2017-09-28 18:10:39,9999-12-31 23:59:59,0,0,iPrime (AB),iPrime (AB),0,0,113014,""
128,119,1,"0","",2018-09-28 18:10:39,1,2017-09-28 18:10:39,9999-12-31 23:59:59,0,0,iPrime (SK),iPrime (SK),0,0,113014,""
129,120,1,"0","",2018-09-28 18:10:39,1,2017-09-28 18:10:39,9999-12-31 23:59:59,0,0,LCS 1600,LCS 1600,0,0,113070,""
130,121,1,"0","",2018-09-28 18:10:39,1,2017-09-28 18:10:39,9999-12-31 23:59:59,0,0,LCS 1820,LCS 1820,0,0,113072,""
131,122,1,"0","",2018-09-28 18:10:39,1,2017-09-28 18:10:39,9999-12-31 23:59:59,0,0,LITEmix 1325 (AB),LITEmix 1325 (AB),0,0,114709,""
132,123,1,"0","",2018-09-28 18:10:39,1,2017-09-28 18:10:39,9999-12-31 23:59:59,0,0,LITEmix 1325 (SK),LITEmix 1325 (SK),0,0,114709,""
133,124,1,"0","",2018-09-28 18:10:39,1,2017-09-28 18:10:39,9999-12-31 23:59:59,0,0,LITEmix 1400 (AB),LITEmix 1400 (AB),0,0,114715,""
134,125,1,"0","",2018-09-28 18:10:39,1,2017-09-28 18:10:39,9999-12-31 23:59:59,0,0,LITEmix 1400 (SK),LITEmix 1400 (SK),0,0,114715,""
135,126,1,"0","",2018-09-28 18:10:39,1,2017-09-28 18:10:39,9999-12-31 23:59:59,0,0,LITEmix EC,LITEmix EC,0,0,114707,""
136,127,1,"0","",2018-09-28 18:10:39,1,2017-09-28 18:10:39,9999-12-31 23:59:59,0,0,PRODUCTIONmix 1500 PRO ,PRODUCTIONmix 1500 PRO ,0,0,113409,""
137,128,1,"0","",2018-09-28 18:10:39,1,2017-09-28 18:10:39,9999-12-31 23:59:59,0,0,PRODUCTIONmix 1600,PRODUCTIONmix 1600,0,0,116020,""
138,129,1,"0","",2018-09-28 18:10:39,1,2017-09-28 18:10:39,9999-12-31 23:59:59,0,0,PRODUCTIONmix 1600 (SK),PRODUCTIONmix 1600 (SK),0,0,116020,""
139,130,1,"0","",2018-09-28 18:10:39,1,2017-09-28 18:10:39,9999-12-31 23:59:59,0,0,PRODUCTIONmix 1725,PRODUCTIONmix 1725,0,0,116421,""
140,131,1,"0","",2018-09-28 18:10:39,1,2017-09-28 18:10:39,9999-12-31 23:59:59,0,0,PRODUCTIONmix EC,PRODUCTIONmix EC,0,0,116417,""
141,132,1,"0","",2018-09-28 18:10:39,1,2017-09-28 18:10:39,9999-12-31 23:59:59,0,0,PRODUCTIONmix EC (Sask),PRODUCTIONmix EC (Sask),0,0,116417,""
142,133,1,"0","",2018-09-28 18:10:39,1,2017-09-28 18:10:39,9999-12-31 23:59:59,0,0,PRODUCTIONmix LW,PRODUCTIONmix LW,0,0,116423,""
143,134,1,"0","",2018-09-28 18:10:39,1,2017-09-28 18:10:39,9999-12-31 23:59:59,0,0,PRODUCTIONmix LW (Sask),PRODUCTIONmix LW (Sask),0,0,116423,""
144,135,1,"0","",2018-09-28 18:10:39,1,2017-09-28 18:10:39,9999-12-31 23:59:59,0,0,PRODUCTIONmix THX ,PRODUCTIONmix THX ,0,0,116419,""
145,136,1,"0","",2018-09-28 18:10:39,1,2017-09-28 18:10:39,9999-12-31 23:59:59,0,0,Proteus Core,Proteus Core,0,0,113030,""
146,137,1,"0","",2018-09-28 18:10:39,1,2017-09-28 18:10:39,9999-12-31 23:59:59,0,0,Proteus LCS,Proteus LCS,0,0,113034,""
147,138,1,"0","",2018-09-28 18:10:39,1,2017-09-28 18:10:39,9999-12-31 23:59:59,0,0,Proteus Pro,Proteus Pro,0,0,113032,IIN023575
148,139,1,"0","",2018-09-28 18:10:39,1,2017-09-28 18:10:39,9999-12-31 23:59:59,0,0,RAS II,RAS II,0,0,113074,""
150,140,1,"0","",2018-09-28 18:10:39,1,2017-09-28 18:10:39,9999-12-31 23:59:59,0,0,SanSeal HT,SanSeal HT,0,0,113119,""
151,141,1,"0","",2018-09-28 18:10:39,1,2017-09-28 18:10:39,9999-12-31 23:59:59,0,0,SSi,SSi,0,0,113009,""
152,142,1,"0","",2018-09-28 18:10:39,1,2017-09-28 18:10:39,9999-12-31 23:59:59,0,0,Superlite 13,Superlite 13,0,0,113083,""
153,143,1,"0","",2018-09-28 18:10:39,1,2017-09-28 18:10:39,9999-12-31 23:59:59,0,0,Superlite 13 (CDM-5),Superlite 13 (CDM-5),0,0,113083,""
154,144,1,"0","",2018-09-28 18:10:39,1,2017-09-28 18:10:39,9999-12-31 23:59:59,0,0,SUPERLITEmix PRO HT ,SUPERLITEmix PRO HT ,0,0,113107,""
155,145,1,"0","",2018-09-28 18:10:39,1,2017-09-28 18:10:39,9999-12-31 23:59:59,0,0,SUPERLITEmix PRO ,SUPERLITEmix PRO ,0,0,113087,""
156,146,1,"0","",2018-09-28 18:10:39,1,2017-09-28 18:10:39,9999-12-31 23:59:59,0,0,SURFACEmix LW (SK) ,SURFACEmix LW (SK) ,0,0,113404,""
157,147,1,"0","",2018-09-28 18:10:39,1,2017-09-28 18:10:39,9999-12-31 23:59:59,0,0,SURFACEmix LW PRO ,SURFACEmix LW PRO ,0,0,116016,""
158,148,1,"0","",2018-09-28 18:10:39,1,2017-09-28 18:10:39,9999-12-31 23:59:59,0,0,SURFACEmix LW PRO (SK) ,SURFACEmix LW PRO (SK) ,0,0,116016,""
159,149,1,"0","",2018-09-28 18:10:39,1,2017-09-28 18:10:39,9999-12-31 23:59:59,0,0,SURFACEmix PRO,SURFACEmix PRO,0,0,113403,""
160,150,1,"0","",2018-09-28 18:10:39,1,2017-09-28 18:10:39,9999-12-31 23:59:59,0,0,SURFACEmix PRO SL,SURFACEmix PRO SL,0,0,113436,""
161,151,1,"0","",2018-09-28 18:10:39,1,2017-09-28 18:10:39,9999-12-31 23:59:59,0,0,SURFACEmix SLW,SURFACEmix SLW,0,0,113406,""
162,152,1,"0","",2018-09-28 18:10:39,1,2017-09-28 18:10:39,9999-12-31 23:59:59,0,0,SurfLite (SK) ,SurfLite (SK) ,0,0,113004,""
163,153,1,"0","",2018-09-28 18:10:39,1,2017-09-28 18:10:39,9999-12-31 23:59:59,0,0,Thermal 40,Thermal 40,0,0,113060,IIN023570
164,154,1,"0","",2018-09-28 18:10:39,1,2017-09-28 18:10:39,9999-12-31 23:59:59,0,0,Thermal 40 EXP,Thermal 40 EXP,0,0,113062,""
165,155,1,"0","",2018-09-28 18:10:39,1,2017-09-28 18:10:39,9999-12-31 23:59:59,0,0,THERMAmix EC,THERMAmix EC,0,0,114717,""
166,156,1,"0","",2018-09-28 18:10:39,1,2017-09-28 18:10:39,9999-12-31 23:59:59,0,0,THERMAmix LT,THERMAmix LT,0,0,116414,""
168,157,1,"0","",2018-09-28 18:10:39,1,2017-09-28 18:10:39,9999-12-31 23:59:59,0,0,ThixLite HT (AB) ,ThixLite HT (AB) ,0,0,113026,""
169,158,1,"0","",2018-09-28 18:10:39,1,2017-09-28 18:10:39,9999-12-31 23:59:59,0,0,ThixLite HT (SK) ,ThixLite HT (SK) ,0,0,113026,""
170,159,1,"0","",2018-09-28 18:10:39,1,2017-09-28 18:10:39,9999-12-31 23:59:59,0,0,SURFACEmix LW PRO SL,SURFACEmix LW PRO SL,0,0,113380,""
171,160,1,"0","",2018-09-28 18:10:39,1,2017-09-28 18:10:39,9999-12-31 23:59:59,0,0,LDP-C-0117,LDP-C-0117,0,0,113316,""
172,161,1,"0","",2018-09-28 18:10:39,1,2017-09-28 18:10:39,9999-12-31 23:59:59,0,0,SUPERLITEmix 1160,SUPERLITEmix 1160,0,0,114711,""
173,162,1,"0","",2018-09-28 18:10:39,1,2017-09-28 18:10:39,9999-12-31 23:59:59,0,0,SURFACEmix LW PRO + Additives,SURFACEmix LW PRO  + Additives,0,0,116114,""
174,163,1,"0","",2018-09-28 18:10:39,1,2017-09-28 18:10:39,9999-12-31 23:59:59,0,0,"0:1:0 'C' + Additives","0:1:0 'C' + Additives",0,0,,""
175,164,1,"0","",2018-09-28 18:10:39,1,2017-09-28 18:10:39,9999-12-31 23:59:59,0,0,"0:1:0 'G' + Additives","0:1:0 'G' + Additives",0,0,113001,""
176,165,1,"0","",2018-09-28 18:10:39,1,2017-09-28 18:10:39,9999-12-31 23:59:59,0,0,"0:1:12 'G' + Additives","0:1:12 'G' + Additives",0,0,113001,""
177,166,1,"0","",2018-09-28 18:10:39,1,2017-09-28 18:10:39,9999-12-31 23:59:59,0,0,"0:1:2 'G' + Additives","0:1:2 'G' + Additives",0,0,113001,""
178,167,1,"0","",2018-09-28 18:10:39,1,2017-09-28 18:10:39,9999-12-31 23:59:59,0,0,"0:1:4 'G' + Additives","0:1:4 'G' + Additives",0,0,113001,""
179,168,1,"0","",2018-09-28 18:10:39,1,2017-09-28 18:10:39,9999-12-31 23:59:59,0,0,"0:1:6 'G' + Additives","0:1:6 'G' + Additives",0,0,113001,""
180,169,1,"0","",2018-09-28 18:10:40,1,2017-09-28 18:10:40,9999-12-31 23:59:59,0,0,"0:1:8 'G' + Additives","0:1:8 'G' + Additives",0,0,113001,""
181,170,1,"0","",2018-09-28 18:10:40,1,2017-09-28 18:10:40,9999-12-31 23:59:59,0,0,"1:1:0 'G' + Additives","1:1:0 'G' + Additives",0,0,113003,""
182,171,1,"0","",2018-09-28 18:10:40,1,2017-09-28 18:10:40,9999-12-31 23:59:59,0,0,"1:1:12 'G' + Additives","1:1:12 'G' + Additives",0,0,113003,""
183,172,1,"0","",2018-09-28 18:10:40,1,2017-09-28 18:10:40,9999-12-31 23:59:59,0,0,"1:1:2 'G' + Additives","1:1:2 'G' + Additives",0,0,113003,""
184,173,1,"0","",2018-09-28 18:10:40,1,2017-09-28 18:10:40,9999-12-31 23:59:59,0,0,"1:1:4 'G' + Additives","1:1:4 'G' + Additives",0,0,113003,""
185,174,1,"0","",2018-09-28 18:10:40,1,2017-09-28 18:10:40,9999-12-31 23:59:59,0,0,"1:1:6 'G' + Additives","1:1:6 'G' + Additives",0,0,113003,""
186,175,1,"0","",2018-09-28 18:10:40,1,2017-09-28 18:10:40,9999-12-31 23:59:59,0,0,"1:1:8 'G' + Additives","1:1:8 'G' + Additives",0,0,113003,""
187,176,1,"0","",2018-09-28 18:10:40,1,2017-09-28 18:10:40,9999-12-31 23:59:59,0,0,"2:1:0 'G' + Additives","2:1:0 'G' + Additives",0,0,,""
188,177,1,"0","",2018-09-28 18:10:40,1,2017-09-28 18:10:40,9999-12-31 23:59:59,0,0,"2:1:12 'G' + Additives","2:1:12 'G' + Additives",0,0,,""
189,178,1,"0","",2018-09-28 18:10:40,1,2017-09-28 18:10:40,9999-12-31 23:59:59,0,0,"2:1:2 'G' + Additives","2:1:2 'G' + Additives",0,0,,""
190,179,1,"0","",2018-09-28 18:10:40,1,2017-09-28 18:10:40,9999-12-31 23:59:59,0,0,"2:1:4 'G' + Additives","2:1:4 'G' + Additives",0,0,,""
191,180,1,"0","",2018-09-28 18:10:40,1,2017-09-28 18:10:40,9999-12-31 23:59:59,0,0,"2:1:6 'G' + Additives","2:1:6 'G' + Additives",0,0,,""
192,181,1,"0","",2018-09-28 18:10:40,1,2017-09-28 18:10:40,9999-12-31 23:59:59,0,0,"2:1:8 'G' + Additives","2:1:8 'G' + Additives",0,0,,""
193,182,1,"0","",2018-09-28 18:10:40,1,2017-09-28 18:10:40,9999-12-31 23:59:59,0,0,"1:1:0 'G' (Sask) + Additives","1:1:0 'G' (Sask) + Additives",0,0,113003,""
194,183,1,"0","",2018-09-28 18:10:40,1,2017-09-28 18:10:40,9999-12-31 23:59:59,0,0,"1:1:12 'G' (Sask) + Additives","1:1:12 'G' (Sask) + Additives",0,0,113003,""
195,184,1,"0","",2018-09-28 18:10:40,1,2017-09-28 18:10:40,9999-12-31 23:59:59,0,0,"1:1:2 'G' (Sask) + Additives","1:1:2 'G' (Sask) + Additives",0,0,113003,""
196,185,1,"0","",2018-09-28 18:10:40,1,2017-09-28 18:10:40,9999-12-31 23:59:59,0,0,"1:1:4 'G' (Sask) + Additives","1:1:4 'G' (Sask) + Additives",0,0,113003,""
197,186,1,"0","",2018-09-28 18:10:40,1,2017-09-28 18:10:40,9999-12-31 23:59:59,0,0,"1:1:6 'G' (Sask) + Additives","1:1:6 'G' (Sask) + Additives",0,0,113003,""
198,187,1,"0","",2018-09-28 18:10:40,1,2017-09-28 18:10:40,9999-12-31 23:59:59,0,0,"1:1:8 'G' (Sask) + Additives","1:1:8 'G' (Sask) + Additives",0,0,113003,""
199,188,1,"0","",2018-09-28 18:10:40,1,2017-09-28 18:10:40,9999-12-31 23:59:59,0,0,"2:1:0 'G' (Sask) + Additives","2:1:0 'G' (Sask) + Additives",0,0,,""
200,189,1,"0","",2018-09-28 18:10:40,1,2017-09-28 18:10:40,9999-12-31 23:59:59,0,0,"2:1:12 'G' (Sask) + Additives","2:1:12 'G' (Sask) + Additives",0,0,,""
201,190,1,"0","",2018-09-28 18:10:40,1,2017-09-28 18:10:40,9999-12-31 23:59:59,0,0,"2:1:2 'G' (Sask) + Additives","2:1:2 'G' (Sask) + Additives",0,0,,""
202,191,1,"0","",2018-09-28 18:10:40,1,2017-09-28 18:10:40,9999-12-31 23:59:59,0,0,"2:1:4 'G' (Sask) + Additives","2:1:4 'G' (Sask) + Additives",0,0,,""
203,192,1,"0","",2018-09-28 18:10:40,1,2017-09-28 18:10:40,9999-12-31 23:59:59,0,0,"2:1:6 'G' (Sask) + Additives","2:1:6 'G' (Sask) + Additives",0,0,,""
204,193,1,"0","",2018-09-28 18:10:40,1,2017-09-28 18:10:40,9999-12-31 23:59:59,0,0,"2:1:8 'G' (Sask) + Additives","2:1:8 'G' (Sask) + Additives",0,0,,""
205,194,1,"0","",2018-09-28 18:10:40,1,2017-09-28 18:10:40,9999-12-31 23:59:59,0,0,Expandomix + Additives,Expandomix + Additives,0,0,113041,""
206,195,1,"0","",2018-09-28 18:10:40,1,2017-09-28 18:10:40,9999-12-31 23:59:59,0,0,EXPANDOmix PRO HT + Additives,EXPANDOmix PRO HT + Additives,0,0,116442,""
207,196,1,"0","",2018-09-28 18:10:40,1,2017-09-28 18:10:40,9999-12-31 23:59:59,0,0,EXPANDOmix PRO LT + Additives,EXPANDOmix PRO LT + Additives,0,0,116444,""
208,197,1,"0","",2018-09-28 18:10:40,1,2017-09-28 18:10:40,9999-12-31 23:59:59,0,0,Expandomix HT + Additives,Expandomix HT + Additives,0,0,113045,""
209,198,1,"0","",2018-09-28 18:10:40,1,2017-09-28 18:10:40,9999-12-31 23:59:59,0,0,Expandomix LWL + Additives,Expandomix LWL + Additives,0,0,113043,""
210,199,1,"0","",2018-09-28 18:10:40,1,2017-09-28 18:10:40,9999-12-31 23:59:59,0,0,EXPANDOmix PRO HT (Sask) + Additives,EXPANDOmix PRO HT (Sask) + Additives,0,0,116442,""
211,200,1,"0","",2018-09-28 18:10:40,1,2017-09-28 18:10:40,9999-12-31 23:59:59,0,0,EXPANDOmix PRO LT (Sask) + Additives,EXPANDOmix PRO LT (Sask) + Additives,0,0,116444,""
212,201,1,"0","",2018-09-28 18:10:40,1,2017-09-28 18:10:40,9999-12-31 23:59:59,0,0,Expandomix HT (SK) + Additives,Expandomix HT (SK) + Additives,0,0,113045,""
213,202,1,"0","",2018-09-28 18:10:40,1,2017-09-28 18:10:40,9999-12-31 23:59:59,0,0,Glacial Mix + Additives,Glacial Mix + Additives,0,0,113412,""
214,203,1,"0","",2018-09-28 18:10:40,1,2017-09-28 18:10:40,9999-12-31 23:59:59,0,0,iBond + Additives,iBond + Additives,0,0,113065,""
215,204,1,"0","",2018-09-28 18:10:40,1,2017-09-28 18:10:40,9999-12-31 23:59:59,0,0,ASC IV + Additives,ASC IV + Additives,0,0,113315,""
216,205,1,"0","",2018-09-28 18:10:40,1,2017-09-28 18:10:40,9999-12-31 23:59:59,0,0,iGain (SK) + Additives,iGain (SK) + Additives,0,0,113053,""
217,206,1,"0","",2018-09-28 18:10:40,1,2017-09-28 18:10:40,9999-12-31 23:59:59,0,0,iGain (AB) + Additives,iGain(AB) + Additives,0,0,113053,""
218,207,1,"0","",2018-09-28 18:10:40,1,2017-09-28 18:10:40,9999-12-31 23:59:59,0,0,iPrime (AB) + Additives,iPrime (AB) + Additives,0,0,113015,""
219,208,1,"0","",2018-09-28 18:10:40,1,2017-09-28 18:10:40,9999-12-31 23:59:59,0,0,iPrime (SK) + Additives,iPrime (SK) + Additives,0,0,113015,""
220,209,1,"0","",2018-09-28 18:10:40,1,2017-09-28 18:10:40,9999-12-31 23:59:59,0,0,LCS 1600 + Additives,LCS 1600 + Additives,0,0,113071,""
221,210,1,"0","",2018-09-28 18:10:40,1,2017-09-28 18:10:40,9999-12-31 23:59:59,0,0,LCS 1820 + Additives,LCS 1820 + Additives,0,0,113073,""
222,211,1,"0","",2018-09-28 18:10:40,1,2017-09-28 18:10:40,9999-12-31 23:59:59,0,0,LITEmix 1325 (AB) + Additives,LITEmix 1325 (AB) + Additives,0,0,114710,""
223,212,1,"0","",2018-09-28 18:10:40,1,2017-09-28 18:10:40,9999-12-31 23:59:59,0,0,LITEmix 1325 (SK) + Additives,LITEmix 1325 (SK) + Additives,0,0,114710,""
224,213,1,"0","",2018-09-28 18:10:40,1,2017-09-28 18:10:40,9999-12-31 23:59:59,0,0,LITEmix 1400 (AB) + Additives,LITEmix 1400 (AB) + Additives,0,0,114716,""
225,214,1,"0","",2018-09-28 18:10:40,1,2017-09-28 18:10:40,9999-12-31 23:59:59,0,0,LITEmix 1400 (SK) + Additives,LITEmix 1400 (SK) + Additives,0,0,114716,""
226,215,1,"0","",2018-09-28 18:10:40,1,2017-09-28 18:10:40,9999-12-31 23:59:59,0,0,LITEmix EC + Additives,LITEmix EC + Additives,0,0,114708,""
227,216,1,"0","",2018-09-28 18:10:40,1,2017-09-28 18:10:40,9999-12-31 23:59:59,0,0,PRODUCTIONmix 1500 PRO + Additives,PRODUCTIONmix 1500 PRO + Additives,0,0,113410,""
228,217,1,"0","",2018-09-28 18:10:40,1,2017-09-28 18:10:40,9999-12-31 23:59:59,0,0,PRODUCTIONmix 1600 + Additives,PRODUCTIONmix 1600 + Additives,0,0,116021,""
229,218,1,"0","",2018-09-28 18:10:40,1,2017-09-28 18:10:40,9999-12-31 23:59:59,0,0,PRODUCTIONmix 1600 (SK) + Additives,PRODUCTIONmix 1600 (SK) + Additives,0,0,116021,""
230,219,1,"0","",2018-09-28 18:10:40,1,2017-09-28 18:10:40,9999-12-31 23:59:59,0,0,PRODUCTIONmix 1725 + Additives,PRODUCTIONmix 1725 + Additives,0,0,116422,""
231,220,1,"0","",2018-09-28 18:10:40,1,2017-09-28 18:10:40,9999-12-31 23:59:59,0,0,Proteus Pro + Additives,Proteus Pro + Additives,0,0,113033,""
232,221,1,"0","",2018-09-28 18:10:40,1,2017-09-28 18:10:40,9999-12-31 23:59:59,0,0,PRODUCTIONmix LW + Additives,PRODUCTIONmix LW + Additives,0,0,116424,""
233,222,1,"0","",2018-09-28 18:10:40,1,2017-09-28 18:10:40,9999-12-31 23:59:59,0,0,PRODUCTIONmix EC (Sask) + Additives,PRODUCTIONmix EC (Sask) + Additives,0,0,116418,""
234,223,1,"0","",2018-09-28 18:10:40,1,2017-09-28 18:10:40,9999-12-31 23:59:59,0,0,PRODUCTIONmix LW + Additives,PRODUCTIONmix LW + Additives,0,0,116424,""
235,224,1,"0","",2018-09-28 18:10:40,1,2017-09-28 18:10:40,9999-12-31 23:59:59,0,0,PRODUCTIONmix LW (Sask) + Additives,PRODUCTIONmix LW (Sask) + Additives,0,0,116424,""
236,225,1,"0","",2018-09-28 18:10:40,1,2017-09-28 18:10:40,9999-12-31 23:59:59,0,0,PRODUCTIONmix THX + Additives,PRODUCTIONmix THX + Additives,0,0,116420,""
237,226,1,"0","",2018-09-28 18:10:40,1,2017-09-28 18:10:40,9999-12-31 23:59:59,0,0,Proteus LCS + Additives,Proteus LCS + Additives,0,0,113035,""
238,227,1,"0","",2018-09-28 18:10:40,1,2017-09-28 18:10:40,9999-12-31 23:59:59,0,0,Proteus Core + Additives,Proteus Core + Additives,0,0,113031,""
239,228,1,"0","",2018-09-28 18:10:40,1,2017-09-28 18:10:40,9999-12-31 23:59:59,0,0,RAS II + Additives,RAS II + Additives,0,0,113077,""
240,229,1,"0","",2018-09-28 18:10:40,1,2017-09-28 18:10:40,9999-12-31 23:59:59,0,0,SanSeal + Additives,SanSeal + Additives,0,0,113118,""
241,230,1,"0","",2018-09-28 18:10:40,1,2017-09-28 18:10:40,9999-12-31 23:59:59,0,0,SanSeal HT + Additives,SanSeal HT + Additives,0,0,113120,""
242,231,1,"0","",2018-09-28 18:10:40,1,2017-09-28 18:10:40,9999-12-31 23:59:59,0,0,SSi + Additives,SSi + Additives,0,0,113010,""
243,232,1,"0","",2018-09-28 18:10:40,1,2017-09-28 18:10:40,9999-12-31 23:59:59,0,0,Superlite 13 + Additives,Superlite 13 + Additives,0,0,113085,""
244,233,1,"0","",2018-09-28 18:10:40,1,2017-09-28 18:10:40,9999-12-31 23:59:59,0,0,Superlite 13 (CDM-5) + Additives,Superlite 13 (CDM-5) + Additives,0,0,113085,""
245,234,1,"0","",2018-09-28 18:10:40,1,2017-09-28 18:10:40,9999-12-31 23:59:59,0,0,SUPERLITEmix PRO HT + Additives,SUPERLITEmix PRO HT + Additives,0,0,116116,""
246,235,1,"0","",2018-09-28 18:10:40,1,2017-09-28 18:10:40,9999-12-31 23:59:59,0,0,SUPERLITEmix PRO + Additives,SUPERLITEmix PRO + Additives,0,0,116115,""
247,236,1,"0","",2018-09-28 18:10:40,1,2017-09-28 18:10:40,9999-12-31 23:59:59,0,0,SURFACEmix LW (SK) + Additives,SURFACEmix LW (SK) + Additives,0,0,113405,""
248,237,1,"0","",2018-09-28 18:10:40,1,2017-09-28 18:10:40,9999-12-31 23:59:59,0,0,SURFACEmix LW PRO (SK) + Additives,SURFACEmix LW PRO (SK) + Additives,0,0,116114,""
249,238,1,"0","",2018-09-28 18:10:40,1,2017-09-28 18:10:40,9999-12-31 23:59:59,0,0,SURFACEmix PRO + Additives,SURFACEmix PRO + Additives,0,0,113408,""
250,239,1,"0","",2018-09-28 18:10:40,1,2017-09-28 18:10:40,9999-12-31 23:59:59,0,0,SURFACEmix PRO SL + Additives,SURFACEmix PRO SL + Additives,0,0,113435,""
251,240,1,"0","",2018-09-28 18:10:40,1,2017-09-28 18:10:40,9999-12-31 23:59:59,0,0,SURFACEmix SLW + Additives,SURFACEmix SLW + Additives,0,0,113407,""
252,241,1,"0","",2018-09-28 18:10:40,1,2017-09-28 18:10:40,9999-12-31 23:59:59,0,0,SurfLite (SK) + Additives,SurfLite (SK) + Additives,0,0,113005,""
253,242,1,"0","",2018-09-28 18:10:40,1,2017-09-28 18:10:40,9999-12-31 23:59:59,0,0,Thermal 40 + Additives,Thermal 40 + Additives,0,0,113061,""
254,243,1,"0","",2018-09-28 18:10:40,1,2017-09-28 18:10:40,9999-12-31 23:59:59,0,0,Thermal 40 EXP + Additives,Thermal 40 EXP + Additives,0,0,113063,""
255,244,1,"0","",2018-09-28 18:10:40,1,2017-09-28 18:10:40,9999-12-31 23:59:59,0,0,THERMAmix EC + Additives,THERMAmix EC + Additives,0,0,114718,""
256,245,1,"0","",2018-09-28 18:10:40,1,2017-09-28 18:10:40,9999-12-31 23:59:59,0,0,THERMAmix LT + Additives,THERMAmix LT + Additives,0,0,116415,""
258,246,1,"0","",2018-09-28 18:10:40,1,2017-09-28 18:10:40,9999-12-31 23:59:59,0,0,ThixLite HT (AB) + Additives,ThixLite HT (AB) + Additives,0,0,113027,""
259,247,1,"0","",2018-09-28 18:10:40,1,2017-09-28 18:10:40,9999-12-31 23:59:59,0,0,ThixLite HT (SK) + Additives,ThixLite HT (SK) + Additives,0,0,113027,""
260,248,1,"0","",2018-09-28 18:10:40,1,2017-09-28 18:10:40,9999-12-31 23:59:59,0,0,SURFACEmix LW PRO SL + Additives,SURFACEmix LW PRO SL + Additives,0,0,113381,""
261,249,1,"0","",2018-09-28 18:10:40,1,2017-09-28 18:10:40,9999-12-31 23:59:59,0,0,LDP-C-0117 + Additives,LDP-C-0117 + Additives,0,0,113317,""
262,250,1,"0","",2018-09-28 18:10:40,1,2017-09-28 18:10:40,9999-12-31 23:59:59,0,0,SUPERLITEmix 1160 + Additives,SUPERLITEmix 1160 + Additives,0,0,114712,""
263,251,1,"0","",2018-09-28 18:10:39,1,2017-09-28 18:10:39,9999-12-31 23:59:59,0,0,"0:1:0 'A' + Additives","0:1:0 'A' + Additives",0,0,113050,""
264,252,1,"0","",2018-09-28 18:10:40,1,2017-09-28 18:10:40,9999-12-31 23:59:59,0,0,Sil 1,Sil 1,0,0,,IIN023203
265,253,1,"0","",2018-09-28 18:10:40,1,2017-09-28 18:10:40,9999-12-31 23:59:59,0,0,Sil 4,Sil 4,0,0,,IIN023204
266,254,1,"0","",2018-09-28 18:10:40,1,2017-09-28 18:10:40,9999-12-31 23:59:59,0,0,SUPERLITEmix 1160x,SUPERLITEmix 1160x,0,0,116447,""
267,255,1,"0","",2018-09-28 18:10:40,1,2017-09-28 18:10:40,9999-12-31 23:59:59,0,0,SUPERLITEmix 1160x + Additives,SUPERLITEmix 1160x + Additives,0,0,116448,""
268,256,1,"0","",2018-09-28 18:10:40,1,2017-09-28 18:10:40,9999-12-31 23:59:59,0,0,SUPERLITEmix 1100x,SUPERLITEmix 1100x,0,0,116445,""
269,257,1,"0","",2018-09-28 18:10:40,1,2017-09-28 18:10:40,9999-12-31 23:59:59,0,0,SUPERLITEmix 1100x + Additives,SUPERLITEmix 1100x + Additives,0,0,116446,""
270,258,1,"0","",2018-09-28 18:10:40,1,2017-09-28 18:10:40,9999-12-31 23:59:59,0,0,LDP-C-0517,LDP-C-0517 Thermal Lightweight Cement,0,0,116427,""
271,259,1,"0","",2018-09-28 18:10:40,1,2017-09-28 18:10:40,9999-12-31 23:59:59,0,0,LDP-C-0517 + Additives,LDP-C-0517 Thermal Lightweight Cement  + Additives,0,0,116428,""
272,260,1,"0","",2018-09-28 18:10:40,1,2017-09-28 18:10:40,9999-12-31 23:59:59,0,0,THERMAmix SLW,THERMAmix SLW,0,0,116429,""
273,261,1,"0","",2018-09-28 18:10:40,1,2017-09-28 18:10:40,9999-12-31 23:59:59,0,0,THERMAmix SLW + Additives,THERMAmix SLW + Additives,0,0,116430,""
274,262,1,"0","",2018-09-28 18:10:40,1,2017-09-28 18:10:40,9999-12-31 23:59:59,0,0,THERMAmix PRO,THERMAmix PRO,0,0,116431,""
275,263,1,"0","",2018-09-28 18:10:40,1,2017-09-28 18:10:40,9999-12-31 23:59:59,0,0,THERMAmix PRO  + Additives,THERMAmix PRO  + Additives,0,0,116432,""
276,264,1,"0","",2018-09-28 18:10:41,1,2017-09-28 18:10:41,9999-12-31 23:59:59,0,0,MCR-9L,MCR-9L,0,0,113125,IIN023201
277,265,1,"0","",2018-09-28 18:10:41,1,2017-09-28 18:10:41,9999-12-31 23:59:59,0,0,ECOmix,ECOmix,0,0,,IIN054828
278,266,1,"0","",2018-09-28 18:10:41,1,2017-09-28 18:10:41,9999-12-31 23:59:59,0,0,SURFACEmix LW PRO SL (SK),SURFACEmix LW PRO SL (SK),0,0,113380,""
279,267,1,"0","",2018-09-28 18:10:41,1,2017-09-28 18:10:41,9999-12-31 23:59:59,0,0,SURFACEmix LW PRO SL (SK) + Additives,SURFACEmix LW PRO SL (SK) + Additives,0,0,113381,""
280,268,1,"0","",2018-09-28 18:10:41,1,2017-09-28 18:10:41,9999-12-31 23:59:59,0,0,THERMAmix THX,THERMAmix THX,0,0,116117,""
281,269,1,"0","",2018-09-28 18:10:41,1,2017-09-28 18:10:41,9999-12-31 23:59:59,0,0,THERMAmix THX + Additives,THERMAmix THX + Additives,0,0,116124,""
282,270,1,"0","",2018-09-28 18:10:41,1,2017-09-28 18:10:41,9999-12-31 23:59:59,0,0,SURFACEmix THX,SURFACEmix THX,0,0,116133,""
283,271,1,"0","",2018-09-28 18:10:41,1,2017-09-28 18:10:41,9999-12-31 23:59:59,0,0,SURFACEmix THX + Additives,SURFACEmix THX + Additives,0,0,116134,""
284,272,1,"0","",2018-09-28 18:10:41,1,2017-09-28 18:10:41,9999-12-31 23:59:59,0,0,Silica Flour - 325 Mesh,Silica Flour  - 325 Mesh,0,0,113295,IIN023206
285,273,1,"0","",2018-09-28 18:10:41,1,2017-09-28 18:10:41,9999-12-31 23:59:59,0,0,SUPERLITEmix PRO X,SUPERLITEmix PRO X,0,0,116449,""
286,274,1,"0","",2018-09-28 18:10:41,1,2017-09-28 18:10:41,9999-12-31 23:59:59,0,0,SUPERLITEmix PRO X + Additives,SUPERLITEmix PRO X + Additives,0,0,116450,""
287,275,1,"0","",2018-09-28 18:10:41,1,2017-09-28 18:10:41,9999-12-31 23:59:59,0,0,Visweep,Visweep,0,0,113180,""
288,276,1,"0","",2018-09-28 18:10:41,1,2017-09-28 18:10:41,9999-12-31 23:59:59,0,0,Water Wet Max,Water Wet Max,0,0,113181,""
289,277,1,"0","",2018-09-28 18:10:41,1,2017-09-28 18:10:41,9999-12-31 23:59:59,0,0,Invert Spacer,Invert Spacer,0,0,113190,""
290,278,1,"0","",2018-09-28 18:10:41,1,2017-09-28 18:10:41,9999-12-31 23:59:59,0,0,Mud Flush,Mud Flush,0,0,113195,""
291,279,1,"0","",2018-09-28 18:10:41,1,2017-09-28 18:10:41,9999-12-31 23:59:59,0,0,Indicator Dye,Indicator Dye,0,0,113197,""
292,280,1,"0","",2018-09-28 18:10:41,1,2017-09-28 18:10:41,9999-12-31 23:59:59,0,0,Wellseal G,Wellseal G,0,0,113204,""
293,281,1,"0","",2018-09-28 18:10:41,1,2017-09-28 18:10:41,9999-12-31 23:59:59,0,0,Wellseal,Wellseal,0,0,113205,""
294,282,1,"0","",2018-09-28 18:10:41,1,2017-09-28 18:10:41,9999-12-31 23:59:59,0,0,RP-20 Cement Preflush,RP-20 Cement Preflush,0,0,113217,""
295,283,1,"0","",2018-09-28 18:10:41,1,2017-09-28 18:10:41,9999-12-31 23:59:59,0,0,One Part Spacer,One Part Spacer,0,0,113424,""
296,284,1,"0","",2018-09-28 18:10:41,1,2017-09-28 18:10:41,9999-12-31 23:59:59,0,0,BORAjel,BORAjel,0,0,115005,""
297,285,1,"0","",2018-09-28 18:10:41,1,2017-09-28 18:10:41,9999-12-31 23:59:59,0,0,WELLBLOCK 'T',WELLBLOCK 'T',0,0,113298,""
298,286,1,"0","",2018-09-28 18:10:41,1,2017-09-28 18:10:41,9999-12-31 23:59:59,0,0,SAPP,SAPP,0,0,113200,IIN023193
299,287,1,"0","",2018-09-28 18:10:41,1,2017-09-28 18:10:41,9999-12-31 23:59:59,0,0,Fresh Water,Fresh Water,0,0,,""
300,288,1,"0","",2018-09-28 18:10:41,1,2017-09-28 18:10:41,9999-12-31 23:59:59,0,0,Base Oil,Base Oil,0,0,,IIN023193
301,289,1,"0","",2018-09-28 18:10:41,1,2017-09-28 18:10:41,9999-12-31 23:59:59,0,0,AI-8,AI-8,0,0,114024,IIN023008
302,290,1,"0","",2018-09-28 18:10:41,1,2017-09-28 18:10:41,9999-12-31 23:59:59,0,0,Aqueous Ammonia,Aqueous Ammonia,0,0,114182,null
303,291,1,"0","",2018-09-28 18:10:41,1,2017-09-28 18:10:41,9999-12-31 23:59:59,0,0,ASA-3W,ASA-3W,0,0,114042,IIN023014
304,292,1,"0","",2018-09-28 18:10:41,1,2017-09-28 18:10:41,9999-12-31 23:59:59,0,0,ASM-4,ASM-4,0,0,113415,null
305,293,1,"0","",2018-09-28 18:10:41,1,2017-09-28 18:10:41,9999-12-31 23:59:59,0,0,ASM-6,ASM-6,0,0,114268,IIN023132
306,294,1,"0","",2018-09-28 18:10:41,1,2017-09-28 18:10:41,9999-12-31 23:59:59,0,0,B-1008,B-1008,0,0,114202,IIN023017
307,295,1,"0","",2018-09-28 18:10:41,1,2017-09-28 18:10:41,9999-12-31 23:59:59,0,0,BE-1,BE-1,0,0,114200,null
308,296,1,"0","",2018-09-28 18:10:41,1,2017-09-28 18:10:41,9999-12-31 23:59:59,0,0,Bio-Clear 2000,Bio-Clear 2000,0,0,113449,IIN054179
309,297,1,"0","",2018-09-28 18:10:41,1,2017-09-28 18:10:41,9999-12-31 23:59:59,0,0,Breaker-F,Breaker-F,0,0,114291,IIN023033
310,298,1,"0","",2018-09-28 18:10:41,1,2017-09-28 18:10:41,9999-12-31 23:59:59,0,0,Breaker-O,Breaker-O,0,0,114295,IIN023034
311,299,1,"0","",2018-09-28 18:10:41,1,2017-09-28 18:10:41,9999-12-31 23:59:59,0,0,Buffer F,Buffer F,0,0,114029,null
312,300,1,"0","",2018-09-28 18:10:41,1,2017-09-28 18:10:41,9999-12-31 23:59:59,0,0,BX-1LB,BX-1LB,0,0,114369,IIN023043
313,301,1,"0","",2018-09-28 18:10:41,1,2017-09-28 18:10:41,9999-12-31 23:59:59,0,0,CaCO3,CaCO3,0,0,114216,null
314,302,1,"0","",2018-09-28 18:10:41,1,2017-09-28 18:10:41,9999-12-31 23:59:59,0,0,CAS-1,CAS-1,0,0,114050,IIN023055
315,303,1,"0","",2018-09-28 18:10:41,1,2017-09-28 18:10:41,9999-12-31 23:59:59,0,0,CDF-3L,CDF-3L,0,0,113262,IIN023085
316,304,1,"0","",2018-09-28 18:10:41,1,2017-09-28 18:10:41,9999-12-31 23:59:59,0,0,CDM-10,CDM-10,0,0,113421,null
317,305,1,"0","",2018-09-28 18:10:41,1,2017-09-28 18:10:41,9999-12-31 23:59:59,0,0,CFL-14,CFL-14,0,0,113141,null
318,306,1,"0","",2018-09-28 18:10:41,1,2017-09-28 18:10:41,9999-12-31 23:59:59,0,0,CFL-2,CFL-2,0,0,113131,IIN023059
319,307,1,"0","",2018-09-28 18:10:41,1,2017-09-28 18:10:41,9999-12-31 23:59:59,0,0,D-2,D-2,0,0,114031,IIN023082
320,308,1,"0","",2018-09-28 18:10:41,1,2017-09-28 18:10:41,9999-12-31 23:59:59,0,0,D-4,D-4,0,0,116008,IIN023083
321,309,1,"0","",2018-09-28 18:10:41,1,2017-09-28 18:10:41,9999-12-31 23:59:59,0,0,DA-1,DA-1,0,0,113398,IIN023118
322,310,1,"0","",2018-09-28 18:10:41,1,2017-09-28 18:10:41,9999-12-31 23:59:59,0,0,DF-1,DF-1,0,0,113255,IIN023084
323,311,1,"0","",2018-09-28 18:10:41,1,2017-09-28 18:10:41,9999-12-31 23:59:59,0,0,DG-1,DG-1,0,0,113399,IIN036454
324,312,1,"0","",2018-09-28 18:10:41,1,2017-09-28 18:10:41,9999-12-31 23:59:59,0,0,EF-1,EF-1,0,0,114051,IIN037040
325,313,1,"0","",2018-09-28 18:10:41,1,2017-09-28 18:10:41,9999-12-31 23:59:59,0,0,HSSW-1,HSSW-1,0,0,114197,IIN023106
326,314,1,"0","",2018-09-28 18:10:41,1,2017-09-28 18:10:41,9999-12-31 23:59:59,0,0,HTAI-4,HTAI-4,0,0,114025,null
327,315,1,"0","",2018-09-28 18:10:41,1,2017-09-28 18:10:41,9999-12-31 23:59:59,0,0,HTAI-6,HTAI-6,0,0,114034,null
328,316,1,"0","",2018-09-28 18:10:41,1,2017-09-28 18:10:41,9999-12-31 23:59:59,0,0,HTAI-8,HTAI-8,0,0,114035,IIN023108
329,317,1,"0","",2018-09-28 18:10:41,1,2017-09-28 18:10:41,9999-12-31 23:59:59,0,0,ICA-7,ICA-7,0,0,114106,IIN023112
330,318,1,"0","",2018-09-28 18:10:41,1,2017-09-28 18:10:41,9999-12-31 23:59:59,0,0,ICA-8,ICA-8,0,0,114108,IIN023113
331,319,1,"0","",2018-09-28 18:10:41,1,2017-09-28 18:10:41,9999-12-31 23:59:59,0,0,ICA-8C,ICA-8C,0,0,114110,IIN023114
332,320,1,"0","",2018-09-28 18:10:41,1,2017-09-28 18:10:41,9999-12-31 23:59:59,0,0,IPG-4,IPG-4,0,0,113216,IIN023117
333,321,1,"0","",2018-09-28 18:10:41,1,2017-09-28 18:10:41,9999-12-31 23:59:59,0,0,ISA-1,ISA-1,0,0,114090,null
334,322,1,"0","",2018-09-28 18:10:41,1,2017-09-28 18:10:41,9999-12-31 23:59:59,0,0,LCF-6,LCF-6,0,0,113249,IIN023088
335,323,1,"0","",2018-09-28 18:10:41,1,2017-09-28 18:10:41,9999-12-31 23:59:59,0,0,LCG-12,LCG-12,0,0,113242,null
336,324,1,"0","",2018-09-28 18:10:41,1,2017-09-28 18:10:41,9999-12-31 23:59:59,0,0,LCG-13,LCG-13,0,0,113243,null
337,325,1,"0","",2018-09-28 18:10:41,1,2017-09-28 18:10:41,9999-12-31 23:59:59,0,0,LCG-8,LCG-8,0,0,113241,null
338,326,1,"0","",2018-09-28 18:10:41,1,2017-09-28 18:10:41,9999-12-31 23:59:59,0,0,LCL-10,LCL-10,0,0,113252,null
339,327,1,"0","",2018-09-28 18:10:41,1,2017-09-28 18:10:41,9999-12-31 23:59:59,0,0,LCL-7,LCL-7,0,0,113247,IIN023175
340,328,1,"0","",2018-09-28 18:10:41,1,2017-09-28 18:10:41,9999-12-31 23:59:59,0,0,MCR-4,MCR-4,0,0,113124,IIN023079
341,329,1,"0","",2018-09-28 18:10:41,1,2017-09-28 18:10:41,9999-12-31 23:59:59,0,0,MS-1,MS-1,0,0,114135,IIN023154
342,330,1,"0","",2018-09-28 18:10:41,1,2017-09-28 18:10:41,9999-12-31 23:59:59,0,0,NaCl (Rock Salt),NaCl (Rock Salt),0,0,113104,IIN023188
343,331,1,"0","",2018-09-28 18:10:41,1,2017-09-28 18:10:41,9999-12-31 23:59:59,0,0,Napthalene Flakes,Napthalene Flakes,0,0,114215,null
344,332,1,"0","",2018-09-28 18:10:41,1,2017-09-28 18:10:41,9999-12-31 23:59:59,0,0,OWDA,OWDA,0,0,114220,IIN023170
345,333,1,"0","",2018-09-28 18:10:41,1,2017-09-28 18:10:41,9999-12-31 23:59:59,0,0,S-101,S-101,0,0,114070,IIN023182
346,334,1,"0","",2018-09-28 18:10:41,1,2017-09-28 18:10:41,9999-12-31 23:59:59,0,0,SANJET Sand,SANJET Sand,0,0,114375,IIN023205
347,335,1,"0","",2018-09-28 18:10:41,1,2017-09-28 18:10:41,9999-12-31 23:59:59,0,0,SCC-1L,SCC-1L,0,0,114127,IIN023194
348,336,1,"0","",2018-09-28 18:10:41,1,2017-09-28 18:10:41,9999-12-31 23:59:59,0,0,SCC-2L,SCC-2L,0,0,114128,IIN023195
349,337,1,"0","",2018-09-28 18:10:41,1,2017-09-28 18:10:41,9999-12-31 23:59:59,0,0,SI-14W,SI-14W,0,0,114273,IIN023201
350,338,1,"0","",2018-09-28 18:10:41,1,2017-09-28 18:10:41,9999-12-31 23:59:59,0,0,SR-1,SR-1,0,0,114284,IIN023213
351,339,1,"0","",2018-09-28 18:10:41,1,2017-09-28 18:10:41,9999-12-31 23:59:59,0,0,SSCI,SSCI,0,0,114196,IIN023214
352,340,1,"0","",2018-09-28 18:10:41,1,2017-09-28 18:10:41,9999-12-31 23:59:59,0,0,SSL -2,SSL -2,0,0,116252,null
353,341,1,"0","",2018-09-28 18:10:41,1,2017-09-28 18:10:41,9999-12-31 23:59:59,0,0,StimSol 200,StimSol 200,0,0,114234,IIN023216
354,342,1,"0","",2018-09-28 18:10:41,1,2017-09-28 18:10:41,9999-12-31 23:59:59,0,0,Stim-Wett Max I,Stim-Wett Max I,0,0,114237,null
355,343,1,"0","",2018-09-28 18:10:41,1,2017-09-28 18:10:41,9999-12-31 23:59:59,0,0,Stim-Wett Max II,Stim-Wett Max II,0,0,114238,null
356,344,1,"0","",2018-09-28 18:10:41,1,2017-09-28 18:10:41,9999-12-31 23:59:59,0,0,Stim-Wett Max III,Stim-Wett Max III,0,0,114239,null
357,345,1,"0","",2018-09-28 18:10:41,1,2017-09-28 18:10:41,9999-12-31 23:59:59,0,0,Sugar,Sugar,0,0,113266,IIN023217
358,346,1,"0","",2018-09-28 18:10:41,1,2017-09-28 18:10:41,9999-12-31 23:59:59,0,0,Toluene,Toluene,0,0,114236,null
359,347,1,"0","",2018-09-28 18:10:41,1,2017-09-28 18:10:41,9999-12-31 23:59:59,0,0,WG-1L,WG-1L,0,0,113203,IIN023235
360,348,1,"0","",2018-09-28 18:10:41,1,2017-09-28 18:10:41,9999-12-31 23:59:59,0,0,WG-2BL,WG-2BL,0,0,113210,IIN023236
361,349,1,"0","",2018-09-28 18:10:41,1,2017-09-28 18:10:41,9999-12-31 23:59:59,0,0,WG-3L,WG-3L,0,0,113206,IIN023237
362,350,1,"0","",2018-09-28 18:10:41,1,2017-09-28 18:10:41,9999-12-31 23:59:59,0,0,WG-4P,WG-4P,0,0,113207,IIN023234
363,351,1,"0","",2018-09-28 18:10:41,1,2017-09-28 18:10:41,9999-12-31 23:59:59,0,0,WG-6P,WG-6P,0,0,113189,IIN023132
364,352,1,"0","",2018-09-28 18:10:41,1,2017-09-28 18:10:41,9999-12-31 23:59:59,0,0,WG-6ZL,WG-6ZL,0,0,114383,IIN023240
365,353,1,"0","",2018-09-28 18:10:41,1,2017-09-28 18:10:41,9999-12-31 23:59:59,0,0,WWS-1L,WWS-1L,0,0,113185,IIN023183
366,354,1,"0","",2018-09-28 18:10:41,1,2017-09-28 18:10:41,9999-12-31 23:59:59,0,0,WWS-2L,WWS-2L,0,0,113186,IIN023166
367,355,1,"0","",2018-09-28 18:10:41,1,2017-09-28 18:10:41,9999-12-31 23:59:59,0,0,WWS-3L,WWS-3L,0,0,113187,IIN023242
368,356,1,"0","",2018-09-28 18:10:42,1,2017-09-28 18:10:42,9999-12-31 23:59:59,0,0,WWS-4L,WWS-4L,0,0,113188,IIN054774
369,357,1,"0","",2018-09-28 18:10:41,1,2017-09-28 18:10:41,9999-12-31 23:59:59,0,0,"12/20 Round Sand","12/20 Round Sand",0,0,113297,null
370,358,1,"0","",2018-09-28 18:10:41,1,2017-09-28 18:10:41,9999-12-31 23:59:59,0,0,AI-4,AI-4,0,0,114021,IIN023005
371,359,1,"0","",2018-09-28 18:10:41,1,2017-09-28 18:10:41,9999-12-31 23:59:59,0,0,AI-7,AI-7,0,0,114023,IIN023007
372,360,1,"0","",2018-09-28 18:10:42,1,2017-09-28 18:10:42,9999-12-31 23:59:59,0,0,SURFACEmix PRO ED,SURFACEmix PRO ED,0,0,113437,""
373,361,1,"0","",2018-09-28 18:10:42,1,2017-09-28 18:10:42,9999-12-31 23:59:59,0,0,SURFACEmix PRO ED + Additives,SURFACEmix PRO ED + Additives,0,0,113438,""
374,362,1,"0","",2018-09-28 18:10:42,1,2017-09-28 18:10:42,9999-12-31 23:59:59,0,0,SURFACEmix PRO RD,SURFACEmix PRO RD,0,0,113439,""
375,363,1,"0","",2018-09-28 18:10:42,1,2017-09-28 18:10:42,9999-12-31 23:59:59,0,0,SURFACEmix PRO RD + Additives,SURFACEmix PRO RD + Additives,0,0,113440,""
376,364,1,"0","",2018-09-28 18:10:42,1,2017-09-28 18:10:42,9999-12-31 23:59:59,0,0,SURFACEmix PRO GP,SURFACEmix PRO GP,0,0,113441,""
377,365,1,"0","",2018-09-28 18:10:42,1,2017-09-28 18:10:42,9999-12-31 23:59:59,0,0,SURFACEmix PRO GP + Additives,SURFACEmix PRO GP + Additives,0,0,113442,""
378,366,1,"0","",2018-09-28 18:10:42,1,2017-09-28 18:10:42,9999-12-31 23:59:59,0,0,SURFACEmix PRO FJ,SURFACEmix PRO FJ,0,0,113443,""
379,367,1,"0","",2018-09-28 18:10:42,1,2017-09-28 18:10:42,9999-12-31 23:59:59,0,0,SURFACEmix PRO FJ + Additives,SURFACEmix PRO FJ + Additives,0,0,113444,""
380,368,1,"0","",2018-09-28 18:10:42,1,2017-09-28 18:10:42,9999-12-31 23:59:59,0,0,SURFACEmix LW PRO ED,SURFACEmix LW PRO ED,0,0,113445,""
381,369,1,"0","",2018-09-28 18:10:42,1,2017-09-28 18:10:42,9999-12-31 23:59:59,0,0,SURFACEmix LW PRO ED + Additives,SURFACEmix LW PRO ED + Additives,0,0,113446,""
382,370,1,"0","",2018-09-28 18:10:42,1,2017-09-28 18:10:42,9999-12-31 23:59:59,0,0,SURFACEmix LW PRO GP,SURFACEmix LW PRO GP,0,0,113447,""
383,371,1,"0","",2018-09-28 18:10:42,1,2017-09-28 18:10:42,9999-12-31 23:59:59,0,0,SURFACEmix LW PRO GP + Additives,SURFACEmix LW PRO GP + Additives,0,0,113448,""
384,372,1,"0","",2018-09-28 18:10:42,1,2017-09-28 18:10:42,9999-12-31 23:59:59,0,0,SURFACEmix LW PRO RD,SURFACEmix LW PRO RD,0,0,113451,""
385,373,1,"0","",2018-09-28 18:10:42,1,2017-09-28 18:10:42,9999-12-31 23:59:59,0,0,SURFACEmix LW PRO RD + Additives,SURFACEmix LW PRO RD + Additives,0,0,113452,""
386,374,1,"0","",2018-09-28 18:10:42,1,2017-09-28 18:10:42,9999-12-31 23:59:59,0,0,Fresh Water + Additives,Fresh Water + Additives,0,0,,""
387,375,1,"0","",2018-09-28 18:10:42,1,2017-09-28 18:10:42,9999-12-31 23:59:59,0,0,Base Oil + Additives,Base Oil + Additives,0,0,,""
388,376,1,"0","",2018-09-28 18:10:42,1,2017-09-28 18:10:42,9999-12-31 23:59:59,0,0,WELLBLOCK 'T' + Additives,WELLBLOCK 'T' + Additives,0,0,,""
389,377,1,"0","",2018-09-28 18:10:42,1,2017-09-28 18:10:42,9999-12-31 23:59:59,0,0,BORAjel + Additives,BORAjel + Additives,0,0,,""
390,378,1,"0","",2018-09-28 18:10:42,1,2017-09-28 18:10:42,9999-12-31 23:59:59,0,0,One Part Spacer + Additives,One Part Spacer + Additives,0,0,,""
391,379,1,"0","",2018-09-28 18:10:42,1,2017-09-28 18:10:42,9999-12-31 23:59:59,0,0,RP-20 + Additives,RP-20 + Additives,0,0,,""
392,380,1,"0","",2018-09-28 18:10:42,1,2017-09-28 18:10:42,9999-12-31 23:59:59,0,0,Wellseal + Additives,Wellseal + Additives,0,0,,""
393,381,1,"0","",2018-09-28 18:10:42,1,2017-09-28 18:10:42,9999-12-31 23:59:59,0,0,Wellseal G + Additives,Wellseal G + Additives,0,0,,""
394,382,1,"0","",2018-09-28 18:10:42,1,2017-09-28 18:10:42,9999-12-31 23:59:59,0,0,Indicator Dye + Additives,Indicator Dye + Additives,0,0,,""
395,383,1,"0","",2018-09-28 18:10:42,1,2017-09-28 18:10:42,9999-12-31 23:59:59,0,0,Mud Flush + Additives,Mud Flush + Additives,0,0,,""
396,384,1,"0","",2018-09-28 18:10:42,1,2017-09-28 18:10:42,9999-12-31 23:59:59,0,0,Invert Spacer + Additives,Invert Spacer + Additives,0,0,,""
397,385,1,"0","",2018-09-28 18:10:42,1,2017-09-28 18:10:42,9999-12-31 23:59:59,0,0,Water Wet Max + Additives,Water Wet Max + Additives,0,0,,""
398,386,1,"0","",2018-09-28 18:10:42,1,2017-09-28 18:10:42,9999-12-31 23:59:59,0,0,Visweep + Additives,Visweep + Additives,0,0,,""
399,387,1,"0","",2018-09-28 18:10:42,1,2017-09-28 18:10:42,9999-12-31 23:59:59,0,0,Sanjel Blended Acid Systems (S-BAS),Sanjel Blended Acid Systems (S-BAS),0,0,114232,""
400,388,1,"0","",2018-09-28 18:10:42,1,2017-09-28 18:10:42,9999-12-31 23:59:59,0,0,Sanjel Blended Solvent (Bsolv),Sanjel Blended Solvent (Bsolv),0,0,114233,""
401,389,1,"0","",2018-09-28 18:10:42,1,2017-09-28 18:10:42,9999-12-31 23:59:59,0,0,HCL 15%,HCL Blend - 15%,0,0,114017,""
402,390,1,"0","",2018-09-28 18:10:42,1,2017-09-28 18:10:42,9999-12-31 23:59:59,0,0,SURFACEmix LW PRO LLD,SURFACEmix LW PRO LLD,0,0,113453,""
403,391,1,"0","",2018-09-28 18:10:42,1,2017-09-28 18:10:42,9999-12-31 23:59:59,0,0,SURFACEmix LW PRO LLD + Additives,SURFACEmix LW PRO LLD + Additives,0,0,113454,""
404,392,1,"0","",2018-09-28 18:10:42,1,2017-09-28 18:10:42,9999-12-31 23:59:59,0,0,Scavenger,Scavenger,0,0,,""
405,393,1,"0","",2018-09-28 18:10:42,1,2017-09-28 18:10:42,9999-12-31 23:59:59,0,0,SUPERLITEmix 1160 C,SUPERLITEmix 1160 C,0,0,,""
406,394,1,"0","",2018-09-28 18:10:42,1,2017-09-28 18:10:42,9999-12-31 23:59:59,0,0,SUPERLITEmix 1160 C + Additives,SUPERLITEmix 1160 C + Additives,0,0,116452,""
407,395,1,"0","",2018-09-28 18:10:42,1,2017-09-28 18:10:42,9999-12-31 23:59:59,0,0,CDM-4X,CDM-4X,0,0,,""
408,396,1,"0","",2018-09-28 18:10:42,1,2017-09-28 18:10:42,9999-12-31 23:59:59,0,0,PRODUCTIONmix HZ,PRODUCTIONmix HZ,0,0,116433,""
409,397,1,"0","",2018-09-28 18:10:42,1,2017-09-28 18:10:42,9999-12-31 23:59:59,0,0,PRODUCTIONmix HZ + Additives,PRODUCTIONmix HZ + Additives,0,0,116434,""
410,398,1,"0","",2018-09-28 18:10:42,1,2017-09-28 18:10:42,9999-12-31 23:59:59,0,0,Ciment Fondue EC,Ciment Fondue EC,0,0,116435,""
411,399,1,"0","",2018-09-28 18:10:42,1,2017-09-28 18:10:42,9999-12-31 23:59:59,0,0,Ciment Fondue EC + Additives,Ciment Fondue EC + Additives,0,0,116436,""
412,400,1,"0","",2018-09-28 18:10:42,1,2017-09-28 18:10:42,9999-12-31 23:59:59,0,0,GCA-2,GCA-2 Gas Migration Control Additive,0,0,113221,""
413,401,1,"0","",2018-09-28 18:10:42,1,2017-09-28 18:10:42,9999-12-31 23:59:59,0,0,LDP-C-0418,LDP-C-0418 On the Fly Spacer,0,0,113182,""
414,402,1,"0","",2018-09-28 18:10:42,1,2017-09-28 18:10:42,9999-12-31 23:59:59,0,0,LDP-C-0518,LDP-C-0518 Gas Migration Control Additive,0,0,113223,""
415,403,1,"0","",2018-09-28 18:10:42,1,2017-09-28 18:10:42,9999-12-31 23:59:59,0,0,Silica Density Control Additive,Silica Density Control Additive,0,0,113233,""
416,404,1,"0","",2018-09-28 18:10:42,1,2017-09-28 18:10:42,9999-12-31 23:59:59,0,0,ACW-4,ACW-4 Completion Fluid Corrosion Inhibitor,0,0,114194,""
417,405,1,"0","",2018-09-28 18:10:42,1,2017-09-28 18:10:42,9999-12-31 23:59:59,0,0,LDP-C-0718,LDP-C-0718 - Cement Accelerator,0,0,113308,""
418,406,1,"0","",2018-09-28 18:10:42,1,2017-09-28 18:10:42,9999-12-31 23:59:59,0,0,LDP-C-0618,LDP-C-0618 - Lightweight Cement,0,0,116453,""
419,407,1,"0","",2018-09-28 18:10:42,1,2017-09-28 18:10:42,9999-12-31 23:59:59,0,0,LDP-C-0618 + Additives,LDP-C-0618 - Lightweight Cement + Adds,0,0,116454,""
420,408,1,"0","",2018-09-28 18:10:37,1,2017-09-28 18:10:37,9999-12-31 23:59:59,0,0,LDP-C-0418 + Additives,LDP-C-0418 + Additives,0,0,,""
