"id","system_id","version","modified_user_id","modified_user_name","modified_datetime","operation_type","effective_start_datetime","effective_end_datetime","entity_status","owner_id","name","description","SbsReleasedProductId","Price","InventoryNumber","ServicePoint","PriceUnit","UnitId"
1,1,1,"0","",2018-09-10 12:01:06,1,2018-09-10 12:01:06,9999-12-31 23:59:59,0,0,,,"",5.15,IIN023003,D603,1.00,l
2,2,1,"0","",2018-09-10 12:01:06,1,2018-09-10 12:01:06,9999-12-31 23:59:59,0,0,,,"",5.04,IIN023003,D604,1.00,l
3,3,1,"0","",2018-09-10 12:01:06,1,2018-09-10 12:01:06,9999-12-31 23:59:59,0,0,,,"",5.17,IIN023003,D615,1.00,l
4,4,1,"0","",2018-09-10 12:01:06,1,2018-09-10 12:01:06,9999-12-31 23:59:59,0,0,,,"",5.25,IIN023003,D616,1.00,l
5,5,1,"0","",2018-09-10 12:01:06,1,2018-09-10 12:01:06,9999-12-31 23:59:59,0,0,,,"",5.50,IIN023005,D604,1.00,l
6,6,1,"0","",2018-09-10 12:01:06,1,2018-09-10 12:01:06,9999-12-31 23:59:59,0,0,,,"",4.16,IIN023014,D604,1.00,l
7,7,1,"0","",2018-09-10 12:01:06,1,2018-09-10 12:01:06,9999-12-31 23:59:59,0,0,,,"",4.14,IIN023014,D616,1.00,l
8,8,1,"0","",2018-09-10 12:01:06,1,2018-09-10 12:01:06,9999-12-31 23:59:59,0,0,,,"",3.86,IIN023017,D603,1.00,l
9,9,1,"0","",2018-09-10 12:01:06,1,2018-09-10 12:01:06,9999-12-31 23:59:59,0,0,,,"",3.85,IIN023017,D604,1.00,l
10,10,1,"0","",2018-09-10 12:01:06,1,2018-09-10 12:01:06,9999-12-31 23:59:59,0,0,,,"",3.96,IIN023017,D607,1.00,l
11,11,1,"0","",2018-09-10 12:01:06,1,2018-09-10 12:01:06,9999-12-31 23:59:59,0,0,,,"",3.85,IIN023017,D612,1.00,l
12,12,1,"0","",2018-09-10 12:01:06,1,2018-09-10 12:01:06,9999-12-31 23:59:59,0,0,,,"",3.95,IIN023017,D615,1.00,l
13,13,1,"0","",2018-09-10 12:01:06,1,2018-09-10 12:01:06,9999-12-31 23:59:59,0,0,,,"",4.08,IIN023017,D616,1.00,l
14,14,1,"0","",2018-09-10 12:01:06,1,2018-09-10 12:01:06,9999-12-31 23:59:59,0,0,,,"",0.46,IIN023019,D606,1.00,kg
15,15,1,"0","",2018-09-10 12:01:06,1,2018-09-10 12:01:06,9999-12-31 23:59:59,0,0,,,"",0.39,IIN023019,D616,1.00,kg
16,16,1,"0","",2018-09-10 12:01:06,1,2018-09-10 12:01:06,9999-12-31 23:59:59,0,0,,,"",0.43,IIN023022,D602,1.00,kg
17,17,1,"0","",2018-09-10 12:01:06,1,2018-09-10 12:01:06,9999-12-31 23:59:59,0,0,,,"",0.41,IIN023022,D603,1.00,kg
18,18,1,"0","",2018-09-10 12:01:06,1,2018-09-10 12:01:06,9999-12-31 23:59:59,0,0,,,"",0.44,IIN023022,D604,1.00,kg
19,19,1,"0","",2018-09-10 12:01:06,1,2018-09-10 12:01:06,9999-12-31 23:59:59,0,0,,,"",0.45,IIN023022,D606,1.00,kg
20,20,1,"0","",2018-09-10 12:01:06,1,2018-09-10 12:01:06,9999-12-31 23:59:59,0,0,,,"",0.43,IIN023022,D607,1.00,kg
21,21,1,"0","",2018-09-10 12:01:06,1,2018-09-10 12:01:06,9999-12-31 23:59:59,0,0,,,"",0.46,IIN023022,D612,1.00,kg
22,22,1,"0","",2018-09-10 12:01:06,1,2018-09-10 12:01:06,9999-12-31 23:59:59,0,0,,,"",0.47,IIN023022,D615,1.00,kg
23,23,1,"0","",2018-09-10 12:01:06,1,2018-09-10 12:01:06,9999-12-31 23:59:59,0,0,,,"",0.36,IIN023022,D616,1.00,kg
24,24,1,"0","",2018-09-10 12:01:06,1,2018-09-10 12:01:06,9999-12-31 23:59:59,0,0,,,"",0.36,IIN023022,D617,1.00,kg
25,25,1,"0","",2018-09-10 12:01:06,1,2018-09-10 12:01:06,9999-12-31 23:59:59,0,0,,,"",16.30,IIN023029,D603,1.00,l
26,26,1,"0","",2018-09-10 12:01:06,1,2018-09-10 12:01:06,9999-12-31 23:59:59,0,0,,,"",25.38,IIN023029,D604,1.00,l
27,27,1,"0","",2018-09-10 12:01:06,1,2018-09-10 12:01:06,9999-12-31 23:59:59,0,0,,,"",16.37,IIN023029,D612,1.00,l
28,28,1,"0","",2018-09-10 12:01:06,1,2018-09-10 12:01:06,9999-12-31 23:59:59,0,0,,,"",12.82,IIN023033,D604,1.00,kg
29,29,1,"0","",2018-09-10 12:01:06,1,2018-09-10 12:01:06,9999-12-31 23:59:59,0,0,,,"",4.63,IIN023034,D603,1.00,kg
30,30,1,"0","",2018-09-10 12:01:06,1,2018-09-10 12:01:06,9999-12-31 23:59:59,0,0,,,"",4.63,IIN023034,D606,1.00,kg
31,31,1,"0","",2018-09-10 12:01:06,1,2018-09-10 12:01:06,9999-12-31 23:59:59,0,0,,,"",4.63,IIN023034,D607,1.00,kg
32,32,1,"0","",2018-09-10 12:01:06,1,2018-09-10 12:01:06,9999-12-31 23:59:59,0,0,,,"",110.00,IIN023038,D607,1.00,l
33,33,1,"0","",2018-09-10 12:01:06,1,2018-09-10 12:01:06,9999-12-31 23:59:59,0,0,,,"",1.43,IIN023043,D606,1.00,l
34,34,1,"0","",2018-09-10 12:01:06,1,2018-09-10 12:01:06,9999-12-31 23:59:59,0,0,,,"",2.51,IIN023043,D607,1.00,l
35,35,1,"0","",2018-09-10 12:01:06,1,2018-09-10 12:01:06,9999-12-31 23:59:59,0,0,,,"",0.06,IIN023049,D603,1.00,kg
36,36,1,"0","",2018-09-10 12:01:06,1,2018-09-10 12:01:06,9999-12-31 23:59:59,0,0,,,"",0.07,IIN023049,D604,1.00,kg
37,37,1,"0","",2018-09-10 12:01:06,1,2018-09-10 12:01:06,9999-12-31 23:59:59,0,0,,,"",0.38,IIN023049,D607,1.00,kg
38,38,1,"0","",2018-09-10 12:01:06,1,2018-09-10 12:01:06,9999-12-31 23:59:59,0,0,,,"",0.06,IIN023049,D612,1.00,kg
39,39,1,"0","",2018-09-10 12:01:06,1,2018-09-10 12:01:06,9999-12-31 23:59:59,0,0,,,"",0.06,IIN023049,D615,1.00,kg
40,40,1,"0","",2018-09-10 12:01:06,1,2018-09-10 12:01:06,9999-12-31 23:59:59,0,0,,,"",0.08,IIN023049,D616,1.00,kg
41,41,1,"0","",2018-09-10 12:01:06,1,2018-09-10 12:01:06,9999-12-31 23:59:59,0,0,,,"",0.22,IIN023049,D617,1.00,kg
42,42,1,"0","",2018-09-10 12:01:06,1,2018-09-10 12:01:06,9999-12-31 23:59:59,0,0,,,"",0.21,IIN023050,D602,1.00,kg
43,43,1,"0","",2018-09-10 12:01:06,1,2018-09-10 12:01:06,9999-12-31 23:59:59,0,0,,,"",0.12,IIN023050,D603,1.00,kg
44,44,1,"0","",2018-09-10 12:01:06,1,2018-09-10 12:01:06,9999-12-31 23:59:59,0,0,,,"",0.21,IIN023050,D604,1.00,kg
45,45,1,"0","",2018-09-10 12:01:06,1,2018-09-10 12:01:06,9999-12-31 23:59:59,0,0,,,"",0.13,IIN023050,D606,1.00,kg
46,46,1,"0","",2018-09-10 12:01:06,1,2018-09-10 12:01:06,9999-12-31 23:59:59,0,0,,,"",0.20,IIN023050,D607,1.00,kg
47,47,1,"0","",2018-09-10 12:01:06,1,2018-09-10 12:01:06,9999-12-31 23:59:59,0,0,,,"",0.15,IIN023050,D612,1.00,kg
48,48,1,"0","",2018-09-10 12:01:06,1,2018-09-10 12:01:06,9999-12-31 23:59:59,0,0,,,"",0.31,IIN023050,D615,1.00,kg
49,49,1,"0","",2018-09-10 12:01:06,1,2018-09-10 12:01:06,9999-12-31 23:59:59,0,0,,,"",0.25,IIN023050,D616,1.00,kg
50,50,1,"0","",2018-09-10 12:01:06,1,2018-09-10 12:01:06,9999-12-31 23:59:59,0,0,,,"",0.23,IIN023052,D602,1.00,kg
51,51,1,"0","",2018-09-10 12:01:06,1,2018-09-10 12:01:06,9999-12-31 23:59:59,0,0,,,"",0.39,IIN023052,D604,1.00,kg
52,52,1,"0","",2018-09-10 12:01:06,1,2018-09-10 12:01:06,9999-12-31 23:59:59,0,0,,,"",0.10,IIN023052,D606,1.00,kg
53,53,1,"0","",2018-09-10 12:01:06,1,2018-09-10 12:01:06,9999-12-31 23:59:59,0,0,,,"",0.20,IIN023052,D607,1.00,kg
54,54,1,"0","",2018-09-10 12:01:06,1,2018-09-10 12:01:06,9999-12-31 23:59:59,0,0,,,"",0.10,IIN023052,D612,1.00,kg
55,55,1,"0","",2018-09-10 12:01:06,1,2018-09-10 12:01:06,9999-12-31 23:59:59,0,0,,,"",0.25,IIN023052,D617,1.00,kg
56,56,1,"0","",2018-09-10 12:01:06,1,2018-09-10 12:01:06,9999-12-31 23:59:59,0,0,,,"",0.55,IIN023054,D600,1.00,kg
57,57,1,"0","",2018-09-10 12:01:06,1,2018-09-10 12:01:06,9999-12-31 23:59:59,0,0,,,"",0.55,IIN023054,D602,1.00,kg
58,58,1,"0","",2018-09-10 12:01:06,1,2018-09-10 12:01:06,9999-12-31 23:59:59,0,0,,,"",0.57,IIN023054,D603,1.00,kg
59,59,1,"0","",2018-09-10 12:01:06,1,2018-09-10 12:01:06,9999-12-31 23:59:59,0,0,,,"",0.56,IIN023054,D604,1.00,kg
60,60,1,"0","",2018-09-10 12:01:06,1,2018-09-10 12:01:06,9999-12-31 23:59:59,0,0,,,"",0.45,IIN023054,D606,1.00,kg
61,61,1,"0","",2018-09-10 12:01:06,1,2018-09-10 12:01:06,9999-12-31 23:59:59,0,0,,,"",0.48,IIN023054,D607,1.00,kg
62,62,1,"0","",2018-09-10 12:01:06,1,2018-09-10 12:01:06,9999-12-31 23:59:59,0,0,,,"",0.55,IIN023054,D612,1.00,kg
63,63,1,"0","",2018-09-10 12:01:06,1,2018-09-10 12:01:06,9999-12-31 23:59:59,0,0,,,"",0.58,IIN023054,D615,1.00,kg
64,64,1,"0","",2018-09-10 12:01:06,1,2018-09-10 12:01:06,9999-12-31 23:59:59,0,0,,,"",0.59,IIN023054,D616,1.00,kg
65,65,1,"0","",2018-09-10 12:01:06,1,2018-09-10 12:01:06,9999-12-31 23:59:59,0,0,,,"",0.59,IIN023054,D617,1.00,kg
66,66,1,"0","",2018-09-10 12:01:06,1,2018-09-10 12:01:06,9999-12-31 23:59:59,0,0,,,"",0.57,IIN023054,D618,1.00,kg
67,67,1,"0","",2018-09-10 12:01:06,1,2018-09-10 12:01:06,9999-12-31 23:59:59,0,0,,,"",12.37,IIN023059,D616,1.00,kg
68,68,1,"0","",2018-09-10 12:01:06,1,2018-09-10 12:01:06,9999-12-31 23:59:59,0,0,,,"",3.88,IIN023060,D600,1.00,kg
69,69,1,"0","",2018-09-10 12:01:06,1,2018-09-10 12:01:06,9999-12-31 23:59:59,0,0,,,"",3.77,IIN023060,D602,1.00,kg
70,70,1,"0","",2018-09-10 12:01:06,1,2018-09-10 12:01:06,9999-12-31 23:59:59,0,0,,,"",3.75,IIN023060,D603,1.00,kg
71,71,1,"0","",2018-09-10 12:01:06,1,2018-09-10 12:01:06,9999-12-31 23:59:59,0,0,,,"",3.80,IIN023060,D604,1.00,kg
72,72,1,"0","",2018-09-10 12:01:06,1,2018-09-10 12:01:06,9999-12-31 23:59:59,0,0,,,"",3.80,IIN023060,D606,1.00,kg
73,73,1,"0","",2018-09-10 12:01:06,1,2018-09-10 12:01:06,9999-12-31 23:59:59,0,0,,,"",3.75,IIN023060,D607,1.00,kg
74,74,1,"0","",2018-09-10 12:01:06,1,2018-09-10 12:01:06,9999-12-31 23:59:59,0,0,,,"",3.82,IIN023060,D612,1.00,kg
75,75,1,"0","",2018-09-10 12:01:06,1,2018-09-10 12:01:06,9999-12-31 23:59:59,0,0,,,"",3.75,IIN023060,D615,1.00,kg
76,76,1,"0","",2018-09-10 12:01:06,1,2018-09-10 12:01:06,9999-12-31 23:59:59,0,0,,,"",4.07,IIN023060,D616,1.00,kg
77,77,1,"0","",2018-09-10 12:01:06,1,2018-09-10 12:01:06,9999-12-31 23:59:59,0,0,,,"",3.75,IIN023060,D617,1.00,kg
78,78,1,"0","",2018-09-10 12:01:06,1,2018-09-10 12:01:06,9999-12-31 23:59:59,0,0,,,"",3.87,IIN023060,D618,1.00,kg
79,79,1,"0","",2018-09-10 12:01:06,1,2018-09-10 12:01:06,9999-12-31 23:59:59,0,0,,,"",3.52,IIN023061,D600,1.00,l
80,80,1,"0","",2018-09-10 12:01:06,1,2018-09-10 12:01:06,9999-12-31 23:59:59,0,0,,,"",4.99,IIN023061,D602,1.00,l
81,81,1,"0","",2018-09-10 12:01:06,1,2018-09-10 12:01:06,9999-12-31 23:59:59,0,0,,,"",4.93,IIN023061,D603,1.00,l
82,82,1,"0","",2018-09-10 12:01:06,1,2018-09-10 12:01:06,9999-12-31 23:59:59,0,0,,,"",4.96,IIN023061,D604,1.00,l
83,83,1,"0","",2018-09-10 12:01:06,1,2018-09-10 12:01:06,9999-12-31 23:59:59,0,0,,,"",3.74,IIN023061,D606,1.00,l
84,84,1,"0","",2018-09-10 12:01:06,1,2018-09-10 12:01:06,9999-12-31 23:59:59,0,0,,,"",4.90,IIN023061,D607,1.00,l
85,85,1,"0","",2018-09-10 12:01:06,1,2018-09-10 12:01:06,9999-12-31 23:59:59,0,0,,,"",3.74,IIN023061,D612,1.00,l
86,86,1,"0","",2018-09-10 12:01:06,1,2018-09-10 12:01:06,9999-12-31 23:59:59,0,0,,,"",4.99,IIN023061,D615,1.00,l
87,87,1,"0","",2018-09-10 12:01:06,1,2018-09-10 12:01:06,9999-12-31 23:59:59,0,0,,,"",4.41,IIN023061,D616,1.00,l
88,88,1,"0","",2018-09-10 12:01:06,1,2018-09-10 12:01:06,9999-12-31 23:59:59,0,0,,,"",3.56,IIN023061,D617,1.00,l
89,89,1,"0","",2018-09-10 12:01:06,1,2018-09-10 12:01:06,9999-12-31 23:59:59,0,0,,,"",3.64,IIN023061,D618,1.00,l
90,90,1,"0","",2018-09-10 12:01:06,1,2018-09-10 12:01:06,9999-12-31 23:59:59,0,0,,,"",19.75,IIN023062,D600,1.00,kg
91,91,1,"0","",2018-09-10 12:01:06,1,2018-09-10 12:01:06,9999-12-31 23:59:59,0,0,,,"",19.69,IIN023062,D603,1.00,kg
92,92,1,"0","",2018-09-10 12:01:06,1,2018-09-10 12:01:06,9999-12-31 23:59:59,0,0,,,"",19.73,IIN023062,D604,1.00,kg
93,93,1,"0","",2018-09-10 12:01:06,1,2018-09-10 12:01:06,9999-12-31 23:59:59,0,0,,,"",19.76,IIN023062,D606,1.00,kg
94,94,1,"0","",2018-09-10 12:01:06,1,2018-09-10 12:01:06,9999-12-31 23:59:59,0,0,,,"",19.75,IIN023062,D607,1.00,kg
95,95,1,"0","",2018-09-10 12:01:06,1,2018-09-10 12:01:06,9999-12-31 23:59:59,0,0,,,"",19.64,IIN023062,D612,1.00,kg
96,96,1,"0","",2018-09-10 12:01:06,1,2018-09-10 12:01:06,9999-12-31 23:59:59,0,0,,,"",19.74,IIN023062,D615,1.00,kg
97,97,1,"0","",2018-09-10 12:01:06,1,2018-09-10 12:01:06,9999-12-31 23:59:59,0,0,,,"",19.75,IIN023062,D616,1.00,kg
98,98,1,"0","",2018-09-10 12:01:06,1,2018-09-10 12:01:06,9999-12-31 23:59:59,0,0,,,"",19.76,IIN023062,D617,1.00,kg
99,99,1,"0","",2018-09-10 12:01:06,1,2018-09-10 12:01:06,9999-12-31 23:59:59,0,0,,,"",8.84,IIN023063,D603,1.00,kg
100,100,1,"0","",2018-09-10 12:01:06,1,2018-09-10 12:01:06,9999-12-31 23:59:59,0,0,,,"",8.83,IIN023063,D604,1.00,kg
101,101,1,"0","",2018-09-10 12:01:06,1,2018-09-10 12:01:06,9999-12-31 23:59:59,0,0,,,"",8.91,IIN023063,D612,1.00,kg
102,102,1,"0","",2018-09-10 12:01:06,1,2018-09-10 12:01:06,9999-12-31 23:59:59,0,0,,,"",9.37,IIN023063,D615,1.00,kg
103,103,1,"0","",2018-09-10 12:01:06,1,2018-09-10 12:01:06,9999-12-31 23:59:59,0,0,,,"",8.82,IIN023063,D617,1.00,kg
104,104,1,"0","",2018-09-10 12:01:06,1,2018-09-10 12:01:06,9999-12-31 23:59:59,0,0,,,"",18.34,IIN023064,D602,1.00,kg
105,105,1,"0","",2018-09-10 12:01:06,1,2018-09-10 12:01:06,9999-12-31 23:59:59,0,0,,,"",18.51,IIN023064,D604,1.00,kg
106,106,1,"0","",2018-09-10 12:01:06,1,2018-09-10 12:01:06,9999-12-31 23:59:59,0,0,,,"",19.56,IIN023064,D606,1.00,kg
107,107,1,"0","",2018-09-10 12:01:06,1,2018-09-10 12:01:06,9999-12-31 23:59:59,0,0,,,"",18.34,IIN023064,D612,1.00,kg
108,108,1,"0","",2018-09-10 12:01:06,1,2018-09-10 12:01:06,9999-12-31 23:59:59,0,0,,,"",20.86,IIN023065,D604,1.00,kg
109,109,1,"0","",2018-09-10 12:01:06,1,2018-09-10 12:01:06,9999-12-31 23:59:59,0,0,,,"",2.73,IIN023067,D602,1.00,kg
110,110,1,"0","",2018-09-10 12:01:06,1,2018-09-10 12:01:06,9999-12-31 23:59:59,0,0,,,"",2.60,IIN023067,D603,1.00,kg
111,111,1,"0","",2018-09-10 12:01:06,1,2018-09-10 12:01:06,9999-12-31 23:59:59,0,0,,,"",2.60,IIN023067,D604,1.00,kg
112,112,1,"0","",2018-09-10 12:01:06,1,2018-09-10 12:01:06,9999-12-31 23:59:59,0,0,,,"",2.60,IIN023067,D606,1.00,kg
113,113,1,"0","",2018-09-10 12:01:06,1,2018-09-10 12:01:06,9999-12-31 23:59:59,0,0,,,"",2.63,IIN023067,D607,1.00,kg
114,114,1,"0","",2018-09-10 12:01:06,1,2018-09-10 12:01:06,9999-12-31 23:59:59,0,0,,,"",2.60,IIN023067,D612,1.00,kg
115,115,1,"0","",2018-09-10 12:01:06,1,2018-09-10 12:01:06,9999-12-31 23:59:59,0,0,,,"",2.62,IIN023067,D615,1.00,kg
116,116,1,"0","",2018-09-10 12:01:06,1,2018-09-10 12:01:06,9999-12-31 23:59:59,0,0,,,"",2.62,IIN023067,D616,1.00,kg
117,117,1,"0","",2018-09-10 12:01:06,1,2018-09-10 12:01:06,9999-12-31 23:59:59,0,0,,,"",2.61,IIN023067,D617,1.00,kg
118,118,1,"0","",2018-09-10 12:01:06,1,2018-09-10 12:01:06,9999-12-31 23:59:59,0,0,,,"",2.80,IIN023068,D600,1.00,kg
119,119,1,"0","",2018-09-10 12:01:06,1,2018-09-10 12:01:06,9999-12-31 23:59:59,0,0,,,"",2.83,IIN023068,D602,1.00,kg
120,120,1,"0","",2018-09-10 12:01:06,1,2018-09-10 12:01:06,9999-12-31 23:59:59,0,0,,,"",2.82,IIN023068,D603,1.00,kg
121,121,1,"0","",2018-09-10 12:01:06,1,2018-09-10 12:01:06,9999-12-31 23:59:59,0,0,,,"",2.83,IIN023068,D604,1.00,kg
122,122,1,"0","",2018-09-10 12:01:06,1,2018-09-10 12:01:06,9999-12-31 23:59:59,0,0,,,"",2.80,IIN023068,D606,1.00,kg
123,123,1,"0","",2018-09-10 12:01:06,1,2018-09-10 12:01:06,9999-12-31 23:59:59,0,0,,,"",2.79,IIN023068,D607,1.00,kg
124,124,1,"0","",2018-09-10 12:01:06,1,2018-09-10 12:01:06,9999-12-31 23:59:59,0,0,,,"",2.81,IIN023068,D612,1.00,kg
125,125,1,"0","",2018-09-10 12:01:06,1,2018-09-10 12:01:06,9999-12-31 23:59:59,0,0,,,"",2.80,IIN023068,D615,1.00,kg
126,126,1,"0","",2018-09-10 12:01:06,1,2018-09-10 12:01:06,9999-12-31 23:59:59,0,0,,,"",2.82,IIN023068,D616,1.00,kg
127,127,1,"0","",2018-09-10 12:01:06,1,2018-09-10 12:01:06,9999-12-31 23:59:59,0,0,,,"",2.80,IIN023068,D617,1.00,kg
128,128,1,"0","",2018-09-10 12:01:06,1,2018-09-10 12:01:06,9999-12-31 23:59:59,0,0,,,"",2.81,IIN023068,D618,1.00,kg
129,129,1,"0","",2018-09-10 12:01:06,1,2018-09-10 12:01:06,9999-12-31 23:59:59,0,0,,,"",1.79,IIN023071,D603,1.00,kg
130,130,1,"0","",2018-09-10 12:01:06,1,2018-09-10 12:01:06,9999-12-31 23:59:59,0,0,,,"",1.86,IIN023071,D604,1.00,kg
131,131,1,"0","",2018-09-10 12:01:06,1,2018-09-10 12:01:06,9999-12-31 23:59:59,0,0,,,"",1.83,IIN023071,D606,1.00,kg
132,132,1,"0","",2018-09-10 12:01:06,1,2018-09-10 12:01:06,9999-12-31 23:59:59,0,0,,,"",1.73,IIN023071,D607,1.00,kg
133,133,1,"0","",2018-09-10 12:01:06,1,2018-09-10 12:01:06,9999-12-31 23:59:59,0,0,,,"",1.73,IIN023071,D612,1.00,kg
134,134,1,"0","",2018-09-10 12:01:06,1,2018-09-10 12:01:06,9999-12-31 23:59:59,0,0,,,"",1.89,IIN023071,D615,1.00,kg
135,135,1,"0","",2018-09-10 12:01:06,1,2018-09-10 12:01:06,9999-12-31 23:59:59,0,0,,,"",1.94,IIN023071,D616,1.00,kg
136,136,1,"0","",2018-09-10 12:01:06,1,2018-09-10 12:01:06,9999-12-31 23:59:59,0,0,,,"",1.92,IIN023071,D617,1.00,kg
137,137,1,"0","",2018-09-10 12:01:06,1,2018-09-10 12:01:06,9999-12-31 23:59:59,0,0,,,"",233.80,IIN023072,D607,1.00,mt
138,138,1,"0","",2018-09-10 12:01:06,1,2018-09-10 12:01:06,9999-12-31 23:59:59,0,0,,,"",236.00,IIN023073,D602,1.00,mt
139,139,1,"0","",2018-09-10 12:01:06,1,2018-09-10 12:01:06,9999-12-31 23:59:59,0,0,,,"",252.72,IIN023073,D603,1.00,mt
140,140,1,"0","",2018-09-10 12:01:06,1,2018-09-10 12:01:06,9999-12-31 23:59:59,0,0,,,"",268.21,IIN023073,D604,1.00,mt
141,141,1,"0","",2018-09-10 12:01:06,1,2018-09-10 12:01:06,9999-12-31 23:59:59,0,0,,,"",239.60,IIN023073,D606,1.00,mt
142,142,1,"0","",2018-09-10 12:01:06,1,2018-09-10 12:01:06,9999-12-31 23:59:59,0,0,,,"",244.46,IIN023073,D607,1.00,mt
143,143,1,"0","",2018-09-10 12:01:06,1,2018-09-10 12:01:06,9999-12-31 23:59:59,0,0,,,"",234.89,IIN023073,D612,1.00,mt
144,144,1,"0","",2018-09-10 12:01:06,1,2018-09-10 12:01:06,9999-12-31 23:59:59,0,0,,,"",277.32,IIN023073,D615,1.00,mt
145,145,1,"0","",2018-09-10 12:01:06,1,2018-09-10 12:01:06,9999-12-31 23:59:59,0,0,,,"",233.69,IIN023073,D616,1.00,mt
146,146,1,"0","",2018-09-10 12:01:06,1,2018-09-10 12:01:06,9999-12-31 23:59:59,0,0,,,"",241.99,IIN023073,D617,1.00,mt
147,147,1,"0","",2018-09-10 12:01:06,1,2018-09-10 12:01:06,9999-12-31 23:59:59,0,0,,,"",220.00,IIN023074,D600,1.00,mt
148,148,1,"0","",2018-09-10 12:01:06,1,2018-09-10 12:01:06,9999-12-31 23:59:59,0,0,,,"",230.00,IIN023074,D602,1.00,mt
149,149,1,"0","",2018-09-10 12:01:06,1,2018-09-10 12:01:06,9999-12-31 23:59:59,0,0,,,"",245.13,IIN023074,D603,1.00,mt
150,150,1,"0","",2018-09-10 12:01:06,1,2018-09-10 12:01:06,9999-12-31 23:59:59,0,0,,,"",260.94,IIN023074,D604,1.00,mt
151,151,1,"0","",2018-09-10 12:01:06,1,2018-09-10 12:01:06,9999-12-31 23:59:59,0,0,,,"",234.41,IIN023074,D606,1.00,mt
152,152,1,"0","",2018-09-10 12:01:06,1,2018-09-10 12:01:06,9999-12-31 23:59:59,0,0,,,"",241.89,IIN023074,D607,1.00,mt
153,153,1,"0","",2018-09-10 12:01:06,1,2018-09-10 12:01:06,9999-12-31 23:59:59,0,0,,,"",229.00,IIN023074,D612,1.00,mt
154,154,1,"0","",2018-09-10 12:01:06,1,2018-09-10 12:01:06,9999-12-31 23:59:59,0,0,,,"",239.21,IIN023074,D615,1.00,mt
155,155,1,"0","",2018-09-10 12:01:06,1,2018-09-10 12:01:06,9999-12-31 23:59:59,0,0,,,"",230.91,IIN023074,D616,1.00,mt
156,156,1,"0","",2018-09-10 12:01:06,1,2018-09-10 12:01:06,9999-12-31 23:59:59,0,0,,,"",236.82,IIN023074,D617,1.00,mt
157,157,1,"0","",2018-09-10 12:01:06,1,2018-09-10 12:01:06,9999-12-31 23:59:59,0,0,,,"",231.00,IIN023074,D618,1.00,mt
158,158,1,"0","",2018-09-10 12:01:06,1,2018-09-10 12:01:06,9999-12-31 23:59:59,0,0,,,"",13.21,IIN023079,D603,1.00,kg
159,159,1,"0","",2018-09-10 12:01:06,1,2018-09-10 12:01:06,9999-12-31 23:59:59,0,0,,,"",5.66,IIN023082,D604,1.00,l
160,160,1,"0","",2018-09-10 12:01:06,1,2018-09-10 12:01:06,9999-12-31 23:59:59,0,0,,,"",6.25,IIN023082,D616,1.00,l
161,161,1,"0","",2018-09-10 12:01:06,1,2018-09-10 12:01:06,9999-12-31 23:59:59,0,0,,,"",5.26,IIN023083,D604,1.00,l
162,162,1,"0","",2018-09-10 12:01:06,1,2018-09-10 12:01:06,9999-12-31 23:59:59,0,0,,,"",6.24,IIN023084,D616,1.00,l
163,163,1,"0","",2018-09-10 12:01:06,1,2018-09-10 12:01:06,9999-12-31 23:59:59,0,0,,,"",4.10,IIN023085,D600,1.00,l
164,164,1,"0","",2018-09-10 12:01:06,1,2018-09-10 12:01:06,9999-12-31 23:59:59,0,0,,,"",4.11,IIN023085,D602,1.00,l
165,165,1,"0","",2018-09-10 12:01:06,1,2018-09-10 12:01:06,9999-12-31 23:59:59,0,0,,,"",4.10,IIN023085,D603,1.00,l
166,166,1,"0","",2018-09-10 12:01:06,1,2018-09-10 12:01:06,9999-12-31 23:59:59,0,0,,,"",4.10,IIN023085,D604,1.00,l
167,167,1,"0","",2018-09-10 12:01:06,1,2018-09-10 12:01:06,9999-12-31 23:59:59,0,0,,,"",4.10,IIN023085,D606,1.00,l
168,168,1,"0","",2018-09-10 12:01:06,1,2018-09-10 12:01:06,9999-12-31 23:59:59,0,0,,,"",4.10,IIN023085,D607,1.00,l
169,169,1,"0","",2018-09-10 12:01:06,1,2018-09-10 12:01:06,9999-12-31 23:59:59,0,0,,,"",4.10,IIN023085,D612,1.00,l
170,170,1,"0","",2018-09-10 12:01:06,1,2018-09-10 12:01:06,9999-12-31 23:59:59,0,0,,,"",4.44,IIN023085,D615,1.00,l
171,171,1,"0","",2018-09-10 12:01:06,1,2018-09-10 12:01:06,9999-12-31 23:59:59,0,0,,,"",4.10,IIN023085,D616,1.00,l
172,172,1,"0","",2018-09-10 12:01:06,1,2018-09-10 12:01:06,9999-12-31 23:59:59,0,0,,,"",4.10,IIN023085,D617,1.00,l
173,173,1,"0","",2018-09-10 12:01:06,1,2018-09-10 12:01:06,9999-12-31 23:59:59,0,0,,,"",4.16,IIN023085,D618,1.00,l
174,174,1,"0","",2018-09-10 12:01:06,1,2018-09-10 12:01:06,9999-12-31 23:59:59,0,0,,,"",0.10,IIN023091,D602,1.00,kg
175,175,1,"0","",2018-09-10 12:01:06,1,2018-09-10 12:01:06,9999-12-31 23:59:59,0,0,,,"",0.11,IIN023091,D603,1.00,kg
176,176,1,"0","",2018-09-10 12:01:06,1,2018-09-10 12:01:06,9999-12-31 23:59:59,0,0,,,"",0.13,IIN023091,D604,1.00,kg
177,177,1,"0","",2018-09-10 12:01:06,1,2018-09-10 12:01:06,9999-12-31 23:59:59,0,0,,,"",0.11,IIN023091,D606,1.00,kg
178,178,1,"0","",2018-09-10 12:01:06,1,2018-09-10 12:01:06,9999-12-31 23:59:59,0,0,,,"",0.11,IIN023091,D607,1.00,kg
179,179,1,"0","",2018-09-10 12:01:06,1,2018-09-10 12:01:06,9999-12-31 23:59:59,0,0,,,"",0.10,IIN023091,D612,1.00,kg
180,180,1,"0","",2018-09-10 12:01:06,1,2018-09-10 12:01:06,9999-12-31 23:59:59,0,0,,,"",0.16,IIN023091,D615,1.00,kg
181,181,1,"0","",2018-09-10 12:01:06,1,2018-09-10 12:01:06,9999-12-31 23:59:59,0,0,,,"",0.13,IIN023091,D617,1.00,kg
182,182,1,"0","",2018-09-10 12:01:06,1,2018-09-10 12:01:06,9999-12-31 23:59:59,0,0,,,"",0.78,IIN023099,D602,1.00,kg
183,183,1,"0","",2018-09-10 12:01:06,1,2018-09-10 12:01:06,9999-12-31 23:59:59,0,0,,,"",0.76,IIN023099,D603,1.00,kg
184,184,1,"0","",2018-09-10 12:01:06,1,2018-09-10 12:01:06,9999-12-31 23:59:59,0,0,,,"",0.77,IIN023099,D604,1.00,kg
185,185,1,"0","",2018-09-10 12:01:06,1,2018-09-10 12:01:06,9999-12-31 23:59:59,0,0,,,"",0.77,IIN023099,D606,1.00,kg
186,186,1,"0","",2018-09-10 12:01:06,1,2018-09-10 12:01:06,9999-12-31 23:59:59,0,0,,,"",0.77,IIN023099,D607,1.00,kg
187,187,1,"0","",2018-09-10 12:01:06,1,2018-09-10 12:01:06,9999-12-31 23:59:59,0,0,,,"",0.75,IIN023099,D612,1.00,kg
188,188,1,"0","",2018-09-10 12:01:06,1,2018-09-10 12:01:06,9999-12-31 23:59:59,0,0,,,"",0.78,IIN023099,D615,1.00,kg
189,189,1,"0","",2018-09-10 12:01:06,1,2018-09-10 12:01:06,9999-12-31 23:59:59,0,0,,,"",0.75,IIN023099,D616,1.00,kg
190,190,1,"0","",2018-09-10 12:01:06,1,2018-09-10 12:01:06,9999-12-31 23:59:59,0,0,,,"",0.75,IIN023099,D617,1.00,kg
191,191,1,"0","",2018-09-10 12:01:06,1,2018-09-10 12:01:06,9999-12-31 23:59:59,0,0,,,"",9.35,IIN023100,D603,1.00,kg
192,192,1,"0","",2018-09-10 12:01:06,1,2018-09-10 12:01:06,9999-12-31 23:59:59,0,0,,,"",9.69,IIN023100,D604,1.00,kg
193,193,1,"0","",2018-09-10 12:01:06,1,2018-09-10 12:01:06,9999-12-31 23:59:59,0,0,,,"",9.99,IIN023100,D612,1.00,kg
194,194,1,"0","",2018-09-10 12:01:06,1,2018-09-10 12:01:06,9999-12-31 23:59:59,0,0,,,"",1.81,IIN023101,D612,1.00,kg
195,195,1,"0","",2018-09-10 12:01:06,1,2018-09-10 12:01:06,9999-12-31 23:59:59,0,0,,,"",0.30,IIN023102,D602,1.00,kg
196,196,1,"0","",2018-09-10 12:01:06,1,2018-09-10 12:01:06,9999-12-31 23:59:59,0,0,,,"",0.30,IIN023102,D603,1.00,kg
197,197,1,"0","",2018-09-10 12:01:06,1,2018-09-10 12:01:06,9999-12-31 23:59:59,0,0,,,"",0.30,IIN023102,D604,1.00,kg
198,198,1,"0","",2018-09-10 12:01:06,1,2018-09-10 12:01:06,9999-12-31 23:59:59,0,0,,,"",0.30,IIN023102,D606,1.00,kg
199,199,1,"0","",2018-09-10 12:01:06,1,2018-09-10 12:01:06,9999-12-31 23:59:59,0,0,,,"",0.30,IIN023102,D607,1.00,kg
200,200,1,"0","",2018-09-10 12:01:06,1,2018-09-10 12:01:06,9999-12-31 23:59:59,0,0,,,"",0.30,IIN023102,D612,1.00,kg
201,201,1,"0","",2018-09-10 12:01:06,1,2018-09-10 12:01:06,9999-12-31 23:59:59,0,0,,,"",0.33,IIN023102,D615,1.00,kg
202,202,1,"0","",2018-09-10 12:01:06,1,2018-09-10 12:01:06,9999-12-31 23:59:59,0,0,,,"",0.30,IIN023102,D616,1.00,kg
203,203,1,"0","",2018-09-10 12:01:06,1,2018-09-10 12:01:06,9999-12-31 23:59:59,0,0,,,"",0.31,IIN023102,D617,1.00,kg
204,204,1,"0","",2018-09-10 12:01:06,1,2018-09-10 12:01:06,9999-12-31 23:59:59,0,0,,,"",1.54,IIN023105,D604,1.00,kg
205,205,1,"0","",2018-09-10 12:01:06,1,2018-09-10 12:01:06,9999-12-31 23:59:59,0,0,,,"",3.71,IIN023106,D604,1.00,l
206,206,1,"0","",2018-09-10 12:01:06,1,2018-09-10 12:01:06,9999-12-31 23:59:59,0,0,,,"",3.71,IIN023106,D617,1.00,l
207,207,1,"0","",2018-09-10 12:01:06,1,2018-09-10 12:01:06,9999-12-31 23:59:59,0,0,,,"",4.44,IIN023109,D604,1.00,kg
208,208,1,"0","",2018-09-10 12:01:06,1,2018-09-10 12:01:06,9999-12-31 23:59:59,0,0,,,"",4.46,IIN023109,D606,1.00,kg
209,209,1,"0","",2018-09-10 12:01:06,1,2018-09-10 12:01:06,9999-12-31 23:59:59,0,0,,,"",4.43,IIN023109,D612,1.00,kg
210,210,1,"0","",2018-09-10 12:01:06,1,2018-09-10 12:01:06,9999-12-31 23:59:59,0,0,,,"",31.96,IIN023112,D616,1.00,kg
211,211,1,"0","",2018-09-10 12:01:06,1,2018-09-10 12:01:06,9999-12-31 23:59:59,0,0,,,"",12.32,IIN023114,D604,1.00,kg
212,212,1,"0","",2018-09-10 12:01:06,1,2018-09-10 12:01:06,9999-12-31 23:59:59,0,0,,,"",199.00,IIN023116,D602,1.00,mt
213,213,1,"0","",2018-09-10 12:01:06,1,2018-09-10 12:01:06,9999-12-31 23:59:59,0,0,,,"",216.69,IIN023116,D603,1.00,mt
214,214,1,"0","",2018-09-10 12:01:06,1,2018-09-10 12:01:06,9999-12-31 23:59:59,0,0,,,"",225.40,IIN023116,D604,1.00,mt
215,215,1,"0","",2018-09-10 12:01:06,1,2018-09-10 12:01:06,9999-12-31 23:59:59,0,0,,,"",205.47,IIN023116,D606,1.00,mt
216,216,1,"0","",2018-09-10 12:01:06,1,2018-09-10 12:01:06,9999-12-31 23:59:59,0,0,,,"",205.97,IIN023116,D607,1.00,mt
217,217,1,"0","",2018-09-10 12:01:06,1,2018-09-10 12:01:06,9999-12-31 23:59:59,0,0,,,"",199.43,IIN023116,D612,1.00,mt
218,218,1,"0","",2018-09-10 12:01:06,1,2018-09-10 12:01:06,9999-12-31 23:59:59,0,0,,,"",239.26,IIN023116,D615,1.00,mt
219,219,1,"0","",2018-09-10 12:01:06,1,2018-09-10 12:01:06,9999-12-31 23:59:59,0,0,,,"",217.79,IIN023116,D616,1.00,mt
220,220,1,"0","",2018-09-10 12:01:06,1,2018-09-10 12:01:06,9999-12-31 23:59:59,0,0,,,"",212.68,IIN023116,D617,1.00,mt
221,221,1,"0","",2018-09-10 12:01:06,1,2018-09-10 12:01:06,9999-12-31 23:59:59,0,0,,,"",8.53,IIN023117,D602,1.00,l
222,222,1,"0","",2018-09-10 12:01:06,1,2018-09-10 12:01:06,9999-12-31 23:59:59,0,0,,,"",8.86,IIN023117,D603,1.00,l
223,223,1,"0","",2018-09-10 12:01:06,1,2018-09-10 12:01:06,9999-12-31 23:59:59,0,0,,,"",8.86,IIN023117,D604,1.00,l
224,224,1,"0","",2018-09-10 12:01:06,1,2018-09-10 12:01:06,9999-12-31 23:59:59,0,0,,,"",10.11,IIN023117,D607,1.00,l
225,225,1,"0","",2018-09-10 12:01:06,1,2018-09-10 12:01:06,9999-12-31 23:59:59,0,0,,,"",8.21,IIN023117,D612,1.00,l
226,226,1,"0","",2018-09-10 12:01:06,1,2018-09-10 12:01:06,9999-12-31 23:59:59,0,0,,,"",8.80,IIN023117,D615,1.00,l
227,227,1,"0","",2018-09-10 12:01:06,1,2018-09-10 12:01:06,9999-12-31 23:59:59,0,0,,,"",8.69,IIN023117,D617,1.00,l
228,228,1,"0","",2018-09-10 12:01:06,1,2018-09-10 12:01:06,9999-12-31 23:59:59,0,0,,,"",0.66,IIN023119,D603,1.00,kg
229,229,1,"0","",2018-09-10 12:01:06,1,2018-09-10 12:01:06,9999-12-31 23:59:59,0,0,,,"",0.65,IIN023119,D604,1.00,kg
230,230,1,"0","",2018-09-10 12:01:06,1,2018-09-10 12:01:06,9999-12-31 23:59:59,0,0,,,"",0.62,IIN023119,D606,1.00,kg
231,231,1,"0","",2018-09-10 12:01:06,1,2018-09-10 12:01:06,9999-12-31 23:59:59,0,0,,,"",0.59,IIN023119,D607,1.00,kg
232,232,1,"0","",2018-09-10 12:01:06,1,2018-09-10 12:01:06,9999-12-31 23:59:59,0,0,,,"",0.71,IIN023119,D612,1.00,kg
233,233,1,"0","",2018-09-10 12:01:06,1,2018-09-10 12:01:06,9999-12-31 23:59:59,0,0,,,"",0.97,IIN023119,D615,1.00,kg
234,234,1,"0","",2018-09-10 12:01:06,1,2018-09-10 12:01:06,9999-12-31 23:59:59,0,0,,,"",1.07,IIN023119,D616,1.00,kg
235,235,1,"0","",2018-09-10 12:01:06,1,2018-09-10 12:01:06,9999-12-31 23:59:59,0,0,,,"",0.67,IIN023119,D617,1.00,kg
236,236,1,"0","",2018-09-10 12:01:06,1,2018-09-10 12:01:06,9999-12-31 23:59:59,0,0,,,"",0.52,IIN023122,D602,1.00,kg
237,237,1,"0","",2018-09-10 12:01:06,1,2018-09-10 12:01:06,9999-12-31 23:59:59,0,0,,,"",0.52,IIN023122,D603,1.00,kg
238,238,1,"0","",2018-09-10 12:01:06,1,2018-09-10 12:01:06,9999-12-31 23:59:59,0,0,,,"",0.52,IIN023122,D604,1.00,kg
239,239,1,"0","",2018-09-10 12:01:06,1,2018-09-10 12:01:06,9999-12-31 23:59:59,0,0,,,"",0.52,IIN023122,D606,1.00,kg
240,240,1,"0","",2018-09-10 12:01:06,1,2018-09-10 12:01:06,9999-12-31 23:59:59,0,0,,,"",0.53,IIN023122,D607,1.00,kg
241,241,1,"0","",2018-09-10 12:01:06,1,2018-09-10 12:01:06,9999-12-31 23:59:59,0,0,,,"",0.52,IIN023122,D612,1.00,kg
242,242,1,"0","",2018-09-10 12:01:06,1,2018-09-10 12:01:06,9999-12-31 23:59:59,0,0,,,"",0.53,IIN023122,D615,1.00,kg
243,243,1,"0","",2018-09-10 12:01:06,1,2018-09-10 12:01:06,9999-12-31 23:59:59,0,0,,,"",0.67,IIN023122,D616,1.00,kg
244,244,1,"0","",2018-09-10 12:01:06,1,2018-09-10 12:01:06,9999-12-31 23:59:59,0,0,,,"",0.52,IIN023122,D617,1.00,kg
245,245,1,"0","",2018-09-10 12:01:06,1,2018-09-10 12:01:06,9999-12-31 23:59:59,0,0,,,"",11.85,IIN023129,D604,1.00,kg
246,246,1,"0","",2018-09-10 12:01:06,1,2018-09-10 12:01:06,9999-12-31 23:59:59,0,0,,,"",11.85,IIN023129,D612,1.00,kg
247,247,1,"0","",2018-09-10 12:01:06,1,2018-09-10 12:01:06,9999-12-31 23:59:59,0,0,,,"",9.57,IIN023130,D603,1.00,kg
248,248,1,"0","",2018-09-10 12:01:06,1,2018-09-10 12:01:06,9999-12-31 23:59:59,0,0,,,"",8.98,IIN023130,D604,1.00,kg
249,249,1,"0","",2018-09-10 12:01:06,1,2018-09-10 12:01:06,9999-12-31 23:59:59,0,0,,,"",9.57,IIN023130,D612,1.00,kg
250,250,1,"0","",2018-09-10 12:01:06,1,2018-09-10 12:01:06,9999-12-31 23:59:59,0,0,,,"",5.50,IIN023131,D600,1.00,kg
251,251,1,"0","",2018-09-10 12:01:06,1,2018-09-10 12:01:06,9999-12-31 23:59:59,0,0,,,"",5.50,IIN023131,D602,1.00,kg
252,252,1,"0","",2018-09-10 12:01:06,1,2018-09-10 12:01:06,9999-12-31 23:59:59,0,0,,,"",5.50,IIN023131,D603,1.00,kg
253,253,1,"0","",2018-09-10 12:01:06,1,2018-09-10 12:01:06,9999-12-31 23:59:59,0,0,,,"",5.50,IIN023131,D604,1.00,kg
254,254,1,"0","",2018-09-10 12:01:06,1,2018-09-10 12:01:06,9999-12-31 23:59:59,0,0,,,"",5.56,IIN023131,D606,1.00,kg
255,255,1,"0","",2018-09-10 12:01:06,1,2018-09-10 12:01:06,9999-12-31 23:59:59,0,0,,,"",5.51,IIN023131,D607,1.00,kg
256,256,1,"0","",2018-09-10 12:01:06,1,2018-09-10 12:01:06,9999-12-31 23:59:59,0,0,,,"",5.50,IIN023131,D612,1.00,kg
257,257,1,"0","",2018-09-10 12:01:06,1,2018-09-10 12:01:06,9999-12-31 23:59:59,0,0,,,"",5.88,IIN023131,D615,1.00,kg
258,258,1,"0","",2018-09-10 12:01:06,1,2018-09-10 12:01:06,9999-12-31 23:59:59,0,0,,,"",5.50,IIN023131,D616,1.00,kg
259,259,1,"0","",2018-09-10 12:01:06,1,2018-09-10 12:01:06,9999-12-31 23:59:59,0,0,,,"",5.50,IIN023131,D617,1.00,kg
260,260,1,"0","",2018-09-10 12:01:06,1,2018-09-10 12:01:06,9999-12-31 23:59:59,0,0,,,"",9.80,IIN023132,D604,1.00,kg
261,261,1,"0","",2018-09-10 12:01:06,1,2018-09-10 12:01:06,9999-12-31 23:59:59,0,0,,,"",9.80,IIN023132,D615,1.00,kg
262,262,1,"0","",2018-09-10 12:01:06,1,2018-09-10 12:01:06,9999-12-31 23:59:59,0,0,,,"",1.57,IIN023146,D600,1.00,kg
263,263,1,"0","",2018-09-10 12:01:06,1,2018-09-10 12:01:06,9999-12-31 23:59:59,0,0,,,"",1.41,IIN023146,D602,1.00,kg
264,264,1,"0","",2018-09-10 12:01:06,1,2018-09-10 12:01:06,9999-12-31 23:59:59,0,0,,,"",1.82,IIN023146,D603,1.00,kg
265,265,1,"0","",2018-09-10 12:01:06,1,2018-09-10 12:01:06,9999-12-31 23:59:59,0,0,,,"",1.58,IIN023146,D604,1.00,kg
266,266,1,"0","",2018-09-10 12:01:06,1,2018-09-10 12:01:06,9999-12-31 23:59:59,0,0,,,"",1.83,IIN023146,D606,1.00,kg
267,267,1,"0","",2018-09-10 12:01:06,1,2018-09-10 12:01:06,9999-12-31 23:59:59,0,0,,,"",1.41,IIN023146,D607,1.00,kg
268,268,1,"0","",2018-09-10 12:01:06,1,2018-09-10 12:01:06,9999-12-31 23:59:59,0,0,,,"",1.89,IIN023146,D612,1.00,kg
269,269,1,"0","",2018-09-10 12:01:06,1,2018-09-10 12:01:06,9999-12-31 23:59:59,0,0,,,"",1.83,IIN023146,D615,1.00,kg
270,270,1,"0","",2018-09-10 12:01:06,1,2018-09-10 12:01:06,9999-12-31 23:59:59,0,0,,,"",1.44,IIN023146,D616,1.00,kg
271,271,1,"0","",2018-09-10 12:01:06,1,2018-09-10 12:01:06,9999-12-31 23:59:59,0,0,,,"",1.45,IIN023146,D617,1.00,kg
272,272,1,"0","",2018-09-10 12:01:06,1,2018-09-10 12:01:06,9999-12-31 23:59:59,0,0,,,"",1.45,IIN023146,D618,1.00,kg
273,273,1,"0","",2018-09-10 12:01:06,1,2018-09-10 12:01:06,9999-12-31 23:59:59,0,0,,,"",0.38,IIN023147,D602,1000.00,kg
274,274,1,"0","",2018-09-10 12:01:06,1,2018-09-10 12:01:06,9999-12-31 23:59:59,0,0,,,"",0.38,IIN023147,D603,1000.00,kg
275,275,1,"0","",2018-09-10 12:01:06,1,2018-09-10 12:01:06,9999-12-31 23:59:59,0,0,,,"",0.42,IIN023147,D604,1000.00,kg
276,276,1,"0","",2018-09-10 12:01:06,1,2018-09-10 12:01:06,9999-12-31 23:59:59,0,0,,,"",0.36,IIN023147,D606,1000.00,kg
277,277,1,"0","",2018-09-10 12:01:06,1,2018-09-10 12:01:06,9999-12-31 23:59:59,0,0,,,"",0.37,IIN023147,D607,1000.00,kg
278,278,1,"0","",2018-09-10 12:01:06,1,2018-09-10 12:01:06,9999-12-31 23:59:59,0,0,,,"",0.36,IIN023147,D612,1000.00,kg
279,279,1,"0","",2018-09-10 12:01:06,1,2018-09-10 12:01:06,9999-12-31 23:59:59,0,0,,,"",0.45,IIN023147,D615,1000.00,kg
280,280,1,"0","",2018-09-10 12:01:06,1,2018-09-10 12:01:06,9999-12-31 23:59:59,0,0,,,"",0.42,IIN023147,D616,1000.00,kg
281,281,1,"0","",2018-09-10 12:01:06,1,2018-09-10 12:01:06,9999-12-31 23:59:59,0,0,,,"",0.42,IIN023147,D617,1000.00,kg
282,282,1,"0","",2018-09-10 12:01:06,1,2018-09-10 12:01:06,9999-12-31 23:59:59,0,0,,,"",0.83,IIN023148,D604,1.00,kg
283,283,1,"0","",2018-09-10 12:01:06,1,2018-09-10 12:01:06,9999-12-31 23:59:59,0,0,,,"",1.15,IIN023148,D616,1.00,kg
284,284,1,"0","",2018-09-10 12:01:06,1,2018-09-10 12:01:06,9999-12-31 23:59:59,0,0,,,"",0.92,IIN023148,D617,1.00,kg
285,285,1,"0","",2018-09-10 12:01:06,1,2018-09-10 12:01:06,9999-12-31 23:59:59,0,0,,,"",2.69,IIN023153,D604,1.00,kg
286,286,1,"0","",2018-09-10 12:01:06,1,2018-09-10 12:01:06,9999-12-31 23:59:59,0,0,,,"",2.70,IIN023153,D615,1.00,kg
287,287,1,"0","",2018-09-10 12:01:06,1,2018-09-10 12:01:06,9999-12-31 23:59:59,0,0,,,"",2.88,IIN023154,D604,1.00,l
288,288,1,"0","",2018-09-10 12:01:06,1,2018-09-10 12:01:06,9999-12-31 23:59:59,0,0,,,"",3.65,IIN023155,D616,1.00,l
289,289,1,"0","",2018-09-10 12:01:06,1,2018-09-10 12:01:06,9999-12-31 23:59:59,0,0,,,"",3.30,IIN023166,D602,1.00,l
290,290,1,"0","",2018-09-10 12:01:06,1,2018-09-10 12:01:06,9999-12-31 23:59:59,0,0,,,"",3.30,IIN023166,D603,1.00,l
291,291,1,"0","",2018-09-10 12:01:06,1,2018-09-10 12:01:06,9999-12-31 23:59:59,0,0,,,"",3.30,IIN023166,D604,1.00,l
292,292,1,"0","",2018-09-10 12:01:06,1,2018-09-10 12:01:06,9999-12-31 23:59:59,0,0,,,"",3.30,IIN023166,D607,1.00,l
293,293,1,"0","",2018-09-10 12:01:06,1,2018-09-10 12:01:06,9999-12-31 23:59:59,0,0,,,"",3.30,IIN023166,D612,1.00,l
294,294,1,"0","",2018-09-10 12:01:06,1,2018-09-10 12:01:06,9999-12-31 23:59:59,0,0,,,"",3.34,IIN023166,D615,1.00,l
295,295,1,"0","",2018-09-10 12:01:06,1,2018-09-10 12:01:06,9999-12-31 23:59:59,0,0,,,"",3.44,IIN023166,D616,1.00,l
296,296,1,"0","",2018-09-10 12:01:06,1,2018-09-10 12:01:06,9999-12-31 23:59:59,0,0,,,"",3.19,IIN023166,D617,1.00,l
297,297,1,"0","",2018-09-10 12:01:06,1,2018-09-10 12:01:06,9999-12-31 23:59:59,0,0,,,"",0.40,IIN023171,D602,1.00,kg
298,298,1,"0","",2018-09-10 12:01:06,1,2018-09-10 12:01:06,9999-12-31 23:59:59,0,0,,,"",0.40,IIN023171,D603,1.00,kg
299,299,1,"0","",2018-09-10 12:01:06,1,2018-09-10 12:01:06,9999-12-31 23:59:59,0,0,,,"",0.40,IIN023171,D604,1.00,kg
300,300,1,"0","",2018-09-10 12:01:06,1,2018-09-10 12:01:06,9999-12-31 23:59:59,0,0,,,"",0.39,IIN023171,D606,1.00,kg
301,301,1,"0","",2018-09-10 12:01:06,1,2018-09-10 12:01:06,9999-12-31 23:59:59,0,0,,,"",0.38,IIN023171,D607,1.00,kg
302,302,1,"0","",2018-09-10 12:01:06,1,2018-09-10 12:01:06,9999-12-31 23:59:59,0,0,,,"",0.39,IIN023171,D612,1.00,kg
303,303,1,"0","",2018-09-10 12:01:06,1,2018-09-10 12:01:06,9999-12-31 23:59:59,0,0,,,"",0.41,IIN023171,D615,1.00,kg
304,304,1,"0","",2018-09-10 12:01:06,1,2018-09-10 12:01:06,9999-12-31 23:59:59,0,0,,,"",0.38,IIN023171,D616,1.00,kg
305,305,1,"0","",2018-09-10 12:01:06,1,2018-09-10 12:01:06,9999-12-31 23:59:59,0,0,,,"",0.38,IIN023171,D617,1.00,kg
306,306,1,"0","",2018-09-10 12:01:06,1,2018-09-10 12:01:06,9999-12-31 23:59:59,0,0,,,"",5.34,IIN023178,D602,1.00,kg
307,307,1,"0","",2018-09-10 12:01:06,1,2018-09-10 12:01:06,9999-12-31 23:59:59,0,0,,,"",5.53,IIN023178,D604,1.00,kg
308,308,1,"0","",2018-09-10 12:01:06,1,2018-09-10 12:01:06,9999-12-31 23:59:59,0,0,,,"",5.26,IIN023178,D606,1.00,kg
309,309,1,"0","",2018-09-10 12:01:06,1,2018-09-10 12:01:06,9999-12-31 23:59:59,0,0,,,"",5.27,IIN023178,D607,1.00,kg
310,310,1,"0","",2018-09-10 12:01:06,1,2018-09-10 12:01:06,9999-12-31 23:59:59,0,0,,,"",5.40,IIN023178,D612,1.00,kg
311,311,1,"0","",2018-09-10 12:01:06,1,2018-09-10 12:01:06,9999-12-31 23:59:59,0,0,,,"",5.45,IIN023178,D615,1.00,kg
312,312,1,"0","",2018-09-10 12:01:06,1,2018-09-10 12:01:06,9999-12-31 23:59:59,0,0,,,"",7.89,IIN023179,D600,1.00,kg
313,313,1,"0","",2018-09-10 12:01:06,1,2018-09-10 12:01:06,9999-12-31 23:59:59,0,0,,,"",9.60,IIN023179,D602,1.00,kg
314,314,1,"0","",2018-09-10 12:01:06,1,2018-09-10 12:01:06,9999-12-31 23:59:59,0,0,,,"",7.88,IIN023179,D603,1.00,kg
315,315,1,"0","",2018-09-10 12:01:06,1,2018-09-10 12:01:06,9999-12-31 23:59:59,0,0,,,"",8.04,IIN023179,D604,1.00,kg
316,316,1,"0","",2018-09-10 12:01:06,1,2018-09-10 12:01:06,9999-12-31 23:59:59,0,0,,,"",7.87,IIN023179,D606,1.00,kg
317,317,1,"0","",2018-09-10 12:01:06,1,2018-09-10 12:01:06,9999-12-31 23:59:59,0,0,,,"",7.88,IIN023179,D607,1.00,kg
318,318,1,"0","",2018-09-10 12:01:06,1,2018-09-10 12:01:06,9999-12-31 23:59:59,0,0,,,"",9.23,IIN023179,D612,1.00,kg
319,319,1,"0","",2018-09-10 12:01:06,1,2018-09-10 12:01:06,9999-12-31 23:59:59,0,0,,,"",8.66,IIN023179,D615,1.00,kg
320,320,1,"0","",2018-09-10 12:01:06,1,2018-09-10 12:01:06,9999-12-31 23:59:59,0,0,,,"",7.88,IIN023179,D616,1.00,kg
321,321,1,"0","",2018-09-10 12:01:06,1,2018-09-10 12:01:06,9999-12-31 23:59:59,0,0,,,"",7.87,IIN023179,D617,1.00,kg
322,322,1,"0","",2018-09-10 12:01:06,1,2018-09-10 12:01:06,9999-12-31 23:59:59,0,0,,,"",7.88,IIN023179,D618,1.00,kg
323,323,1,"0","",2018-09-10 12:01:06,1,2018-09-10 12:01:06,9999-12-31 23:59:59,0,0,,,"",4.98,IIN023182,D616,1.00,l
324,324,1,"0","",2018-09-10 12:01:06,1,2018-09-10 12:01:06,9999-12-31 23:59:59,0,0,,,"",0.33,IIN023188,D602,1.00,kg
325,325,1,"0","",2018-09-10 12:01:06,1,2018-09-10 12:01:06,9999-12-31 23:59:59,0,0,,,"",0.31,IIN023188,D603,1.00,kg
326,326,1,"0","",2018-09-10 12:01:06,1,2018-09-10 12:01:06,9999-12-31 23:59:59,0,0,,,"",0.39,IIN023188,D604,1.00,kg
327,327,1,"0","",2018-09-10 12:01:06,1,2018-09-10 12:01:06,9999-12-31 23:59:59,0,0,,,"",0.32,IIN023188,D607,1.00,kg
328,328,1,"0","",2018-09-10 12:01:06,1,2018-09-10 12:01:06,9999-12-31 23:59:59,0,0,,,"",0.31,IIN023188,D612,1.00,kg
329,329,1,"0","",2018-09-10 12:01:06,1,2018-09-10 12:01:06,9999-12-31 23:59:59,0,0,,,"",0.31,IIN023188,D616,1.00,kg
330,330,1,"0","",2018-09-10 12:01:06,1,2018-09-10 12:01:06,9999-12-31 23:59:59,0,0,,,"",0.31,IIN023188,D617,1.00,kg
331,331,1,"0","",2018-09-10 12:01:06,1,2018-09-10 12:01:06,9999-12-31 23:59:59,0,0,,,"",0.61,IIN023189,D604,1.00,kg
332,332,1,"0","",2018-09-10 12:01:06,1,2018-09-10 12:01:06,9999-12-31 23:59:59,0,0,,,"",2.80,IIN023192,D600,1.00,kg
333,333,1,"0","",2018-09-10 12:01:06,1,2018-09-10 12:01:06,9999-12-31 23:59:59,0,0,,,"",2.76,IIN023192,D604,1.00,kg
334,334,1,"0","",2018-09-10 12:01:06,1,2018-09-10 12:01:06,9999-12-31 23:59:59,0,0,,,"",2.80,IIN023192,D612,1.00,kg
335,335,1,"0","",2018-09-10 12:01:06,1,2018-09-10 12:01:06,9999-12-31 23:59:59,0,0,,,"",2.72,IIN023192,D615,1.00,kg
336,336,1,"0","",2018-09-10 12:01:06,1,2018-09-10 12:01:06,9999-12-31 23:59:59,0,0,,,"",2.95,IIN023193,D604,1.00,kg
337,337,1,"0","",2018-09-10 12:01:06,1,2018-09-10 12:01:06,9999-12-31 23:59:59,0,0,,,"",2.83,IIN023193,D606,1.00,kg
338,338,1,"0","",2018-09-10 12:01:06,1,2018-09-10 12:01:06,9999-12-31 23:59:59,0,0,,,"",2.83,IIN023193,D607,1.00,kg
339,339,1,"0","",2018-09-10 12:01:06,1,2018-09-10 12:01:06,9999-12-31 23:59:59,0,0,,,"",2.82,IIN023193,D612,1.00,kg
340,340,1,"0","",2018-09-10 12:01:06,1,2018-09-10 12:01:06,9999-12-31 23:59:59,0,0,,,"",2.23,IIN023194,D602,1.00,l
341,341,1,"0","",2018-09-10 12:01:06,1,2018-09-10 12:01:06,9999-12-31 23:59:59,0,0,,,"",1.48,IIN023194,D603,1.00,l
342,342,1,"0","",2018-09-10 12:01:06,1,2018-09-10 12:01:06,9999-12-31 23:59:59,0,0,,,"",1.41,IIN023194,D612,1.00,l
343,343,1,"0","",2018-09-10 12:01:06,1,2018-09-10 12:01:06,9999-12-31 23:59:59,0,0,,,"",2.09,IIN023194,D615,1.00,l
344,344,1,"0","",2018-09-10 12:01:06,1,2018-09-10 12:01:06,9999-12-31 23:59:59,0,0,,,"",3.89,IIN023195,D602,1.00,l
345,345,1,"0","",2018-09-10 12:01:06,1,2018-09-10 12:01:06,9999-12-31 23:59:59,0,0,,,"",3.74,IIN023195,D603,1.00,l
346,346,1,"0","",2018-09-10 12:01:06,1,2018-09-10 12:01:06,9999-12-31 23:59:59,0,0,,,"",2.73,IIN023195,D604,1.00,l
347,347,1,"0","",2018-09-10 12:01:06,1,2018-09-10 12:01:06,9999-12-31 23:59:59,0,0,,,"",2.46,IIN023195,D612,1.00,l
348,348,1,"0","",2018-09-10 12:01:06,1,2018-09-10 12:01:06,9999-12-31 23:59:59,0,0,,,"",3.17,IIN023195,D615,1.00,l
349,349,1,"0","",2018-09-10 12:01:06,1,2018-09-10 12:01:06,9999-12-31 23:59:59,0,0,,,"",2.61,IIN023195,D616,1.00,l
350,350,1,"0","",2018-09-10 12:01:06,1,2018-09-10 12:01:06,9999-12-31 23:59:59,0,0,,,"",6.14,IIN023196,D607,1.00,l
351,351,1,"0","",2018-09-10 12:01:06,1,2018-09-10 12:01:06,9999-12-31 23:59:59,0,0,,,"",4.60,IIN023201,D602,1.00,l
352,352,1,"0","",2018-09-10 12:01:06,1,2018-09-10 12:01:06,9999-12-31 23:59:59,0,0,,,"",4.67,IIN023201,D603,1.00,l
353,353,1,"0","",2018-09-10 12:01:06,1,2018-09-10 12:01:06,9999-12-31 23:59:59,0,0,,,"",4.26,IIN023201,D604,1.00,l
354,354,1,"0","",2018-09-10 12:01:06,1,2018-09-10 12:01:06,9999-12-31 23:59:59,0,0,,,"",4.70,IIN023201,D606,1.00,l
355,355,1,"0","",2018-09-10 12:01:06,1,2018-09-10 12:01:06,9999-12-31 23:59:59,0,0,,,"",4.70,IIN023201,D612,1.00,l
356,356,1,"0","",2018-09-10 12:01:06,1,2018-09-10 12:01:06,9999-12-31 23:59:59,0,0,,,"",4.85,IIN023201,D615,1.00,l
357,357,1,"0","",2018-09-10 12:01:06,1,2018-09-10 12:01:06,9999-12-31 23:59:59,0,0,,,"",4.98,IIN023201,D616,1.00,l
358,358,1,"0","",2018-09-10 12:01:06,1,2018-09-10 12:01:06,9999-12-31 23:59:59,0,0,,,"",0.18,IIN023203,D602,1.00,kg
359,359,1,"0","",2018-09-10 12:01:06,1,2018-09-10 12:01:06,9999-12-31 23:59:59,0,0,,,"",0.11,IIN023203,D606,1.00,kg
360,360,1,"0","",2018-09-10 12:01:06,1,2018-09-10 12:01:06,9999-12-31 23:59:59,0,0,,,"",0.17,IIN023203,D607,1.00,kg
361,361,1,"0","",2018-09-10 12:01:06,1,2018-09-10 12:01:06,9999-12-31 23:59:59,0,0,,,"",0.11,IIN023203,D612,1.00,kg
362,362,1,"0","",2018-09-10 12:01:06,1,2018-09-10 12:01:06,9999-12-31 23:59:59,0,0,,,"",0.14,IIN023204,D602,1.00,kg
363,363,1,"0","",2018-09-10 12:01:06,1,2018-09-10 12:01:06,9999-12-31 23:59:59,0,0,,,"",0.09,IIN023204,D606,1.00,kg
364,364,1,"0","",2018-09-10 12:01:06,1,2018-09-10 12:01:06,9999-12-31 23:59:59,0,0,,,"",0.13,IIN023204,D607,1.00,kg
365,365,1,"0","",2018-09-10 12:01:06,1,2018-09-10 12:01:06,9999-12-31 23:59:59,0,0,,,"",0.08,IIN023204,D612,1.00,kg
366,366,1,"0","",2018-09-10 12:01:06,1,2018-09-10 12:01:06,9999-12-31 23:59:59,0,0,,,"",0.29,IIN023205,D604,1.00,kg
367,367,1,"0","",2018-09-10 12:01:06,1,2018-09-10 12:01:06,9999-12-31 23:59:59,0,0,,,"",0.10,IIN023205,D612,1.00,kg
368,368,1,"0","",2018-09-10 12:01:06,1,2018-09-10 12:01:06,9999-12-31 23:59:59,0,0,,,"",1.09,IIN023207,D602,1.00,kg
369,369,1,"0","",2018-09-10 12:01:06,1,2018-09-10 12:01:06,9999-12-31 23:59:59,0,0,,,"",1.09,IIN023207,D603,1.00,kg
370,370,1,"0","",2018-09-10 12:01:06,1,2018-09-10 12:01:06,9999-12-31 23:59:59,0,0,,,"",1.09,IIN023207,D604,1.00,kg
371,371,1,"0","",2018-09-10 12:01:06,1,2018-09-10 12:01:06,9999-12-31 23:59:59,0,0,,,"",1.11,IIN023207,D606,1.00,kg
372,372,1,"0","",2018-09-10 12:01:06,1,2018-09-10 12:01:06,9999-12-31 23:59:59,0,0,,,"",1.10,IIN023207,D607,1.00,kg
373,373,1,"0","",2018-09-10 12:01:06,1,2018-09-10 12:01:06,9999-12-31 23:59:59,0,0,,,"",1.09,IIN023207,D612,1.00,kg
374,374,1,"0","",2018-09-10 12:01:06,1,2018-09-10 12:01:06,9999-12-31 23:59:59,0,0,,,"",1.08,IIN023207,D615,1.00,kg
375,375,1,"0","",2018-09-10 12:01:06,1,2018-09-10 12:01:06,9999-12-31 23:59:59,0,0,,,"",1.40,IIN023207,D616,1.00,kg
376,376,1,"0","",2018-09-10 12:01:06,1,2018-09-10 12:01:06,9999-12-31 23:59:59,0,0,,,"",1.40,IIN023207,D617,1.00,kg
377,377,1,"0","",2018-09-10 12:01:06,1,2018-09-10 12:01:06,9999-12-31 23:59:59,0,0,,,"",0.67,IIN023208,D607,1.00,kg
378,378,1,"0","",2018-09-10 12:01:06,1,2018-09-10 12:01:06,9999-12-31 23:59:59,0,0,,,"",0.69,IIN023208,D617,1.00,kg
379,379,1,"0","",2018-09-10 12:01:06,1,2018-09-10 12:01:06,9999-12-31 23:59:59,0,0,,,"",2.82,IIN023209,D612,1.00,kg
380,380,1,"0","",2018-09-10 12:01:06,1,2018-09-10 12:01:06,9999-12-31 23:59:59,0,0,,,"",17.20,IIN023212,D602,1.00,kg
381,381,1,"0","",2018-09-10 12:01:06,1,2018-09-10 12:01:06,9999-12-31 23:59:59,0,0,,,"",17.17,IIN023212,D603,1.00,kg
382,382,1,"0","",2018-09-10 12:01:06,1,2018-09-10 12:01:06,9999-12-31 23:59:59,0,0,,,"",17.21,IIN023212,D604,1.00,kg
383,383,1,"0","",2018-09-10 12:01:06,1,2018-09-10 12:01:06,9999-12-31 23:59:59,0,0,,,"",16.99,IIN023212,D606,1.00,kg
384,384,1,"0","",2018-09-10 12:01:06,1,2018-09-10 12:01:06,9999-12-31 23:59:59,0,0,,,"",17.16,IIN023212,D607,1.00,kg
385,385,1,"0","",2018-09-10 12:01:06,1,2018-09-10 12:01:06,9999-12-31 23:59:59,0,0,,,"",17.19,IIN023212,D612,1.00,kg
386,386,1,"0","",2018-09-10 12:01:06,1,2018-09-10 12:01:06,9999-12-31 23:59:59,0,0,,,"",17.11,IIN023212,D615,1.00,kg
387,387,1,"0","",2018-09-10 12:01:06,1,2018-09-10 12:01:06,9999-12-31 23:59:59,0,0,,,"",11.97,IIN023212,D616,1.00,kg
388,388,1,"0","",2018-09-10 12:01:06,1,2018-09-10 12:01:06,9999-12-31 23:59:59,0,0,,,"",17.19,IIN023212,D617,1.00,kg
389,389,1,"0","",2018-09-10 12:01:06,1,2018-09-10 12:01:06,9999-12-31 23:59:59,0,0,,,"",6.35,IIN023214,D604,1.00,l
390,390,1,"0","",2018-09-10 12:01:06,1,2018-09-10 12:01:06,9999-12-31 23:59:59,0,0,,,"",1.68,IIN023217,D603,1.00,kg
391,391,1,"0","",2018-09-10 12:01:06,1,2018-09-10 12:01:06,9999-12-31 23:59:59,0,0,,,"",2.06,IIN023217,D604,1.00,kg
392,392,1,"0","",2018-09-10 12:01:06,1,2018-09-10 12:01:06,9999-12-31 23:59:59,0,0,,,"",2.50,IIN023217,D612,1.00,kg
393,393,1,"0","",2018-09-10 12:01:06,1,2018-09-10 12:01:06,9999-12-31 23:59:59,0,0,,,"",1.67,IIN023217,D615,1.00,kg
394,394,1,"0","",2018-09-10 12:01:06,1,2018-09-10 12:01:06,9999-12-31 23:59:59,0,0,,,"",1.63,IIN023217,D617,1.00,kg
395,395,1,"0","",2018-09-10 12:01:06,1,2018-09-10 12:01:06,9999-12-31 23:59:59,0,0,,,"",1.62,IIN023217,D618,1.00,kg
396,396,1,"0","",2018-09-10 12:01:06,1,2018-09-10 12:01:06,9999-12-31 23:59:59,0,0,,,"",1.56,IIN023221,D603,1.00,kg
397,397,1,"0","",2018-09-10 12:01:06,1,2018-09-10 12:01:06,9999-12-31 23:59:59,0,0,,,"",1.56,IIN023221,D604,1.00,kg
398,398,1,"0","",2018-09-10 12:01:06,1,2018-09-10 12:01:06,9999-12-31 23:59:59,0,0,,,"",1.56,IIN023221,D612,1.00,kg
399,399,1,"0","",2018-09-10 12:01:06,1,2018-09-10 12:01:06,9999-12-31 23:59:59,0,0,,,"",1.65,IIN023221,D615,1.00,kg
400,400,1,"0","",2018-09-10 12:01:06,1,2018-09-10 12:01:06,9999-12-31 23:59:59,0,0,,,"",0.56,IIN023222,D602,1.00,kg
401,401,1,"0","",2018-09-10 12:01:06,1,2018-09-10 12:01:06,9999-12-31 23:59:59,0,0,,,"",1.00,IIN023222,D603,1.00,kg
402,402,1,"0","",2018-09-10 12:01:06,1,2018-09-10 12:01:06,9999-12-31 23:59:59,0,0,,,"",0.98,IIN023222,D604,1.00,kg
403,403,1,"0","",2018-09-10 12:01:06,1,2018-09-10 12:01:06,9999-12-31 23:59:59,0,0,,,"",0.97,IIN023222,D606,1.00,kg
404,404,1,"0","",2018-09-10 12:01:06,1,2018-09-10 12:01:06,9999-12-31 23:59:59,0,0,,,"",0.87,IIN023222,D607,1.00,kg
405,405,1,"0","",2018-09-10 12:01:06,1,2018-09-10 12:01:06,9999-12-31 23:59:59,0,0,,,"",0.99,IIN023222,D612,1.00,kg
406,406,1,"0","",2018-09-10 12:01:06,1,2018-09-10 12:01:06,9999-12-31 23:59:59,0,0,,,"",0.94,IIN023222,D615,1.00,kg
407,407,1,"0","",2018-09-10 12:01:06,1,2018-09-10 12:01:06,9999-12-31 23:59:59,0,0,,,"",1.05,IIN023222,D616,1.00,kg
408,408,1,"0","",2018-09-10 12:01:06,1,2018-09-10 12:01:06,9999-12-31 23:59:59,0,0,,,"",1.30,IIN023222,D617,1.00,kg
409,409,1,"0","",2018-09-10 12:01:06,1,2018-09-10 12:01:06,9999-12-31 23:59:59,0,0,,,"",11.36,IIN023234,D603,1.00,kg
410,410,1,"0","",2018-09-10 12:01:06,1,2018-09-10 12:01:06,9999-12-31 23:59:59,0,0,,,"",9.09,IIN023234,D604,1.00,kg
411,411,1,"0","",2018-09-10 12:01:06,1,2018-09-10 12:01:06,9999-12-31 23:59:59,0,0,,,"",11.37,IIN023234,D612,1.00,kg
412,412,1,"0","",2018-09-10 12:01:06,1,2018-09-10 12:01:06,9999-12-31 23:59:59,0,0,,,"",9.69,IIN023234,D615,1.00,kg
413,413,1,"0","",2018-09-10 12:01:06,1,2018-09-10 12:01:06,9999-12-31 23:59:59,0,0,,,"",13.10,IIN023234,D616,1.00,kg
414,414,1,"0","",2018-09-10 12:01:06,1,2018-09-10 12:01:06,9999-12-31 23:59:59,0,0,,,"",6.18,IIN023235,D604,1.00,l
415,415,1,"0","",2018-09-10 12:01:06,1,2018-09-10 12:01:06,9999-12-31 23:59:59,0,0,,,"",5.73,IIN023235,D607,1.00,l
416,416,1,"0","",2018-09-10 12:01:06,1,2018-09-10 12:01:06,9999-12-31 23:59:59,0,0,,,"",6.59,IIN023235,D612,1.00,l
417,417,1,"0","",2018-09-10 12:01:06,1,2018-09-10 12:01:06,9999-12-31 23:59:59,0,0,,,"",5.78,IIN023235,D615,1.00,l
418,418,1,"0","",2018-09-10 12:01:06,1,2018-09-10 12:01:06,9999-12-31 23:59:59,0,0,,,"",6.86,IIN023235,D616,1.00,l
419,419,1,"0","",2018-09-10 12:01:06,1,2018-09-10 12:01:06,9999-12-31 23:59:59,0,0,,,"",6.59,IIN023235,D618,1.00,l
420,420,1,"0","",2018-09-10 12:01:06,1,2018-09-10 12:01:06,9999-12-31 23:59:59,0,0,,,"",4.96,IIN023236,D603,1.00,l
421,421,1,"0","",2018-09-10 12:01:06,1,2018-09-10 12:01:06,9999-12-31 23:59:59,0,0,,,"",2.75,IIN023237,D600,1.00,l
422,422,1,"0","",2018-09-10 12:01:06,1,2018-09-10 12:01:06,9999-12-31 23:59:59,0,0,,,"",2.75,IIN023237,D602,1.00,l
423,423,1,"0","",2018-09-10 12:01:06,1,2018-09-10 12:01:06,9999-12-31 23:59:59,0,0,,,"",2.75,IIN023237,D603,1.00,l
424,424,1,"0","",2018-09-10 12:01:06,1,2018-09-10 12:01:06,9999-12-31 23:59:59,0,0,,,"",2.75,IIN023237,D604,1.00,l
425,425,1,"0","",2018-09-10 12:01:06,1,2018-09-10 12:01:06,9999-12-31 23:59:59,0,0,,,"",2.75,IIN023237,D606,1.00,l
426,426,1,"0","",2018-09-10 12:01:06,1,2018-09-10 12:01:06,9999-12-31 23:59:59,0,0,,,"",2.75,IIN023237,D607,1.00,l
427,427,1,"0","",2018-09-10 12:01:06,1,2018-09-10 12:01:06,9999-12-31 23:59:59,0,0,,,"",2.75,IIN023237,D612,1.00,l
428,428,1,"0","",2018-09-10 12:01:06,1,2018-09-10 12:01:06,9999-12-31 23:59:59,0,0,,,"",2.75,IIN023237,D615,1.00,l
429,429,1,"0","",2018-09-10 12:01:06,1,2018-09-10 12:01:06,9999-12-31 23:59:59,0,0,,,"",2.75,IIN023237,D616,1.00,l
430,430,1,"0","",2018-09-10 12:01:06,1,2018-09-10 12:01:06,9999-12-31 23:59:59,0,0,,,"",2.75,IIN023237,D617,1.00,l
431,431,1,"0","",2018-09-10 12:01:06,1,2018-09-10 12:01:06,9999-12-31 23:59:59,0,0,,,"",2.75,IIN023237,D618,1.00,l
432,432,1,"0","",2018-09-10 12:01:06,1,2018-09-10 12:01:06,9999-12-31 23:59:59,0,0,,,"",4.32,IIN023240,D602,1.00,l
433,433,1,"0","",2018-09-10 12:01:06,1,2018-09-10 12:01:06,9999-12-31 23:59:59,0,0,,,"",4.30,IIN023240,D603,1.00,l
434,434,1,"0","",2018-09-10 12:01:06,1,2018-09-10 12:01:06,9999-12-31 23:59:59,0,0,,,"",3.57,IIN023242,D602,1.00,l
435,435,1,"0","",2018-09-10 12:01:06,1,2018-09-10 12:01:06,9999-12-31 23:59:59,0,0,,,"",3.54,IIN023242,D603,1.00,l
436,436,1,"0","",2018-09-10 12:01:06,1,2018-09-10 12:01:06,9999-12-31 23:59:59,0,0,,,"",3.56,IIN023242,D604,1.00,l
437,437,1,"0","",2018-09-10 12:01:06,1,2018-09-10 12:01:06,9999-12-31 23:59:59,0,0,,,"",3.54,IIN023242,D606,1.00,l
438,438,1,"0","",2018-09-10 12:01:06,1,2018-09-10 12:01:06,9999-12-31 23:59:59,0,0,,,"",3.54,IIN023242,D607,1.00,l
439,439,1,"0","",2018-09-10 12:01:06,1,2018-09-10 12:01:06,9999-12-31 23:59:59,0,0,,,"",3.54,IIN023242,D612,1.00,l
440,440,1,"0","",2018-09-10 12:01:06,1,2018-09-10 12:01:06,9999-12-31 23:59:59,0,0,,,"",3.82,IIN023242,D615,1.00,l
441,441,1,"0","",2018-09-10 12:01:06,1,2018-09-10 12:01:06,9999-12-31 23:59:59,0,0,,,"",3.62,IIN023242,D617,1.00,l
442,442,1,"0","",2018-09-10 12:01:06,1,2018-09-10 12:01:06,9999-12-31 23:59:59,0,0,,,"",156.32,IIN023420,D603,1.00,ea
443,443,1,"0","",2018-09-10 12:01:06,1,2018-09-10 12:01:06,9999-12-31 23:59:59,0,0,,,"",155.37,IIN023420,D604,1.00,ea
444,444,1,"0","",2018-09-10 12:01:06,1,2018-09-10 12:01:06,9999-12-31 23:59:59,0,0,,,"",151.23,IIN023420,D606,1.00,ea
445,445,1,"0","",2018-09-10 12:01:06,1,2018-09-10 12:01:06,9999-12-31 23:59:59,0,0,,,"",156.32,IIN023420,D607,1.00,ea
446,446,1,"0","",2018-09-10 12:01:06,1,2018-09-10 12:01:06,9999-12-31 23:59:59,0,0,,,"",155.90,IIN023421,D603,1.00,ea
447,447,1,"0","",2018-09-10 12:01:06,1,2018-09-10 12:01:06,9999-12-31 23:59:59,0,0,,,"",157.41,IIN023421,D604,1.00,ea
448,448,1,"0","",2018-09-10 12:01:06,1,2018-09-10 12:01:06,9999-12-31 23:59:59,0,0,,,"",151.66,IIN023421,D606,1.00,ea
449,449,1,"0","",2018-09-10 12:01:06,1,2018-09-10 12:01:06,9999-12-31 23:59:59,0,0,,,"",155.89,IIN023421,D607,1.00,ea
450,450,1,"0","",2018-09-10 12:01:06,1,2018-09-10 12:01:06,9999-12-31 23:59:59,0,0,,,"",156.32,IIN023421,D615,1.00,ea
451,451,1,"0","",2018-09-10 12:01:06,1,2018-09-10 12:01:06,9999-12-31 23:59:59,0,0,,,"",89.58,IIN023422,D606,1.00,ea
452,452,1,"0","",2018-09-10 12:01:06,1,2018-09-10 12:01:06,9999-12-31 23:59:59,0,0,,,"",94.94,IIN023422,D607,1.00,ea
453,453,1,"0","",2018-09-10 12:01:06,1,2018-09-10 12:01:06,9999-12-31 23:59:59,0,0,,,"",89.58,IIN023422,D615,1.00,ea
454,454,1,"0","",2018-09-10 12:01:06,1,2018-09-10 12:01:06,9999-12-31 23:59:59,0,0,,,"",475.38,IIN023423,D602,1.00,ea
455,455,1,"0","",2018-09-10 12:01:06,1,2018-09-10 12:01:06,9999-12-31 23:59:59,0,0,,,"",455.63,IIN023423,D603,1.00,ea
456,456,1,"0","",2018-09-10 12:01:06,1,2018-09-10 12:01:06,9999-12-31 23:59:59,0,0,,,"",445.87,IIN023423,D604,1.00,ea
457,457,1,"0","",2018-09-10 12:01:06,1,2018-09-10 12:01:06,9999-12-31 23:59:59,0,0,,,"",447.15,IIN023423,D606,1.00,ea
458,458,1,"0","",2018-09-10 12:01:06,1,2018-09-10 12:01:06,9999-12-31 23:59:59,0,0,,,"",475.38,IIN023423,D607,1.00,ea
459,459,1,"0","",2018-09-10 12:01:06,1,2018-09-10 12:01:06,9999-12-31 23:59:59,0,0,,,"",475.38,IIN023423,D618,1.00,ea
460,460,1,"0","",2018-09-10 12:01:06,1,2018-09-10 12:01:06,9999-12-31 23:59:59,0,0,,,"",517.00,IIN023424,D602,1.00,ea
461,461,1,"0","",2018-09-10 12:01:06,1,2018-09-10 12:01:06,9999-12-31 23:59:59,0,0,,,"",427.63,IIN023424,D604,1.00,ea
462,462,1,"0","",2018-09-10 12:01:06,1,2018-09-10 12:01:06,9999-12-31 23:59:59,0,0,,,"",485.72,IIN023424,D606,1.00,ea
463,463,1,"0","",2018-09-10 12:01:06,1,2018-09-10 12:01:06,9999-12-31 23:59:59,0,0,,,"",517.00,IIN023424,D607,1.00,ea
464,464,1,"0","",2018-09-10 12:01:06,1,2018-09-10 12:01:06,9999-12-31 23:59:59,0,0,,,"",338.55,IIN023425,D603,1.00,ea
465,465,1,"0","",2018-09-10 12:01:06,1,2018-09-10 12:01:06,9999-12-31 23:59:59,0,0,,,"",340.76,IIN023425,D604,1.00,ea
466,466,1,"0","",2018-09-10 12:01:06,1,2018-09-10 12:01:06,9999-12-31 23:59:59,0,0,,,"",149.55,IIN023427,D603,1.00,ea
467,467,1,"0","",2018-09-10 12:01:06,1,2018-09-10 12:01:06,9999-12-31 23:59:59,0,0,,,"",150.00,IIN023427,D604,1.00,ea
468,468,1,"0","",2018-09-10 12:01:06,1,2018-09-10 12:01:06,9999-12-31 23:59:59,0,0,,,"",150.03,IIN023427,D606,1.00,ea
469,469,1,"0","",2018-09-10 12:01:06,1,2018-09-10 12:01:06,9999-12-31 23:59:59,0,0,,,"",150.00,IIN023427,D607,1.00,ea
470,470,1,"0","",2018-09-10 12:01:06,1,2018-09-10 12:01:06,9999-12-31 23:59:59,0,0,,,"",498.97,IIN023428,D606,1.00,ea
471,471,1,"0","",2018-09-10 12:01:06,1,2018-09-10 12:01:06,9999-12-31 23:59:59,0,0,,,"",433.32,IIN023428,D607,1.00,ea
472,472,1,"0","",2018-09-10 12:01:06,1,2018-09-10 12:01:06,9999-12-31 23:59:59,0,0,,,"",425.05,IIN023429,D606,1.00,ea
473,473,1,"0","",2018-09-10 12:01:06,1,2018-09-10 12:01:06,9999-12-31 23:59:59,0,0,,,"",23.00,IIN023430,D604,1.00,ea
474,474,1,"0","",2018-09-10 12:01:06,1,2018-09-10 12:01:06,9999-12-31 23:59:59,0,0,,,"",36.42,IIN023431,D604,1.00,ea
475,475,1,"0","",2018-09-10 12:01:06,1,2018-09-10 12:01:06,9999-12-31 23:59:59,0,0,,,"",36.42,IIN023431,D615,1.00,ea
476,476,1,"0","",2018-09-10 12:01:06,1,2018-09-10 12:01:06,9999-12-31 23:59:59,0,0,,,"",24.72,IIN023432,D604,1.00,ea
477,477,1,"0","",2018-09-10 12:01:06,1,2018-09-10 12:01:06,9999-12-31 23:59:59,0,0,,,"",23.50,IIN023432,D615,1.00,ea
478,478,1,"0","",2018-09-10 12:01:06,1,2018-09-10 12:01:06,9999-12-31 23:59:59,0,0,,,"",22.66,IIN023433,D600,1.00,ea
479,479,1,"0","",2018-09-10 12:01:06,1,2018-09-10 12:01:06,9999-12-31 23:59:59,0,0,,,"",25.06,IIN023433,D602,1.00,ea
480,480,1,"0","",2018-09-10 12:01:06,1,2018-09-10 12:01:06,9999-12-31 23:59:59,0,0,,,"",24.34,IIN023433,D603,1.00,ea
481,481,1,"0","",2018-09-10 12:01:06,1,2018-09-10 12:01:06,9999-12-31 23:59:59,0,0,,,"",26.13,IIN023433,D604,1.00,ea
482,482,1,"0","",2018-09-10 12:01:06,1,2018-09-10 12:01:06,9999-12-31 23:59:59,0,0,,,"",24.22,IIN023433,D606,1.00,ea
483,483,1,"0","",2018-09-10 12:01:06,1,2018-09-10 12:01:06,9999-12-31 23:59:59,0,0,,,"",24.41,IIN023433,D607,1.00,ea
484,484,1,"0","",2018-09-10 12:01:06,1,2018-09-10 12:01:06,9999-12-31 23:59:59,0,0,,,"",22.66,IIN023433,D615,1.00,ea
485,485,1,"0","",2018-09-10 12:01:06,1,2018-09-10 12:01:06,9999-12-31 23:59:59,0,0,,,"",24.97,IIN023433,D616,1.00,ea
486,486,1,"0","",2018-09-10 12:01:06,1,2018-09-10 12:01:06,9999-12-31 23:59:59,0,0,,,"",24.47,IIN023433,D617,1.00,ea
487,487,1,"0","",2018-09-10 12:01:06,1,2018-09-10 12:01:06,9999-12-31 23:59:59,0,0,,,"",24.44,IIN023433,D618,1.00,ea
488,488,1,"0","",2018-09-10 12:01:06,1,2018-09-10 12:01:06,9999-12-31 23:59:59,0,0,,,"",24.67,IIN023434,D600,1.00,ea
489,489,1,"0","",2018-09-10 12:01:06,1,2018-09-10 12:01:06,9999-12-31 23:59:59,0,0,,,"",24.35,IIN023435,D600,1.00,ea
490,490,1,"0","",2018-09-10 12:01:06,1,2018-09-10 12:01:06,9999-12-31 23:59:59,0,0,,,"",24.35,IIN023435,D602,1.00,ea
491,491,1,"0","",2018-09-10 12:01:06,1,2018-09-10 12:01:06,9999-12-31 23:59:59,0,0,,,"",24.35,IIN023435,D603,1.00,ea
492,492,1,"0","",2018-09-10 12:01:06,1,2018-09-10 12:01:06,9999-12-31 23:59:59,0,0,,,"",23.41,IIN023435,D604,1.00,ea
493,493,1,"0","",2018-09-10 12:01:06,1,2018-09-10 12:01:06,9999-12-31 23:59:59,0,0,,,"",24.35,IIN023435,D606,1.00,ea
494,494,1,"0","",2018-09-10 12:01:06,1,2018-09-10 12:01:06,9999-12-31 23:59:59,0,0,,,"",24.35,IIN023435,D607,1.00,ea
495,495,1,"0","",2018-09-10 12:01:06,1,2018-09-10 12:01:06,9999-12-31 23:59:59,0,0,,,"",27.60,IIN023435,D615,1.00,ea
496,496,1,"0","",2018-09-10 12:01:06,1,2018-09-10 12:01:06,9999-12-31 23:59:59,0,0,,,"",23.37,IIN023435,D616,1.00,ea
497,497,1,"0","",2018-09-10 12:01:06,1,2018-09-10 12:01:06,9999-12-31 23:59:59,0,0,,,"",24.35,IIN023435,D617,1.00,ea
498,498,1,"0","",2018-09-10 12:01:06,1,2018-09-10 12:01:06,9999-12-31 23:59:59,0,0,,,"",24.35,IIN023435,D618,1.00,ea
499,499,1,"0","",2018-09-10 12:01:06,1,2018-09-10 12:01:06,9999-12-31 23:59:59,0,0,,,"",42.33,IIN023437,D604,1.00,ea
500,500,1,"0","",2018-09-10 12:01:06,1,2018-09-10 12:01:06,9999-12-31 23:59:59,0,0,,,"",42.33,IIN023437,D615,1.00,ea
501,501,1,"0","",2018-09-10 12:01:06,1,2018-09-10 12:01:06,9999-12-31 23:59:59,0,0,,,"",43.00,IIN023437,D616,1.00,ea
502,502,1,"0","",2018-09-10 12:01:06,1,2018-09-10 12:01:06,9999-12-31 23:59:59,0,0,,,"",37.19,IIN023439,D600,1.00,ea
503,503,1,"0","",2018-09-10 12:01:06,1,2018-09-10 12:01:06,9999-12-31 23:59:59,0,0,,,"",37.19,IIN023439,D602,1.00,ea
504,504,1,"0","",2018-09-10 12:01:06,1,2018-09-10 12:01:06,9999-12-31 23:59:59,0,0,,,"",37.67,IIN023439,D603,1.00,ea
505,505,1,"0","",2018-09-10 12:01:06,1,2018-09-10 12:01:06,9999-12-31 23:59:59,0,0,,,"",37.26,IIN023439,D604,1.00,ea
506,506,1,"0","",2018-09-10 12:01:06,1,2018-09-10 12:01:06,9999-12-31 23:59:59,0,0,,,"",37.17,IIN023439,D607,1.00,ea
507,507,1,"0","",2018-09-10 12:01:06,1,2018-09-10 12:01:06,9999-12-31 23:59:59,0,0,,,"",34.39,IIN023439,D615,1.00,ea
508,508,1,"0","",2018-09-10 12:01:06,1,2018-09-10 12:01:06,9999-12-31 23:59:59,0,0,,,"",36.86,IIN023439,D616,1.00,ea
509,509,1,"0","",2018-09-10 12:01:06,1,2018-09-10 12:01:06,9999-12-31 23:59:59,0,0,,,"",37.23,IIN023439,D617,1.00,ea
510,510,1,"0","",2018-09-10 12:01:06,1,2018-09-10 12:01:06,9999-12-31 23:59:59,0,0,,,"",38.05,IIN023440,D606,1.00,ea
511,511,1,"0","",2018-09-10 12:01:06,1,2018-09-10 12:01:06,9999-12-31 23:59:59,0,0,,,"",33.15,IIN023441,D600,1.00,ea
512,512,1,"0","",2018-09-10 12:01:06,1,2018-09-10 12:01:06,9999-12-31 23:59:59,0,0,,,"",33.15,IIN023441,D602,1.00,ea
513,513,1,"0","",2018-09-10 12:01:06,1,2018-09-10 12:01:06,9999-12-31 23:59:59,0,0,,,"",32.52,IIN023441,D603,1.00,ea
514,514,1,"0","",2018-09-10 12:01:06,1,2018-09-10 12:01:06,9999-12-31 23:59:59,0,0,,,"",33.16,IIN023441,D604,1.00,ea
515,515,1,"0","",2018-09-10 12:01:06,1,2018-09-10 12:01:06,9999-12-31 23:59:59,0,0,,,"",32.10,IIN023441,D607,1.00,ea
516,516,1,"0","",2018-09-10 12:01:06,1,2018-09-10 12:01:06,9999-12-31 23:59:59,0,0,,,"",35.72,IIN023441,D615,1.00,ea
517,517,1,"0","",2018-09-10 12:01:06,1,2018-09-10 12:01:06,9999-12-31 23:59:59,0,0,,,"",31.85,IIN023441,D616,1.00,ea
518,518,1,"0","",2018-09-10 12:01:06,1,2018-09-10 12:01:06,9999-12-31 23:59:59,0,0,,,"",33.16,IIN023441,D617,1.00,ea
519,519,1,"0","",2018-09-10 12:01:06,1,2018-09-10 12:01:06,9999-12-31 23:59:59,0,0,,,"",29.16,IIN023442,D606,1.00,ea
520,520,1,"0","",2018-09-10 12:01:06,1,2018-09-10 12:01:06,9999-12-31 23:59:59,0,0,,,"",35.33,IIN023443,D604,1.00,ea
521,521,1,"0","",2018-09-10 12:01:06,1,2018-09-10 12:01:06,9999-12-31 23:59:59,0,0,,,"",63.00,IIN023445,D600,1.00,ea
522,522,1,"0","",2018-09-10 12:01:06,1,2018-09-10 12:01:06,9999-12-31 23:59:59,0,0,,,"",63.00,IIN023445,D602,1.00,ea
523,523,1,"0","",2018-09-10 12:01:06,1,2018-09-10 12:01:06,9999-12-31 23:59:59,0,0,,,"",63.00,IIN023445,D603,1.00,ea
524,524,1,"0","",2018-09-10 12:01:06,1,2018-09-10 12:01:06,9999-12-31 23:59:59,0,0,,,"",63.00,IIN023445,D604,1.00,ea
525,525,1,"0","",2018-09-10 12:01:06,1,2018-09-10 12:01:06,9999-12-31 23:59:59,0,0,,,"",63.00,IIN023445,D606,1.00,ea
526,526,1,"0","",2018-09-10 12:01:06,1,2018-09-10 12:01:06,9999-12-31 23:59:59,0,0,,,"",63.00,IIN023445,D607,1.00,ea
527,527,1,"0","",2018-09-10 12:01:06,1,2018-09-10 12:01:06,9999-12-31 23:59:59,0,0,,,"",65.47,IIN023445,D615,1.00,ea
528,528,1,"0","",2018-09-10 12:01:06,1,2018-09-10 12:01:06,9999-12-31 23:59:59,0,0,,,"",63.00,IIN023445,D616,1.00,ea
529,529,1,"0","",2018-09-10 12:01:06,1,2018-09-10 12:01:06,9999-12-31 23:59:59,0,0,,,"",63.13,IIN023445,D617,1.00,ea
530,530,1,"0","",2018-09-10 12:01:06,1,2018-09-10 12:01:06,9999-12-31 23:59:59,0,0,,,"",63.00,IIN023445,D618,1.00,ea
531,531,1,"0","",2018-09-10 12:01:06,1,2018-09-10 12:01:06,9999-12-31 23:59:59,0,0,,,"",63.00,IIN023446,D600,1.00,ea
532,532,1,"0","",2018-09-10 12:01:06,1,2018-09-10 12:01:06,9999-12-31 23:59:59,0,0,,,"",62.92,IIN023446,D616,1.00,ea
533,533,1,"0","",2018-09-10 12:01:06,1,2018-09-10 12:01:06,9999-12-31 23:59:59,0,0,,,"",63.00,IIN023447,D600,1.00,ea
534,534,1,"0","",2018-09-10 12:01:06,1,2018-09-10 12:01:06,9999-12-31 23:59:59,0,0,,,"",63.00,IIN023447,D602,1.00,ea
535,535,1,"0","",2018-09-10 12:01:06,1,2018-09-10 12:01:06,9999-12-31 23:59:59,0,0,,,"",63.00,IIN023447,D603,1.00,ea
536,536,1,"0","",2018-09-10 12:01:06,1,2018-09-10 12:01:06,9999-12-31 23:59:59,0,0,,,"",63.00,IIN023447,D604,1.00,ea
537,537,1,"0","",2018-09-10 12:01:06,1,2018-09-10 12:01:06,9999-12-31 23:59:59,0,0,,,"",63.00,IIN023447,D606,1.00,ea
538,538,1,"0","",2018-09-10 12:01:06,1,2018-09-10 12:01:06,9999-12-31 23:59:59,0,0,,,"",63.00,IIN023447,D607,1.00,ea
539,539,1,"0","",2018-09-10 12:01:06,1,2018-09-10 12:01:06,9999-12-31 23:59:59,0,0,,,"",62.31,IIN023447,D615,1.00,ea
540,540,1,"0","",2018-09-10 12:01:06,1,2018-09-10 12:01:06,9999-12-31 23:59:59,0,0,,,"",62.98,IIN023447,D616,1.00,ea
541,541,1,"0","",2018-09-10 12:01:06,1,2018-09-10 12:01:06,9999-12-31 23:59:59,0,0,,,"",63.00,IIN023447,D617,1.00,ea
542,542,1,"0","",2018-09-10 12:01:06,1,2018-09-10 12:01:06,9999-12-31 23:59:59,0,0,,,"",63.00,IIN023447,D618,1.00,ea
543,543,1,"0","",2018-09-10 12:01:06,1,2018-09-10 12:01:06,9999-12-31 23:59:59,0,0,,,"",44.78,IIN023449,D600,1.00,ea
544,544,1,"0","",2018-09-10 12:01:06,1,2018-09-10 12:01:06,9999-12-31 23:59:59,0,0,,,"",41.15,IIN023449,D603,1.00,ea
545,545,1,"0","",2018-09-10 12:01:06,1,2018-09-10 12:01:06,9999-12-31 23:59:59,0,0,,,"",41.39,IIN023449,D604,1.00,ea
546,546,1,"0","",2018-09-10 12:01:06,1,2018-09-10 12:01:06,9999-12-31 23:59:59,0,0,,,"",44.49,IIN023449,D606,1.00,ea
547,547,1,"0","",2018-09-10 12:01:06,1,2018-09-10 12:01:06,9999-12-31 23:59:59,0,0,,,"",44.88,IIN023449,D607,1.00,ea
548,548,1,"0","",2018-09-10 12:01:06,1,2018-09-10 12:01:06,9999-12-31 23:59:59,0,0,,,"",42.31,IIN023449,D615,1.00,ea
549,549,1,"0","",2018-09-10 12:01:06,1,2018-09-10 12:01:06,9999-12-31 23:59:59,0,0,,,"",42.10,IIN023449,D616,1.00,ea
550,550,1,"0","",2018-09-10 12:01:06,1,2018-09-10 12:01:06,9999-12-31 23:59:59,0,0,,,"",43.78,IIN023449,D617,1.00,ea
551,551,1,"0","",2018-09-10 12:01:06,1,2018-09-10 12:01:06,9999-12-31 23:59:59,0,0,,,"",43.94,IIN023449,D618,1.00,ea
552,552,1,"0","",2018-09-10 12:01:06,1,2018-09-10 12:01:06,9999-12-31 23:59:59,0,0,,,"",79.26,IIN023451,D603,1.00,ea
553,553,1,"0","",2018-09-10 12:01:06,1,2018-09-10 12:01:06,9999-12-31 23:59:59,0,0,,,"",76.77,IIN023451,D604,1.00,ea
554,554,1,"0","",2018-09-10 12:01:06,1,2018-09-10 12:01:06,9999-12-31 23:59:59,0,0,,,"",79.26,IIN023451,D615,1.00,ea
555,555,1,"0","",2018-09-10 12:01:06,1,2018-09-10 12:01:06,9999-12-31 23:59:59,0,0,,,"",76.79,IIN023452,D603,1.00,ea
556,556,1,"0","",2018-09-10 12:01:06,1,2018-09-10 12:01:06,9999-12-31 23:59:59,0,0,,,"",74.49,IIN023452,D604,1.00,ea
557,557,1,"0","",2018-09-10 12:01:06,1,2018-09-10 12:01:06,9999-12-31 23:59:59,0,0,,,"",94.43,IIN023453,D600,1.00,ea
558,558,1,"0","",2018-09-10 12:01:06,1,2018-09-10 12:01:06,9999-12-31 23:59:59,0,0,,,"",94.60,IIN023453,D602,1.00,ea
559,559,1,"0","",2018-09-10 12:01:06,1,2018-09-10 12:01:06,9999-12-31 23:59:59,0,0,,,"",93.20,IIN023453,D603,1.00,ea
560,560,1,"0","",2018-09-10 12:01:06,1,2018-09-10 12:01:06,9999-12-31 23:59:59,0,0,,,"",94.13,IIN023453,D604,1.00,ea
561,561,1,"0","",2018-09-10 12:01:06,1,2018-09-10 12:01:06,9999-12-31 23:59:59,0,0,,,"",93.20,IIN023453,D607,1.00,ea
562,562,1,"0","",2018-09-10 12:01:06,1,2018-09-10 12:01:06,9999-12-31 23:59:59,0,0,,,"",129.00,IIN023453,D615,1.00,ea
563,563,1,"0","",2018-09-10 12:01:06,1,2018-09-10 12:01:06,9999-12-31 23:59:59,0,0,,,"",93.99,IIN023453,D616,1.00,ea
564,564,1,"0","",2018-09-10 12:01:06,1,2018-09-10 12:01:06,9999-12-31 23:59:59,0,0,,,"",93.04,IIN023453,D617,1.00,ea
565,565,1,"0","",2018-09-10 12:01:06,1,2018-09-10 12:01:06,9999-12-31 23:59:59,0,0,,,"",96.00,IIN023453,D618,1.00,ea
566,566,1,"0","",2018-09-10 12:01:06,1,2018-09-10 12:01:06,9999-12-31 23:59:59,0,0,,,"",92.56,IIN023454,D606,1.00,ea
567,567,1,"0","",2018-09-10 12:01:06,1,2018-09-10 12:01:06,9999-12-31 23:59:59,0,0,,,"",90.50,IIN023455,D600,1.00,ea
568,568,1,"0","",2018-09-10 12:01:06,1,2018-09-10 12:01:06,9999-12-31 23:59:59,0,0,,,"",91.00,IIN023455,D602,1.00,ea
569,569,1,"0","",2018-09-10 12:01:06,1,2018-09-10 12:01:06,9999-12-31 23:59:59,0,0,,,"",90.07,IIN023455,D603,1.00,ea
570,570,1,"0","",2018-09-10 12:01:06,1,2018-09-10 12:01:06,9999-12-31 23:59:59,0,0,,,"",90.47,IIN023455,D604,1.00,ea
571,571,1,"0","",2018-09-10 12:01:06,1,2018-09-10 12:01:06,9999-12-31 23:59:59,0,0,,,"",91.00,IIN023455,D607,1.00,ea
572,572,1,"0","",2018-09-10 12:01:06,1,2018-09-10 12:01:06,9999-12-31 23:59:59,0,0,,,"",90.34,IIN023455,D615,1.00,ea
573,573,1,"0","",2018-09-10 12:01:06,1,2018-09-10 12:01:06,9999-12-31 23:59:59,0,0,,,"",90.50,IIN023455,D616,1.00,ea
574,574,1,"0","",2018-09-10 12:01:06,1,2018-09-10 12:01:06,9999-12-31 23:59:59,0,0,,,"",90.14,IIN023455,D617,1.00,ea
575,575,1,"0","",2018-09-10 12:01:06,1,2018-09-10 12:01:06,9999-12-31 23:59:59,0,0,,,"",89.43,IIN023455,D618,1.00,ea
576,576,1,"0","",2018-09-10 12:01:06,1,2018-09-10 12:01:06,9999-12-31 23:59:59,0,0,,,"",88.50,IIN023456,D606,1.00,ea
577,577,1,"0","",2018-09-10 12:01:06,1,2018-09-10 12:01:06,9999-12-31 23:59:59,0,0,,,"",88.50,IIN023456,D616,1.00,ea
578,578,1,"0","",2018-09-10 12:01:06,1,2018-09-10 12:01:06,9999-12-31 23:59:59,0,0,,,"",74.00,IIN023457,D600,1.00,ea
579,579,1,"0","",2018-09-10 12:01:06,1,2018-09-10 12:01:06,9999-12-31 23:59:59,0,0,,,"",52.00,IIN023457,D603,1.00,ea
580,580,1,"0","",2018-09-10 12:01:06,1,2018-09-10 12:01:06,9999-12-31 23:59:59,0,0,,,"",64.50,IIN023457,D604,1.00,ea
581,581,1,"0","",2018-09-10 12:01:06,1,2018-09-10 12:01:06,9999-12-31 23:59:59,0,0,,,"",69.90,IIN023457,D606,1.00,ea
582,582,1,"0","",2018-09-10 12:01:06,1,2018-09-10 12:01:06,9999-12-31 23:59:59,0,0,,,"",70.70,IIN023457,D607,1.00,ea
583,583,1,"0","",2018-09-10 12:01:06,1,2018-09-10 12:01:06,9999-12-31 23:59:59,0,0,,,"",64.50,IIN023457,D615,1.00,ea
584,584,1,"0","",2018-09-10 12:01:06,1,2018-09-10 12:01:06,9999-12-31 23:59:59,0,0,,,"",69.15,IIN023457,D616,1.00,ea
585,585,1,"0","",2018-09-10 12:01:06,1,2018-09-10 12:01:06,9999-12-31 23:59:59,0,0,,,"",64.63,IIN023457,D617,1.00,ea
586,586,1,"0","",2018-09-10 12:01:06,1,2018-09-10 12:01:06,9999-12-31 23:59:59,0,0,,,"",72.22,IIN023457,D618,1.00,ea
587,587,1,"0","",2018-09-10 12:01:06,1,2018-09-10 12:01:06,9999-12-31 23:59:59,0,0,,,"",24.00,IIN023458,D604,1.00,ea
588,588,1,"0","",2018-09-10 12:01:06,1,2018-09-10 12:01:06,9999-12-31 23:59:59,0,0,,,"",24.00,IIN023458,D615,1.00,ea
589,589,1,"0","",2018-09-10 12:01:06,1,2018-09-10 12:01:06,9999-12-31 23:59:59,0,0,,,"",24.00,IIN023459,D604,1.00,ea
590,590,1,"0","",2018-09-10 12:01:06,1,2018-09-10 12:01:06,9999-12-31 23:59:59,0,0,,,"",24.00,IIN023459,D615,1.00,ea
591,591,1,"0","",2018-09-10 12:01:06,1,2018-09-10 12:01:06,9999-12-31 23:59:59,0,0,,,"",103.19,IIN023460,D600,1.00,ea
592,592,1,"0","",2018-09-10 12:01:06,1,2018-09-10 12:01:06,9999-12-31 23:59:59,0,0,,,"",106.40,IIN023460,D602,1.00,ea
593,593,1,"0","",2018-09-10 12:01:06,1,2018-09-10 12:01:06,9999-12-31 23:59:59,0,0,,,"",107.18,IIN023460,D603,1.00,ea
594,594,1,"0","",2018-09-10 12:01:06,1,2018-09-10 12:01:06,9999-12-31 23:59:59,0,0,,,"",103.19,IIN023460,D604,1.00,ea
595,595,1,"0","",2018-09-10 12:01:06,1,2018-09-10 12:01:06,9999-12-31 23:59:59,0,0,,,"",107.86,IIN023460,D606,1.00,ea
596,596,1,"0","",2018-09-10 12:01:06,1,2018-09-10 12:01:06,9999-12-31 23:59:59,0,0,,,"",103.66,IIN023460,D607,1.00,ea
597,597,1,"0","",2018-09-10 12:01:06,1,2018-09-10 12:01:06,9999-12-31 23:59:59,0,0,,,"",190.35,IIN023460,D615,1.00,ea
598,598,1,"0","",2018-09-10 12:01:06,1,2018-09-10 12:01:06,9999-12-31 23:59:59,0,0,,,"",105.37,IIN023460,D616,1.00,ea
599,599,1,"0","",2018-09-10 12:01:06,1,2018-09-10 12:01:06,9999-12-31 23:59:59,0,0,,,"",215.77,IIN023460,D618,1.00,ea
600,600,1,"0","",2018-09-10 12:01:06,1,2018-09-10 12:01:06,9999-12-31 23:59:59,0,0,,,"",109.00,IIN023462,D600,1.00,ea
601,601,1,"0","",2018-09-10 12:01:06,1,2018-09-10 12:01:06,9999-12-31 23:59:59,0,0,,,"",107.69,IIN023462,D602,1.00,ea
602,602,1,"0","",2018-09-10 12:01:06,1,2018-09-10 12:01:06,9999-12-31 23:59:59,0,0,,,"",109.00,IIN023462,D603,1.00,ea
603,603,1,"0","",2018-09-10 12:01:06,1,2018-09-10 12:01:06,9999-12-31 23:59:59,0,0,,,"",109.00,IIN023462,D604,1.00,ea
604,604,1,"0","",2018-09-10 12:01:06,1,2018-09-10 12:01:06,9999-12-31 23:59:59,0,0,,,"",109.00,IIN023462,D606,1.00,ea
605,605,1,"0","",2018-09-10 12:01:06,1,2018-09-10 12:01:06,9999-12-31 23:59:59,0,0,,,"",108.38,IIN023462,D607,1.00,ea
606,606,1,"0","",2018-09-10 12:01:06,1,2018-09-10 12:01:06,9999-12-31 23:59:59,0,0,,,"",105.07,IIN023462,D615,1.00,ea
607,607,1,"0","",2018-09-10 12:01:06,1,2018-09-10 12:01:06,9999-12-31 23:59:59,0,0,,,"",109.00,IIN023462,D616,1.00,ea
608,608,1,"0","",2018-09-10 12:01:06,1,2018-09-10 12:01:06,9999-12-31 23:59:59,0,0,,,"",109.00,IIN023462,D617,1.00,ea
609,609,1,"0","",2018-09-10 12:01:06,1,2018-09-10 12:01:06,9999-12-31 23:59:59,0,0,,,"",109.00,IIN023462,D618,1.00,ea
610,610,1,"0","",2018-09-10 12:01:06,1,2018-09-10 12:01:06,9999-12-31 23:59:59,0,0,,,"",105.38,IIN023463,D616,1.00,ea
611,611,1,"0","",2018-09-10 12:01:06,1,2018-09-10 12:01:06,9999-12-31 23:59:59,0,0,,,"",80.00,IIN023464,D600,1.00,ea
612,612,1,"0","",2018-09-10 12:01:06,1,2018-09-10 12:01:06,9999-12-31 23:59:59,0,0,,,"",79.79,IIN023464,D602,1.00,ea
613,613,1,"0","",2018-09-10 12:01:06,1,2018-09-10 12:01:06,9999-12-31 23:59:59,0,0,,,"",79.51,IIN023464,D603,1.00,ea
614,614,1,"0","",2018-09-10 12:01:06,1,2018-09-10 12:01:06,9999-12-31 23:59:59,0,0,,,"",79.30,IIN023464,D604,1.00,ea
615,615,1,"0","",2018-09-10 12:01:06,1,2018-09-10 12:01:06,9999-12-31 23:59:59,0,0,,,"",79.94,IIN023464,D606,1.00,ea
616,616,1,"0","",2018-09-10 12:01:06,1,2018-09-10 12:01:06,9999-12-31 23:59:59,0,0,,,"",79.79,IIN023464,D607,1.00,ea
617,617,1,"0","",2018-09-10 12:01:06,1,2018-09-10 12:01:06,9999-12-31 23:59:59,0,0,,,"",71.01,IIN023464,D615,1.00,ea
618,618,1,"0","",2018-09-10 12:01:06,1,2018-09-10 12:01:06,9999-12-31 23:59:59,0,0,,,"",79.98,IIN023464,D616,1.00,ea
619,619,1,"0","",2018-09-10 12:01:06,1,2018-09-10 12:01:06,9999-12-31 23:59:59,0,0,,,"",80.00,IIN023464,D617,1.00,ea
620,620,1,"0","",2018-09-10 12:01:06,1,2018-09-10 12:01:06,9999-12-31 23:59:59,0,0,,,"",80.39,IIN023464,D618,1.00,ea
621,621,1,"0","",2018-09-10 12:01:06,1,2018-09-10 12:01:06,9999-12-31 23:59:59,0,0,,,"",155.97,IIN023465,D602,1.00,ea
622,622,1,"0","",2018-09-10 12:01:06,1,2018-09-10 12:01:06,9999-12-31 23:59:59,0,0,,,"",146.24,IIN023465,D603,1.00,ea
623,623,1,"0","",2018-09-10 12:01:06,1,2018-09-10 12:01:06,9999-12-31 23:59:59,0,0,,,"",115.81,IIN023465,D604,1.00,ea
624,624,1,"0","",2018-09-10 12:01:06,1,2018-09-10 12:01:06,9999-12-31 23:59:59,0,0,,,"",164.50,IIN023465,D606,1.00,ea
625,625,1,"0","",2018-09-10 12:01:06,1,2018-09-10 12:01:06,9999-12-31 23:59:59,0,0,,,"",141.50,IIN023465,D607,1.00,ea
626,626,1,"0","",2018-09-10 12:01:06,1,2018-09-10 12:01:06,9999-12-31 23:59:59,0,0,,,"",180.00,IIN023570,D606,1.00,mt
627,627,1,"0","",2018-09-10 12:01:06,1,2018-09-10 12:01:06,9999-12-31 23:59:59,0,0,,,"",10.70,IIN032465,D600,1.00,kg
628,628,1,"0","",2018-09-10 12:01:06,1,2018-09-10 12:01:06,9999-12-31 23:59:59,0,0,,,"",10.25,IIN032465,D602,1.00,kg
629,629,1,"0","",2018-09-10 12:01:06,1,2018-09-10 12:01:06,9999-12-31 23:59:59,0,0,,,"",10.27,IIN032465,D603,1.00,kg
630,630,1,"0","",2018-09-10 12:01:06,1,2018-09-10 12:01:06,9999-12-31 23:59:59,0,0,,,"",10.63,IIN032465,D604,1.00,kg
631,631,1,"0","",2018-09-10 12:01:06,1,2018-09-10 12:01:06,9999-12-31 23:59:59,0,0,,,"",11.10,IIN032465,D606,1.00,kg
632,632,1,"0","",2018-09-10 12:01:06,1,2018-09-10 12:01:06,9999-12-31 23:59:59,0,0,,,"",11.30,IIN032465,D607,1.00,kg
633,633,1,"0","",2018-09-10 12:01:06,1,2018-09-10 12:01:06,9999-12-31 23:59:59,0,0,,,"",10.51,IIN032465,D612,1.00,kg
634,634,1,"0","",2018-09-10 12:01:06,1,2018-09-10 12:01:06,9999-12-31 23:59:59,0,0,,,"",10.72,IIN032465,D615,1.00,kg
635,635,1,"0","",2018-09-10 12:01:06,1,2018-09-10 12:01:06,9999-12-31 23:59:59,0,0,,,"",11.31,IIN032465,D616,1.00,kg
636,636,1,"0","",2018-09-10 12:01:06,1,2018-09-10 12:01:06,9999-12-31 23:59:59,0,0,,,"",11.31,IIN032465,D617,1.00,kg
637,637,1,"0","",2018-09-10 12:01:06,1,2018-09-10 12:01:06,9999-12-31 23:59:59,0,0,,,"",10.77,IIN032465,D618,1.00,kg
638,638,1,"0","",2018-09-10 12:01:06,1,2018-09-10 12:01:06,9999-12-31 23:59:59,0,0,,,"",307.15,IIN036720,D603,1.00,ea
639,639,1,"0","",2018-09-10 12:01:06,1,2018-09-10 12:01:06,9999-12-31 23:59:59,0,0,,,"",306.68,IIN036720,D604,1.00,ea
640,640,1,"0","",2018-09-10 12:01:06,1,2018-09-10 12:01:06,9999-12-31 23:59:59,0,0,,,"",389.49,IIN036720,D607,1.00,ea
641,641,1,"0","",2018-09-10 12:01:06,1,2018-09-10 12:01:06,9999-12-31 23:59:59,0,0,,,"",307.16,IIN036720,D615,1.00,ea
642,642,1,"0","",2018-09-10 12:01:06,1,2018-09-10 12:01:06,9999-12-31 23:59:59,0,0,,,"",418.17,IIN036720,D616,1.00,ea
643,643,1,"0","",2018-09-10 12:01:06,1,2018-09-10 12:01:06,9999-12-31 23:59:59,0,0,,,"",412.88,IIN036720,D617,1.00,ea
644,644,1,"0","",2018-09-10 12:01:06,1,2018-09-10 12:01:06,9999-12-31 23:59:59,0,0,,,"",385.19,IIN036720,D618,1.00,ea
645,645,1,"0","",2018-09-10 12:01:06,1,2018-09-10 12:01:06,9999-12-31 23:59:59,0,0,,,"",134.00,IIN036721,D603,1.00,ea
646,646,1,"0","",2018-09-10 12:01:06,1,2018-09-10 12:01:06,9999-12-31 23:59:59,0,0,,,"",134.00,IIN036721,D604,1.00,ea
647,647,1,"0","",2018-09-10 12:01:06,1,2018-09-10 12:01:06,9999-12-31 23:59:59,0,0,,,"",388.43,IIN036721,D607,1.00,ea
648,648,1,"0","",2018-09-10 12:01:06,1,2018-09-10 12:01:06,9999-12-31 23:59:59,0,0,,,"",249.71,IIN036721,D615,1.00,ea
649,649,1,"0","",2018-09-10 12:01:06,1,2018-09-10 12:01:06,9999-12-31 23:59:59,0,0,,,"",418.46,IIN036721,D616,1.00,ea
650,650,1,"0","",2018-09-10 12:01:06,1,2018-09-10 12:01:06,9999-12-31 23:59:59,0,0,,,"",392.76,IIN036721,D617,1.00,ea
651,651,1,"0","",2018-09-10 12:01:06,1,2018-09-10 12:01:06,9999-12-31 23:59:59,0,0,,,"",372.15,IIN036721,D618,1.00,ea
652,652,1,"0","",2018-09-10 12:01:06,1,2018-09-10 12:01:06,9999-12-31 23:59:59,0,0,,,"",4.99,IIN038098,D615,1.00,l
653,653,1,"0","",2018-09-10 12:01:06,1,2018-09-10 12:01:06,9999-12-31 23:59:59,0,0,,,"",11.89,IIN038276,D604,1.00,kg
654,654,1,"0","",2018-09-10 12:01:06,1,2018-09-10 12:01:06,9999-12-31 23:59:59,0,0,,,"",11.67,IIN038276,D615,1.00,kg
655,655,1,"0","",2018-09-10 12:01:06,1,2018-09-10 12:01:06,9999-12-31 23:59:59,0,0,,,"",70.98,IIN038353,D604,1.00,ea
656,656,1,"0","",2018-09-10 12:01:06,1,2018-09-10 12:01:06,9999-12-31 23:59:59,0,0,,,"",70.45,IIN038354,D604,1.00,ea
657,657,1,"0","",2018-09-10 12:01:06,1,2018-09-10 12:01:06,9999-12-31 23:59:59,0,0,,,"",344.83,IIN040784,D606,1.00,ea
658,658,1,"0","",2018-09-10 12:01:06,1,2018-09-10 12:01:06,9999-12-31 23:59:59,0,0,,,"",349.16,IIN040784,D607,1.00,ea
659,659,1,"0","",2018-09-10 12:01:06,1,2018-09-10 12:01:06,9999-12-31 23:59:59,0,0,,,"",323.55,IIN040784,D617,1.00,ea
660,660,1,"0","",2018-09-10 12:01:06,1,2018-09-10 12:01:06,9999-12-31 23:59:59,0,0,,,"",4.52,IIN041176,D603,1.00,kg
661,661,1,"0","",2018-09-10 12:01:06,1,2018-09-10 12:01:06,9999-12-31 23:59:59,0,0,,,"",4.55,IIN041176,D604,1.00,kg
662,662,1,"0","",2018-09-10 12:01:06,1,2018-09-10 12:01:06,9999-12-31 23:59:59,0,0,,,"",5.17,IIN041176,D606,1.00,kg
663,663,1,"0","",2018-09-10 12:01:06,1,2018-09-10 12:01:06,9999-12-31 23:59:59,0,0,,,"",4.50,IIN041176,D612,1.00,kg
664,664,1,"0","",2018-09-10 12:01:06,1,2018-09-10 12:01:06,9999-12-31 23:59:59,0,0,,,"",5.10,IIN041176,D615,1.00,kg
665,665,1,"0","",2018-09-10 12:01:06,1,2018-09-10 12:01:06,9999-12-31 23:59:59,0,0,,,"",17.70,IIN049712,D606,1.00,kg
666,666,1,"0","",2018-09-10 12:01:06,1,2018-09-10 12:01:06,9999-12-31 23:59:59,0,0,,,"",17.65,IIN049712,D607,1.00,kg
667,667,1,"0","",2018-09-10 12:01:06,1,2018-09-10 12:01:06,9999-12-31 23:59:59,0,0,,,"",13.08,IIN049713,D600,1.00,kg
668,668,1,"0","",2018-09-10 12:01:06,1,2018-09-10 12:01:06,9999-12-31 23:59:59,0,0,,,"",13.89,IIN049713,D602,1.00,kg
669,669,1,"0","",2018-09-10 12:01:06,1,2018-09-10 12:01:06,9999-12-31 23:59:59,0,0,,,"",13.74,IIN049713,D603,1.00,kg
670,670,1,"0","",2018-09-10 12:01:06,1,2018-09-10 12:01:06,9999-12-31 23:59:59,0,0,,,"",13.64,IIN049713,D604,1.00,kg
671,671,1,"0","",2018-09-10 12:01:06,1,2018-09-10 12:01:06,9999-12-31 23:59:59,0,0,,,"",13.62,IIN049713,D607,1.00,kg
672,672,1,"0","",2018-09-10 12:01:06,1,2018-09-10 12:01:06,9999-12-31 23:59:59,0,0,,,"",13.76,IIN049713,D612,1.00,kg
673,673,1,"0","",2018-09-10 12:01:06,1,2018-09-10 12:01:06,9999-12-31 23:59:59,0,0,,,"",13.81,IIN049713,D615,1.00,kg
674,674,1,"0","",2018-09-10 12:01:06,1,2018-09-10 12:01:06,9999-12-31 23:59:59,0,0,,,"",13.63,IIN049713,D616,1.00,kg
675,675,1,"0","",2018-09-10 12:01:06,1,2018-09-10 12:01:06,9999-12-31 23:59:59,0,0,,,"",13.23,IIN049713,D617,1.00,kg
676,676,1,"0","",2018-09-10 12:01:06,1,2018-09-10 12:01:06,9999-12-31 23:59:59,0,0,,,"",13.07,IIN049713,D618,1.00,kg
677,677,1,"0","",2018-09-10 12:01:06,1,2018-09-10 12:01:06,9999-12-31 23:59:59,0,0,,,"",4.68,IIN051265,D615,1.00,l
678,678,1,"0","",2018-09-10 12:01:06,1,2018-09-10 12:01:06,9999-12-31 23:59:59,0,0,,,"",2.43,IIN052225,D602,1.00,kg
679,679,1,"0","",2018-09-10 12:01:06,1,2018-09-10 12:01:06,9999-12-31 23:59:59,0,0,,,"",2.44,IIN052225,D603,1.00,kg
680,680,1,"0","",2018-09-10 12:01:06,1,2018-09-10 12:01:06,9999-12-31 23:59:59,0,0,,,"",2.42,IIN052225,D604,1.00,kg
681,681,1,"0","",2018-09-10 12:01:06,1,2018-09-10 12:01:06,9999-12-31 23:59:59,0,0,,,"",2.47,IIN052225,D606,1.00,kg
682,682,1,"0","",2018-09-10 12:01:06,1,2018-09-10 12:01:06,9999-12-31 23:59:59,0,0,,,"",2.42,IIN052225,D607,1.00,kg
683,683,1,"0","",2018-09-10 12:01:06,1,2018-09-10 12:01:06,9999-12-31 23:59:59,0,0,,,"",2.42,IIN052225,D612,1.00,kg
684,684,1,"0","",2018-09-10 12:01:06,1,2018-09-10 12:01:06,9999-12-31 23:59:59,0,0,,,"",2.51,IIN052225,D615,1.00,kg
685,685,1,"0","",2018-09-10 12:01:06,1,2018-09-10 12:01:06,9999-12-31 23:59:59,0,0,,,"",2.57,IIN052225,D616,1.00,kg
686,686,1,"0","",2018-09-10 12:01:06,1,2018-09-10 12:01:06,9999-12-31 23:59:59,0,0,,,"",2.42,IIN052225,D617,1.00,kg
687,687,1,"0","",2018-09-10 12:01:06,1,2018-09-10 12:01:06,9999-12-31 23:59:59,0,0,,,"",2.42,IIN052225,D618,1.00,kg
688,688,1,"0","",2018-09-10 12:01:06,1,2018-09-10 12:01:06,9999-12-31 23:59:59,0,0,,,"",1600.00,IIN052295,D606,1.00,ea
689,689,1,"0","",2018-09-10 12:01:06,1,2018-09-10 12:01:06,9999-12-31 23:59:59,0,0,,,"",353.67,IIN053502,D606,1.00,ea
690,690,1,"0","",2018-09-10 12:01:06,1,2018-09-10 12:01:06,9999-12-31 23:59:59,0,0,,,"",371.21,IIN053502,D607,1.00,ea
691,691,1,"0","",2018-09-10 12:01:06,1,2018-09-10 12:01:06,9999-12-31 23:59:59,0,0,,,"",6.67,IIN054179,D604,1.00,l
692,692,1,"0","",2018-09-10 12:01:06,1,2018-09-10 12:01:06,9999-12-31 23:59:59,0,0,,,"",0.21,IIN054769,D602,1.00,kg
693,693,1,"0","",2018-09-10 12:01:06,1,2018-09-10 12:01:06,9999-12-31 23:59:59,0,0,,,"",0.22,IIN054769,D604,1.00,kg
694,694,1,"0","",2018-09-10 12:01:06,1,2018-09-10 12:01:06,9999-12-31 23:59:59,0,0,,,"",0.23,IIN054769,D606,1.00,kg
695,695,1,"0","",2018-09-10 12:01:06,1,2018-09-10 12:01:06,9999-12-31 23:59:59,0,0,,,"",0.23,IIN054769,D607,1.00,kg
696,696,1,"0","",2018-09-10 12:01:06,1,2018-09-10 12:01:06,9999-12-31 23:59:59,0,0,,,"",1.01,IIN054770,D602,1.00,kg
697,697,1,"0","",2018-09-10 12:01:06,1,2018-09-10 12:01:06,9999-12-31 23:59:59,0,0,,,"",0.48,IIN054770,D603,1.00,kg
698,698,1,"0","",2018-09-10 12:01:06,1,2018-09-10 12:01:06,9999-12-31 23:59:59,0,0,,,"",0.49,IIN054770,D604,1.00,kg
699,699,1,"0","",2018-09-10 12:01:06,1,2018-09-10 12:01:06,9999-12-31 23:59:59,0,0,,,"",0.49,IIN054770,D612,1.00,kg
700,700,1,"0","",2018-09-10 12:01:06,1,2018-09-10 12:01:06,9999-12-31 23:59:59,0,0,,,"",0.52,IIN054770,D615,1.00,kg
701,701,1,"0","",2018-09-10 12:01:06,1,2018-09-10 12:01:06,9999-12-31 23:59:59,0,0,,,"",0.12,IIN054770,D616,1.00,kg
702,702,1,"0","",2018-09-10 12:01:06,1,2018-09-10 12:01:06,9999-12-31 23:59:59,0,0,,,"",0.50,IIN054770,D617,1.00,kg
703,703,1,"0","",2018-09-10 12:01:06,1,2018-09-10 12:01:06,9999-12-31 23:59:59,0,0,,,"",6.34,IIN054774,D602,1.00,l
704,704,1,"0","",2018-09-10 12:01:06,1,2018-09-10 12:01:06,9999-12-31 23:59:59,0,0,,,"",6.30,IIN054774,D603,1.00,l
705,705,1,"0","",2018-09-10 12:01:06,1,2018-09-10 12:01:06,9999-12-31 23:59:59,0,0,,,"",4.84,IIN054774,D604,1.00,l
706,706,1,"0","",2018-09-10 12:01:06,1,2018-09-10 12:01:06,9999-12-31 23:59:59,0,0,,,"",6.34,IIN054774,D607,1.00,l
707,707,1,"0","",2018-09-10 12:01:06,1,2018-09-10 12:01:06,9999-12-31 23:59:59,0,0,,,"",4.86,IIN054774,D612,1.00,l
708,708,1,"0","",2018-09-10 12:01:06,1,2018-09-10 12:01:06,9999-12-31 23:59:59,0,0,,,"",4.93,IIN054774,D615,1.00,l
709,709,1,"0","",2018-09-10 12:01:06,1,2018-09-10 12:01:06,9999-12-31 23:59:59,0,0,,,"",4.98,IIN054774,D616,1.00,l
710,710,1,"0","",2018-09-10 12:01:06,1,2018-09-10 12:01:06,9999-12-31 23:59:59,0,0,,,"",0.13,IIN054775,D616,1.00,kg
711,711,1,"0","",2018-09-10 12:01:06,1,2018-09-10 12:01:06,9999-12-31 23:59:59,0,0,,,"",1.54,IIN054776,D602,1.00,kg
712,712,1,"0","",2018-09-10 12:01:06,1,2018-09-10 12:01:06,9999-12-31 23:59:59,0,0,,,"",1.52,IIN054776,D603,1.00,kg
713,713,1,"0","",2018-09-10 12:01:06,1,2018-09-10 12:01:06,9999-12-31 23:59:59,0,0,,,"",1.48,IIN054776,D604,1.00,kg
714,714,1,"0","",2018-09-10 12:01:06,1,2018-09-10 12:01:06,9999-12-31 23:59:59,0,0,,,"",1.54,IIN054776,D606,1.00,kg
715,715,1,"0","",2018-09-10 12:01:06,1,2018-09-10 12:01:06,9999-12-31 23:59:59,0,0,,,"",1.54,IIN054776,D612,1.00,kg
716,716,1,"0","",2018-09-10 12:01:06,1,2018-09-10 12:01:06,9999-12-31 23:59:59,0,0,,,"",1.54,IIN054776,D615,1.00,kg
717,717,1,"0","",2018-09-10 12:01:06,1,2018-09-10 12:01:06,9999-12-31 23:59:59,0,0,,,"",1.69,IIN054776,D616,1.00,kg
718,718,1,"0","",2018-09-10 12:01:06,1,2018-09-10 12:01:06,9999-12-31 23:59:59,0,0,,,"",1.54,IIN054776,D617,1.00,kg
719,719,1,"0","",2018-09-10 12:01:06,1,2018-09-10 12:01:06,9999-12-31 23:59:59,0,0,,,"",2.40,IIN054777,D607,1.00,kg
720,720,1,"0","",2018-09-10 12:01:06,1,2018-09-10 12:01:06,9999-12-31 23:59:59,0,0,,,"",6.38,IIN054779,D604,1.00,kg
721,721,1,"0","",2018-09-10 12:01:06,1,2018-09-10 12:01:06,9999-12-31 23:59:59,0,0,,,"",6.39,IIN054779,D612,1.00,kg
722,722,1,"0","",2018-09-10 12:01:06,1,2018-09-10 12:01:06,9999-12-31 23:59:59,0,0,,,"",1.00,IIN054783,D602,1.00,mt
723,723,1,"0","",2018-09-10 12:01:06,1,2018-09-10 12:01:06,9999-12-31 23:59:59,0,0,,,"",1.00,IIN054783,D603,1.00,mt
724,724,1,"0","",2018-09-10 12:01:06,1,2018-09-10 12:01:06,9999-12-31 23:59:59,0,0,,,"",1.00,IIN054783,D604,1.00,mt
725,725,1,"0","",2018-09-10 12:01:06,1,2018-09-10 12:01:06,9999-12-31 23:59:59,0,0,,,"",1.00,IIN054783,D606,1.00,mt
726,726,1,"0","",2018-09-10 12:01:06,1,2018-09-10 12:01:06,9999-12-31 23:59:59,0,0,,,"",1.00,IIN054783,D616,1.00,mt
727,727,1,"0","",2018-09-10 12:01:06,1,2018-09-10 12:01:06,9999-12-31 23:59:59,0,0,,,"",7.26,IIN054813,D603,1.00,kg
728,728,1,"0","",2018-09-10 12:01:06,1,2018-09-10 12:01:06,9999-12-31 23:59:59,0,0,,,"",7.26,IIN054813,D604,1.00,kg
729,729,1,"0","",2018-09-10 12:01:06,1,2018-09-10 12:01:06,9999-12-31 23:59:59,0,0,,,"",7.26,IIN054813,D615,1.00,kg
730,730,1,"0","",2018-09-10 12:01:06,1,2018-09-10 12:01:06,9999-12-31 23:59:59,0,0,,,"",7.26,IIN054813,D617,1.00,kg
731,731,1,"0","",2018-09-10 12:01:06,1,2018-09-10 12:01:06,9999-12-31 23:59:59,0,0,,,"",1.00,IIN054828,D602,1.00,mt
732,732,1,"0","",2018-09-10 12:01:06,1,2018-09-10 12:01:06,9999-12-31 23:59:59,0,0,,,"",1.00,IIN054828,D603,1.00,mt
733,733,1,"0","",2018-09-10 12:01:06,1,2018-09-10 12:01:06,9999-12-31 23:59:59,0,0,,,"",1.00,IIN054828,D604,1.00,mt
734,734,1,"0","",2018-09-10 12:01:06,1,2018-09-10 12:01:06,9999-12-31 23:59:59,0,0,,,"",1.00,IIN054828,D612,1.00,mt
735,735,1,"0","",2018-09-10 12:01:06,1,2018-09-10 12:01:06,9999-12-31 23:59:59,0,0,,,"",6.34,IIN054834,D604,1.00,kg
