131,195,4,29747,awang,2022-04-06 12:27:34.7470000,2,2022-04-06 12:27:34.7470000,9999-12-31 23:59:59.0000000,0,0,1772,1772 Bin - P -Tank,4,NULL,Bin - P -Tank,BIN_PTANK,7,71,Grande Prairie,8,1,30
197,196,4,29747,awang,2022-04-06 12:27:35.0270000,2,2022-04-06 12:27:35.0270000,9999-12-31 23:59:59.0000000,0,0,1786,1786 Bin - P -Tank,4,NULL,Bin - P -Tank,BIN_PTANK,7,65,Lac La Biche,3,1,30
237,197,4,29747,awang,2022-04-06 12:27:35.3000000,2,2022-04-06 12:27:35.3000000,9999-12-31 23:59:59.0000000,0,0,1797,1797 Bin - P -Tank,4,NULL,Bin - P -Tank,BIN_PTANK,7,72,Estevan,9,1,30
238,198,4,29747,awang,2022-04-06 12:27:35.5670000,2,2022-04-06 12:27:35.5670000,9999-12-31 23:59:59.0000000,0,0,1814,1814 Bin - P -Tank,4,NULL,Bin - P -Tank,BIN_PTANK,7,67,Edmonton,5,1,30
155,199,4,29747,awang,2022-04-06 12:27:35.8370000,2,2022-04-06 12:27:35.8370000,9999-12-31 23:59:59.0000000,0,0,1815,1815 Bin - P -Tank,4,NULL,Bin - P -Tank,BIN_PTANK,7,67,Edmonton,5,1,30
239,200,4,29747,awang,2022-04-06 12:27:36.0970000,2,2022-04-06 12:27:36.0970000,9999-12-31 23:59:59.0000000,0,0,1816,1816 Bin - P -Tank,4,NULL,Bin - P -Tank,BIN_PTANK,7,85,Red Deer,11,1,30
271,201,4,29747,awang,2022-04-06 12:27:36.3730000,2,2022-04-06 12:27:36.3730000,9999-12-31 23:59:59.0000000,0,0,1817,1817 Bin - P -Tank,4,NULL,Bin - P -Tank,BIN_PTANK,7,72,Estevan,9,1,30
240,202,4,29747,awang,2022-04-06 12:27:36.6400000,2,2022-04-06 12:27:36.6400000,9999-12-31 23:59:59.0000000,0,0,1818,1818 Bin - P -Tank,4,NULL,Bin - P -Tank,BIN_PTANK,7,67,Edmonton,5,1,30
132,203,4,29747,awang,2022-04-06 12:27:36.9200000,2,2022-04-06 12:27:36.9200000,9999-12-31 23:59:59.0000000,0,0,1819,1819 Bin - P -Tank,4,NULL,Bin - P -Tank,BIN_PTANK,7,67,Edmonton,5,1,30
241,204,4,29747,awang,2022-04-06 12:27:37.2000000,2,2022-04-06 12:27:37.2000000,9999-12-31 23:59:59.0000000,0,0,1820,1820 Bin - P -Tank,4,NULL,Bin - P -Tank,BIN_PTANK,7,70,Swift Current,7,1,30
133,205,4,29747,awang,2022-04-06 12:27:37.4630000,2,2022-04-06 12:27:37.4630000,9999-12-31 23:59:59.0000000,0,0,1821,1821 Bin - P -Tank,4,NULL,Bin - P -Tank,BIN_PTANK,7,71,Grande Prairie,8,1,30
156,206,4,29747,awang,2022-04-06 12:27:37.7370000,2,2022-04-06 12:27:37.7370000,9999-12-31 23:59:59.0000000,0,0,1822,1822 Bin - P -Tank,4,NULL,Bin - P -Tank,BIN_PTANK,7,66,Fort St. John,4,1,30
284,207,4,29747,awang,2022-04-06 12:27:38.0130000,2,2022-04-06 12:27:38.0130000,9999-12-31 23:59:59.0000000,0,0,1824,1824 Bin - P -Tank,4,NULL,Bin - P -Tank,BIN_PTANK,7,88,Kindersley,12,1,30
242,208,4,29747,awang,2022-04-06 12:27:38.2730000,2,2022-04-06 12:27:38.2730000,9999-12-31 23:59:59.0000000,0,0,1825,1825 Bin - P -Tank,4,NULL,Bin - P -Tank,BIN_PTANK,7,85,Red Deer,11,1,30
157,209,4,29747,awang,2022-04-06 12:27:38.5300000,2,2022-04-06 12:27:38.5300000,9999-12-31 23:59:59.0000000,0,0,1827,1827 Bin - P -Tank,4,NULL,Bin - P -Tank,BIN_PTANK,7,71,Grande Prairie,8,1,30
243,210,4,29747,awang,2022-04-06 12:27:38.8030000,2,2022-04-06 12:27:38.8030000,9999-12-31 23:59:59.0000000,0,0,1830,1830 Bin - P -Tank,4,NULL,Bin - P -Tank,BIN_PTANK,7,72,Estevan,9,1,30
158,211,4,29747,awang,2022-04-06 12:27:39.0970000,2,2022-04-06 12:27:39.0970000,9999-12-31 23:59:59.0000000,0,0,1831,1831 Bin - P -Tank,4,NULL,Bin - P -Tank,BIN_PTANK,7,71,Grande Prairie,8,1,30
134,212,4,29747,awang,2022-04-06 12:27:39.3670000,2,2022-04-06 12:27:39.3670000,9999-12-31 23:59:59.0000000,0,0,1862,1862 Bin - P -Tank,4,NULL,Bin - P -Tank,BIN_PTANK,7,71,Grande Prairie,8,1,30
135,213,4,29747,awang,2022-04-06 12:27:39.6400000,2,2022-04-06 12:27:39.6400000,9999-12-31 23:59:59.0000000,0,0,1863,1863 Bin - P -Tank,4,NULL,Bin - P -Tank,BIN_PTANK,7,71,Grande Prairie,8,1,30
244,214,4,29747,awang,2022-04-06 12:27:39.9130000,2,2022-04-06 12:27:39.9130000,9999-12-31 23:59:59.0000000,0,0,1864,1864 Bin - P -Tank,4,NULL,Bin - P -Tank,BIN_PTANK,7,85,Red Deer,11,1,30
257,215,4,29747,awang,2022-04-06 12:27:40.1870000,2,2022-04-06 12:27:40.1870000,9999-12-31 23:59:59.0000000,0,0,1865,1865 Bin - P -Tank,4,NULL,Bin - P -Tank,BIN_PTANK,7,66,Fort St. John,4,1,30
136,216,4,29747,awang,2022-04-06 12:27:40.4600000,2,2022-04-06 12:27:40.4600000,9999-12-31 23:59:59.0000000,0,0,1866,1866 Bin - P -Tank,4,NULL,Bin - P -Tank,BIN_PTANK,7,66,Fort St. John,4,1,30
137,217,4,29747,awang,2022-04-06 12:27:40.7200000,2,2022-04-06 12:27:40.7200000,9999-12-31 23:59:59.0000000,0,0,1867,1867 Bin - P -Tank,4,NULL,Bin - P -Tank,BIN_PTANK,7,71,Grande Prairie,8,1,30
245,218,4,29747,awang,2022-04-06 12:27:40.9900000,2,2022-04-06 12:27:40.9900000,9999-12-31 23:59:59.0000000,0,0,1868,1868 Bin - P -Tank,4,NULL,Bin - P -Tank,BIN_PTANK,7,67,Edmonton,5,1,30
246,219,4,29747,awang,2022-04-06 12:27:41.2530000,2,2022-04-06 12:27:41.2530000,9999-12-31 23:59:59.0000000,0,0,1869,1869 Bin - P -Tank,4,NULL,Bin - P -Tank,BIN_PTANK,7,70,Swift Current,7,1,30
258,220,4,29747,awang,2022-04-06 12:27:41.5200000,2,2022-04-06 12:27:41.5200000,9999-12-31 23:59:59.0000000,0,0,1890,1890 Bin - P -Tank,4,NULL,Bin - P -Tank,BIN_PTANK,7,66,Fort St. John,4,1,30
247,221,4,29747,awang,2022-04-06 12:27:41.8000000,2,2022-04-06 12:27:41.8000000,9999-12-31 23:59:59.0000000,0,0,1891,1891 Bin - P -Tank,4,NULL,Bin - P -Tank,BIN_PTANK,7,67,Edmonton,5,1,30
159,222,4,29747,awang,2022-04-06 12:27:42.0800000,2,2022-04-06 12:27:42.0800000,9999-12-31 23:59:59.0000000,0,0,1892,1892 Bin - P -Tank,4,NULL,Bin - P -Tank,BIN_PTANK,7,71,Grande Prairie,8,1,30
198,223,4,29747,awang,2022-04-06 12:27:42.3600000,2,2022-04-06 12:27:42.3600000,9999-12-31 23:59:59.0000000,0,0,1893,1893 Bin - P -Tank,4,NULL,Bin - P -Tank,BIN_PTANK,7,61,Lloydminster,1,1,30
199,224,4,29747,awang,2022-04-06 12:27:42.6270000,2,2022-04-06 12:27:42.6270000,9999-12-31 23:59:59.0000000,0,0,1895,1895 Bin - P -Tank,4,NULL,Bin - P -Tank,BIN_PTANK,7,65,Lac La Biche,3,1,30
272,225,4,29747,awang,2022-04-06 12:27:42.9000000,2,2022-04-06 12:27:42.9000000,9999-12-31 23:59:59.0000000,0,0,1900,1900 Bin - P -Tank,4,NULL,Bin - P -Tank,BIN_PTANK,7,72,Estevan,9,1,30
248,226,4,29747,awang,2022-04-06 12:27:43.1700000,2,2022-04-06 12:27:43.1700000,9999-12-31 23:59:59.0000000,0,0,1901,1901 Bin - P -Tank,4,NULL,Bin - P -Tank,BIN_PTANK,7,72,Estevan,9,1,30
249,227,4,29747,awang,2022-04-06 12:27:43.4470000,2,2022-04-06 12:27:43.4470000,9999-12-31 23:59:59.0000000,0,0,1902,1902 Bin - P -Tank,4,NULL,Bin - P -Tank,BIN_PTANK,7,85,Red Deer,11,1,30
250,228,4,29747,awang,2022-04-06 12:27:43.7170000,2,2022-04-06 12:27:43.7170000,9999-12-31 23:59:59.0000000,0,0,1903,1903 Bin - P -Tank,4,NULL,Bin - P -Tank,BIN_PTANK,7,85,Red Deer,11,1,30
251,229,4,29747,awang,2022-04-06 12:27:44.0230000,2,2022-04-06 12:27:44.0230000,9999-12-31 23:59:59.0000000,0,0,1904,1904 Bin - P -Tank,4,NULL,Bin - P -Tank,BIN_PTANK,7,67,Edmonton,5,1,30
160,230,4,29747,awang,2022-04-06 12:27:44.2870000,2,2022-04-06 12:27:44.2870000,9999-12-31 23:59:59.0000000,0,0,1905,1905 Bin - P -Tank,4,NULL,Bin - P -Tank,BIN_PTANK,7,71,Grande Prairie,8,1,30
138,231,4,29747,awang,2022-04-06 12:27:44.5630000,2,2022-04-06 12:27:44.5630000,9999-12-31 23:59:59.0000000,0,0,1906,1906 Bin - P -Tank,4,NULL,Bin - P -Tank,BIN_PTANK,7,88,Kindersley,12,1,30
273,232,4,29747,awang,2022-04-06 12:27:44.8430000,2,2022-04-06 12:27:44.8430000,9999-12-31 23:59:59.0000000,0,0,1907,1907 Bin - P -Tank,4,NULL,Bin - P -Tank,BIN_PTANK,7,72,Estevan,9,1,30
259,233,4,29747,awang,2022-04-06 12:27:45.1070000,2,2022-04-06 12:27:45.1070000,9999-12-31 23:59:59.0000000,0,0,1908,1908 Bin - P -Tank,4,NULL,Bin - P -Tank,BIN_PTANK,7,66,Fort St. John,4,1,30
260,234,4,29747,awang,2022-04-06 12:27:45.3830000,2,2022-04-06 12:27:45.3830000,9999-12-31 23:59:59.0000000,0,0,1909,1909 Bin - P -Tank,4,NULL,Bin - P -Tank,BIN_PTANK,7,66,Fort St. John,4,1,30
261,235,4,29747,awang,2022-04-06 12:27:45.6530000,2,2022-04-06 12:27:45.6530000,9999-12-31 23:59:59.0000000,0,0,1910,1910 Bin - P -Tank,4,NULL,Bin - P -Tank,BIN_PTANK,7,66,Fort St. John,4,1,30
274,236,4,29747,awang,2022-04-06 12:27:45.9330000,2,2022-04-06 12:27:45.9330000,9999-12-31 23:59:59.0000000,0,0,1911,1911 Bin - P -Tank,4,NULL,Bin - P -Tank,BIN_PTANK,7,72,Estevan,9,1,30
200,237,4,29747,awang,2022-04-06 12:27:46.2600000,2,2022-04-06 12:27:46.2600000,9999-12-31 23:59:59.0000000,0,0,1912,1912 Bin - P -Tank,4,NULL,Bin - P -Tank,BIN_PTANK,7,67,Edmonton,5,1,30
201,238,4,29747,awang,2022-04-06 12:27:46.5330000,2,2022-04-06 12:27:46.5330000,9999-12-31 23:59:59.0000000,0,0,1913,1913 Bin - P -Tank,4,NULL,Bin - P -Tank,BIN_PTANK,7,65,Lac La Biche,3,1,30
202,239,4,29747,awang,2022-04-06 12:27:46.8070000,2,2022-04-06 12:27:46.8070000,9999-12-31 23:59:59.0000000,0,0,1914,1914 Bin - P -Tank,4,NULL,Bin - P -Tank,BIN_PTANK,7,61,Lloydminster,1,1,30
262,240,4,29747,awang,2022-04-06 12:27:47.0800000,2,2022-04-06 12:27:47.0800000,9999-12-31 23:59:59.0000000,0,0,1915,1915 Bin - P -Tank,4,NULL,Bin - P -Tank,BIN_PTANK,7,66,Fort St. John,4,1,30
161,241,4,29747,awang,2022-04-06 12:27:47.3630000,2,2022-04-06 12:27:47.3630000,9999-12-31 23:59:59.0000000,0,0,1916,1916 Bin - P -Tank,4,NULL,Bin - P -Tank,BIN_PTANK,7,71,Grande Prairie,8,1,30
203,242,4,29747,awang,2022-04-06 12:27:47.6230000,2,2022-04-06 12:27:47.6230000,9999-12-31 23:59:59.0000000,0,0,1917,1917 Bin - P -Tank,4,NULL,Bin - P -Tank,BIN_PTANK,7,85,Red Deer,11,1,30
204,243,4,29747,awang,2022-04-06 12:27:47.8930000,2,2022-04-06 12:27:47.8930000,9999-12-31 23:59:59.0000000,0,0,1918,1918 Bin - P -Tank,4,NULL,Bin - P -Tank,BIN_PTANK,7,61,Lloydminster,1,1,30
205,244,4,29747,awang,2022-04-06 12:27:48.1630000,2,2022-04-06 12:27:48.1630000,9999-12-31 23:59:59.0000000,0,0,1919,1919 Bin - P -Tank,4,NULL,Bin - P -Tank,BIN_PTANK,7,72,Estevan,9,1,30
275,245,4,29747,awang,2022-04-06 12:27:48.4200000,2,2022-04-06 12:27:48.4200000,9999-12-31 23:59:59.0000000,0,0,1920,1920 Bin - P -Tank,4,NULL,Bin - P -Tank,BIN_PTANK,7,72,Estevan,9,1,30
285,246,4,29747,awang,2022-04-06 12:27:48.6730000,2,2022-04-06 12:27:48.6730000,9999-12-31 23:59:59.0000000,0,0,1921,1921 Bin - P -Tank,4,NULL,Bin - P -Tank,BIN_PTANK,7,72,Estevan,9,1,30
206,247,4,29747,awang,2022-04-06 12:27:48.9370000,2,2022-04-06 12:27:48.9370000,9999-12-31 23:59:59.0000000,0,0,1922,1922 Bin - P -Tank,4,NULL,Bin - P -Tank,BIN_PTANK,7,72,Estevan,9,1,30
207,248,4,29747,awang,2022-04-06 12:27:49.2000000,2,2022-04-06 12:27:49.2000000,9999-12-31 23:59:59.0000000,0,0,1923,1923 Bin - P -Tank,4,NULL,Bin - P -Tank,BIN_PTANK,7,72,Estevan,9,1,30
139,249,4,29747,awang,2022-04-06 12:27:49.4630000,2,2022-04-06 12:27:49.4630000,9999-12-31 23:59:59.0000000,0,0,1924,1924 Bin - P -Tank,4,NULL,Bin - P -Tank,BIN_PTANK,7,66,Fort St. John,4,1,30
162,250,4,29747,awang,2022-04-06 12:27:49.7230000,2,2022-04-06 12:27:49.7230000,9999-12-31 23:59:59.0000000,0,0,1925,1925 Bin - P -Tank,4,NULL,Bin - P -Tank,BIN_PTANK,7,71,Grande Prairie,8,1,30
163,251,4,29747,awang,2022-04-06 12:27:49.9930000,2,2022-04-06 12:27:49.9930000,9999-12-31 23:59:59.0000000,0,0,1926,1926 Bin - P -Tank,4,NULL,Bin - P -Tank,BIN_PTANK,7,71,Grande Prairie,8,1,30
164,252,4,29747,awang,2022-04-06 12:27:50.2570000,2,2022-04-06 12:27:50.2570000,9999-12-31 23:59:59.0000000,0,0,1927,1927 Bin - P -Tank,4,NULL,Bin - P -Tank,BIN_PTANK,7,71,Grande Prairie,8,1,30
140,253,4,29747,awang,2022-04-06 12:27:50.5100000,2,2022-04-06 12:27:50.5100000,9999-12-31 23:59:59.0000000,0,0,1928,1928 Bin - P -Tank,4,NULL,Bin - P -Tank,BIN_PTANK,7,85,Red Deer,11,1,30
141,254,4,29747,awang,2022-04-06 12:27:50.7670000,2,2022-04-06 12:27:50.7670000,9999-12-31 23:59:59.0000000,0,0,1929,1929 Bin - P -Tank,4,NULL,Bin - P -Tank,BIN_PTANK,7,85,Red Deer,11,1,30
142,255,4,29747,awang,2022-04-06 12:27:51.0200000,2,2022-04-06 12:27:51.0200000,9999-12-31 23:59:59.0000000,0,0,1937,1937 Bin - P -Tank,4,NULL,Bin - P -Tank,BIN_PTANK,7,85,Red Deer,11,1,30
165,256,4,29747,awang,2022-04-06 12:27:51.2770000,2,2022-04-06 12:27:51.2770000,9999-12-31 23:59:59.0000000,0,0,1938,1938 Bin - P -Tank,4,NULL,Bin - P -Tank,BIN_PTANK,7,66,Fort St. John,4,1,30
217,257,4,29747,awang,2022-04-06 12:27:51.5430000,2,2022-04-06 12:27:51.5430000,9999-12-31 23:59:59.0000000,0,0,1947,1947 Bin - P -Tank,4,NULL,Bin - P -Tank,BIN_PTANK,7,85,Red Deer,11,1,30
208,258,4,29747,awang,2022-04-06 12:27:51.8030000,2,2022-04-06 12:27:51.8030000,9999-12-31 23:59:59.0000000,0,0,1948,1948 Bin - P -Tank,4,NULL,Bin - P -Tank,BIN_PTANK,7,65,Lac La Biche,3,1,30
166,259,4,29747,awang,2022-04-06 12:27:52.0670000,2,2022-04-06 12:27:52.0670000,9999-12-31 23:59:59.0000000,0,0,1949,1949 Bin - P -Tank,4,NULL,Bin - P -Tank,BIN_PTANK,7,66,Fort St. John,4,1,30
167,260,4,29747,awang,2022-04-06 12:27:52.3370000,2,2022-04-06 12:27:52.3370000,9999-12-31 23:59:59.0000000,0,0,1950,1950 Bin - P -Tank,4,NULL,Bin - P -Tank,BIN_PTANK,7,71,Grande Prairie,8,1,30
276,261,4,29747,awang,2022-04-06 12:27:52.5930000,2,2022-04-06 12:27:52.5930000,9999-12-31 23:59:59.0000000,0,0,1951,1951 Bin - P -Tank,4,NULL,Bin - P -Tank,BIN_PTANK,7,72,Estevan,9,1,30
168,262,4,29747,awang,2022-04-06 12:27:52.8570000,2,2022-04-06 12:27:52.8570000,9999-12-31 23:59:59.0000000,0,0,1952,1952 Bin - P -Tank,4,NULL,Bin - P -Tank,BIN_PTANK,7,67,Edmonton,5,1,30
169,263,4,29747,awang,2022-04-06 12:27:53.1270000,2,2022-04-06 12:27:53.1270000,9999-12-31 23:59:59.0000000,0,0,1953,1953 Bin - P -Tank,4,NULL,Bin - P -Tank,BIN_PTANK,7,71,Grande Prairie,8,1,30
170,264,4,29747,awang,2022-04-06 12:27:53.3870000,2,2022-04-06 12:27:53.3870000,9999-12-31 23:59:59.0000000,0,0,1954,1954 Bin - P -Tank,4,NULL,Bin - P -Tank,BIN_PTANK,7,66,Fort St. John,4,1,30
171,265,4,29747,awang,2022-04-06 12:27:53.6500000,2,2022-04-06 12:27:53.6500000,9999-12-31 23:59:59.0000000,0,0,1955,1955 Bin - P -Tank,4,NULL,Bin - P -Tank,BIN_PTANK,7,71,Grande Prairie,8,1,30
172,266,4,29747,awang,2022-04-06 12:27:53.9130000,2,2022-04-06 12:27:53.9130000,9999-12-31 23:59:59.0000000,0,0,1956,1956 Bin - P -Tank,4,NULL,Bin - P -Tank,BIN_PTANK,7,66,Fort St. John,4,1,30
143,267,4,29747,awang,2022-04-06 12:27:54.1830000,2,2022-04-06 12:27:54.1830000,9999-12-31 23:59:59.0000000,0,0,1957,1957 Bin - P -Tank,4,NULL,Bin - P -Tank,BIN_PTANK,7,85,Red Deer,11,1,30
144,268,4,29747,awang,2022-04-06 12:27:54.4400000,2,2022-04-06 12:27:54.4400000,9999-12-31 23:59:59.0000000,0,0,1958,1958 Bin - P -Tank,4,NULL,Bin - P -Tank,BIN_PTANK,7,61,Lloydminster,1,1,30
173,269,4,29747,awang,2022-04-06 12:27:54.7000000,2,2022-04-06 12:27:54.7000000,9999-12-31 23:59:59.0000000,0,0,1959,1959 Bin - P -Tank,4,NULL,Bin - P -Tank,BIN_PTANK,7,66,Fort St. John,4,1,30
209,270,4,29747,awang,2022-04-06 12:27:54.9600000,2,2022-04-06 12:27:54.9600000,9999-12-31 23:59:59.0000000,0,0,1960,1960 Bin - P -Tank,4,NULL,Bin - P -Tank,BIN_PTANK,7,61,Lloydminster,1,1,30
174,271,4,29747,awang,2022-04-06 12:27:55.2230000,2,2022-04-06 12:27:55.2230000,9999-12-31 23:59:59.0000000,0,0,1961,1961 Bin - P -Tank,4,NULL,Bin - P -Tank,BIN_PTANK,7,71,Grande Prairie,8,1,30
210,272,4,29747,awang,2022-04-06 12:27:55.4900000,2,2022-04-06 12:27:55.4900000,9999-12-31 23:59:59.0000000,0,0,1962,1962 Bin - P -Tank,4,NULL,Bin - P -Tank,BIN_PTANK,7,85,Red Deer,11,1,30
175,273,4,29747,awang,2022-04-06 12:27:55.7570000,2,2022-04-06 12:27:55.7570000,9999-12-31 23:59:59.0000000,0,0,1963,1963 Bin - P -Tank,4,NULL,Bin - P -Tank,BIN_PTANK,7,71,Grande Prairie,8,1,30
176,274,4,29747,awang,2022-04-06 12:27:56.0370000,2,2022-04-06 12:27:56.0370000,9999-12-31 23:59:59.0000000,0,0,1964,1964 Bin - P -Tank,4,NULL,Bin - P -Tank,BIN_PTANK,7,67,Edmonton,5,1,30
177,275,4,29747,awang,2022-04-06 12:27:56.3100000,2,2022-04-06 12:27:56.3100000,9999-12-31 23:59:59.0000000,0,0,1965,1965 Bin - P -Tank,4,NULL,Bin - P -Tank,BIN_PTANK,7,71,Grande Prairie,8,1,30
211,276,4,29747,awang,2022-04-06 12:27:56.5670000,2,2022-04-06 12:27:56.5670000,9999-12-31 23:59:59.0000000,0,0,1966,1966 Bin - P -Tank,4,NULL,Bin - P -Tank,BIN_PTANK,7,65,Lac La Biche,3,1,30
178,277,4,29747,awang,2022-04-06 12:27:56.8300000,2,2022-04-06 12:27:56.8300000,9999-12-31 23:59:59.0000000,0,0,1967,1967 Bin - P -Tank,4,NULL,Bin - P -Tank,BIN_PTANK,7,71,Grande Prairie,8,1,30
263,278,4,29747,awang,2022-04-06 12:27:57.0970000,2,2022-04-06 12:27:57.0970000,9999-12-31 23:59:59.0000000,0,0,1968,1968 Bin - P -Tank,4,NULL,Bin - P -Tank,BIN_PTANK,7,66,Fort St. John,4,1,30
145,279,4,29747,awang,2022-04-06 12:27:57.3870000,2,2022-04-06 12:27:57.3870000,9999-12-31 23:59:59.0000000,0,0,1969,1969 Bin - P -Tank,4,NULL,Bin - P -Tank,BIN_PTANK,7,71,Grande Prairie,8,1,30
179,280,4,29747,awang,2022-04-06 12:27:57.6500000,2,2022-04-06 12:27:57.6500000,9999-12-31 23:59:59.0000000,0,0,1970,1970 Bin - P -Tank,4,NULL,Bin - P -Tank,BIN_PTANK,7,71,Grande Prairie,8,1,30
212,281,4,29747,awang,2022-04-06 12:27:57.9170000,2,2022-04-06 12:27:57.9170000,9999-12-31 23:59:59.0000000,0,0,1971,1971 Bin - P -Tank,4,NULL,Bin - P -Tank,BIN_PTANK,7,65,Lac La Biche,3,1,30
277,282,4,29747,awang,2022-04-06 12:27:58.1930000,2,2022-04-06 12:27:58.1930000,9999-12-31 23:59:59.0000000,0,0,1972,1972 Bin - P -Tank,4,NULL,Bin - P -Tank,BIN_PTANK,7,72,Estevan,9,1,30
146,283,4,29747,awang,2022-04-06 12:27:58.4530000,2,2022-04-06 12:27:58.4530000,9999-12-31 23:59:59.0000000,0,0,1973,1973 Bin - P -Tank,4,NULL,Bin - P -Tank,BIN_PTANK,7,67,Edmonton,5,1,30
147,284,4,29747,awang,2022-04-06 12:27:58.7230000,2,2022-04-06 12:27:58.7230000,9999-12-31 23:59:59.0000000,0,0,1974,1974 Bin - P -Tank,4,NULL,Bin - P -Tank,BIN_PTANK,7,71,Grande Prairie,8,1,30
264,285,4,29747,awang,2022-04-06 12:27:58.9900000,2,2022-04-06 12:27:58.9900000,9999-12-31 23:59:59.0000000,0,0,1975,1975 Bin - P -Tank,4,NULL,Bin - P -Tank,BIN_PTANK,7,66,Fort St. John,4,1,30
213,286,4,29747,awang,2022-04-06 12:27:59.2570000,2,2022-04-06 12:27:59.2570000,9999-12-31 23:59:59.0000000,0,0,1976,1976 Bin - P -Tank,4,NULL,Bin - P -Tank,BIN_PTANK,7,65,Lac La Biche,3,1,30
214,287,4,29747,awang,2022-04-06 12:27:59.5270000,2,2022-04-06 12:27:59.5270000,9999-12-31 23:59:59.0000000,0,0,1977,1977 Bin - P -Tank,4,NULL,Bin - P -Tank,BIN_PTANK,7,65,Lac La Biche,3,1,30
215,288,4,29747,awang,2022-04-06 12:27:59.7900000,2,2022-04-06 12:27:59.7900000,9999-12-31 23:59:59.0000000,0,0,1978,1978 Bin - P -Tank,4,NULL,Bin - P -Tank,BIN_PTANK,7,72,Estevan,9,1,30
180,289,4,29747,awang,2022-04-06 12:28:00.0700000,2,2022-04-06 12:28:00.0700000,9999-12-31 23:59:59.0000000,0,0,1979,1979 Bin - P -Tank,4,NULL,Bin - P -Tank,BIN_PTANK,7,66,Fort St. John,4,1,30
181,290,4,29747,awang,2022-04-06 12:28:00.3330000,2,2022-04-06 12:28:00.3330000,9999-12-31 23:59:59.0000000,0,0,1980,1980 Bin - P -Tank,4,NULL,Bin - P -Tank,BIN_PTANK,7,71,Grande Prairie,8,1,30
183,292,4,29747,awang,2022-04-06 12:28:00.8870000,2,2022-04-06 12:28:00.8870000,9999-12-31 23:59:59.0000000,0,0,1982,1982 Bin - P -Tank,4,NULL,Bin - P -Tank,BIN_PTANK,7,71,Grande Prairie,8,1,30
278,293,4,29747,awang,2022-04-06 12:28:01.5700000,2,2022-04-06 12:28:01.5700000,9999-12-31 23:59:59.0000000,0,0,1983,1983 Bin - P -Tank,4,NULL,Bin - P -Tank,BIN_PTANK,7,72,Estevan,9,1,30
287,294,4,29747,awang,2022-04-06 12:28:02.4870000,2,2022-04-06 12:28:02.4870000,9999-12-31 23:59:59.0000000,0,0,1985,1985 Bin - P -Tank,4,NULL,Bin - P -Tank,BIN_PTANK,7,61,Lloydminster,1,1,30
288,295,4,29747,awang,2022-04-06 12:28:03.0370000,2,2022-04-06 12:28:03.0370000,9999-12-31 23:59:59.0000000,0,0,1986,1986 Bin - P -Tank,4,NULL,Bin - P -Tank,BIN_PTANK,7,88,Kindersley,12,1,30
295,296,4,29747,awang,2022-04-06 12:28:03.6870000,2,2022-04-06 12:28:03.6870000,9999-12-31 23:59:59.0000000,0,0,2027,2027 Bin - P -Tank,4,NULL,Bin - P -Tank,BIN_PTANK,7,71,Grande Prairie,8,1,30
289,297,4,29747,awang,2022-04-06 12:28:04.3170000,2,2022-04-06 12:28:04.3170000,9999-12-31 23:59:59.0000000,0,0,2028,2028 Bin - P -Tank,4,NULL,Bin - P -Tank,BIN_PTANK,7,70,Swift Current,7,1,30
184,298,4,29747,awang,2022-04-06 12:28:04.9200000,2,2022-04-06 12:28:04.9200000,9999-12-31 23:59:59.0000000,0,0,2029,2029 Bin - P -Tank,4,NULL,Bin - P -Tank,BIN_PTANK,7,71,Grande Prairie,8,1,30
219,299,4,29747,awang,2022-04-06 12:28:05.5300000,2,2022-04-06 12:28:05.5300000,9999-12-31 23:59:59.0000000,0,0,2032,2032 Bin - P -Tank,4,NULL,Bin - P -Tank,BIN_PTANK,7,61,Lloydminster,1,1,30
290,300,4,29747,awang,2022-04-06 12:28:06.1570000,2,2022-04-06 12:28:06.1570000,9999-12-31 23:59:59.0000000,0,0,2033,2033 Bin - P -Tank,4,NULL,Bin - P -Tank,BIN_PTANK,7,70,Swift Current,7,1,30
220,301,4,29747,awang,2022-04-06 12:28:06.7730000,2,2022-04-06 12:28:06.7730000,9999-12-31 23:59:59.0000000,0,0,2034,2034 Bin - P -Tank,4,NULL,Bin - P -Tank,BIN_PTANK,7,65,Lac La Biche,3,1,30
185,302,4,29747,awang,2022-04-06 12:28:07.4370000,2,2022-04-06 12:28:07.4370000,9999-12-31 23:59:59.0000000,0,0,2035,2035 Bin - P -Tank,4,NULL,Bin - P -Tank,BIN_PTANK,7,71,Grande Prairie,8,1,30
186,303,4,29747,awang,2022-04-06 12:28:08.0530000,2,2022-04-06 12:28:08.0530000,9999-12-31 23:59:59.0000000,0,0,2036,2036 Bin - P -Tank,4,NULL,Bin - P -Tank,BIN_PTANK,7,67,Edmonton,5,1,30
222,304,4,29747,awang,2022-04-06 12:28:08.4600000,2,2022-04-06 12:28:08.4600000,9999-12-31 23:59:59.0000000,0,0,2038,2038 Bin - P -Tank,4,NULL,Bin - P -Tank,BIN_PTANK,7,88,Kindersley,12,1,30
223,305,4,29747,awang,2022-04-06 12:28:08.7230000,2,2022-04-06 12:28:08.7230000,9999-12-31 23:59:59.0000000,0,0,2039P,2039 Bin - P -Tank,4,NULL,Bin - P -Tank,BIN_PTANK,7,61,Lloydminster,1,1,30
224,306,4,29747,awang,2022-04-06 12:28:08.9900000,2,2022-04-06 12:28:08.9900000,9999-12-31 23:59:59.0000000,0,0,2040P,2040 Bin - P -Tank,4,NULL,Bin - P -Tank,BIN_PTANK,7,88,Kindersley,12,1,30
280,307,4,29747,awang,2022-04-06 12:28:09.2500000,2,2022-04-06 12:28:09.2500000,9999-12-31 23:59:59.0000000,0,0,2041P,2041 Bin - P -Tank,4,NULL,Bin - P -Tank,BIN_PTANK,7,72,Estevan,9,1,30
148,308,4,29747,awang,2022-04-06 12:28:09.5300000,2,2022-04-06 12:28:09.5300000,9999-12-31 23:59:59.0000000,0,0,2042P,2042 Bin - P -Tank,4,NULL,Bin - P -Tank,BIN_PTANK,7,67,Edmonton,5,1,30
187,309,4,29747,awang,2022-04-06 12:28:09.8100000,2,2022-04-06 12:28:09.8100000,9999-12-31 23:59:59.0000000,0,0,2043P,2043 Bin - P -Tank,4,NULL,Bin - P -Tank,BIN_PTANK,7,71,Grande Prairie,8,1,30
149,310,4,29747,awang,2022-04-06 12:28:10.1000000,2,2022-04-06 12:28:10.1000000,9999-12-31 23:59:59.0000000,0,0,2044P,2044 Bin - P -Tank,4,NULL,Bin - P -Tank,BIN_PTANK,7,71,Grande Prairie,8,1,30
188,311,4,29747,awang,2022-04-06 12:28:10.3730000,2,2022-04-06 12:28:10.3730000,9999-12-31 23:59:59.0000000,0,0,2045P,2045 Bin - P -Tank,4,NULL,Bin - P -Tank,BIN_PTANK,7,66,Fort St. John,4,1,30
291,312,4,29747,awang,2022-04-06 12:28:10.6500000,2,2022-04-06 12:28:10.6500000,9999-12-31 23:59:59.0000000,0,0,2046P,2046 Bin - P -Tank,4,NULL,Bin - P -Tank,BIN_PTANK,7,70,Swift Current,7,1,30
281,313,4,29747,awang,2022-04-06 12:28:10.9230000,2,2022-04-06 12:28:10.9230000,9999-12-31 23:59:59.0000000,0,0,2062,2062 Bin - P -Tank,4,NULL,Bin - P -Tank,BIN_PTANK,7,72,Estevan,9,1,30
282,314,4,29747,awang,2022-04-06 12:28:11.1870000,2,2022-04-06 12:28:11.1870000,9999-12-31 23:59:59.0000000,0,0,2063,2063 Bin - P -Tank,4,NULL,Bin - P -Tank,BIN_PTANK,7,72,Estevan,9,1,30
225,315,4,29747,awang,2022-04-06 12:28:11.4630000,2,2022-04-06 12:28:11.4630000,9999-12-31 23:59:59.0000000,0,0,2064,2064 Bin - P -Tank,4,NULL,Bin - P -Tank,BIN_PTANK,7,70,Swift Current,7,1,30
226,316,4,29747,awang,2022-04-06 12:28:11.8430000,2,2022-04-06 12:28:11.8430000,9999-12-31 23:59:59.0000000,0,0,2065,2065 Bin - P -Tank,4,NULL,Bin - P -Tank,BIN_PTANK,7,61,Lloydminster,1,1,30
227,317,4,29747,awang,2022-04-06 12:28:12.1200000,2,2022-04-06 12:28:12.1200000,9999-12-31 23:59:59.0000000,0,0,2066,2066 Bin - P -Tank,4,NULL,Bin - P -Tank,BIN_PTANK,7,61,Lloydminster,1,1,30
266,318,4,29747,awang,2022-04-06 12:28:12.3770000,2,2022-04-06 12:28:12.3770000,9999-12-31 23:59:59.0000000,0,0,2067,2067 Bin - P -Tank,4,NULL,Bin - P -Tank,BIN_PTANK,7,66,Fort St. John,4,1,30
189,319,4,29747,awang,2022-04-06 12:28:12.6700000,2,2022-04-06 12:28:12.6700000,9999-12-31 23:59:59.0000000,0,0,2068,2068 Bin - P -Tank,4,NULL,Bin - P -Tank,BIN_PTANK,7,85,Red Deer,11,1,30
267,320,4,29747,awang,2022-04-06 12:28:12.9370000,2,2022-04-06 12:28:12.9370000,9999-12-31 23:59:59.0000000,0,0,2069,2069 Bin - P -Tank,4,NULL,Bin - P -Tank,BIN_PTANK,7,71,Grande Prairie,8,1,30
228,321,4,29747,awang,2022-04-06 12:28:13.2070000,2,2022-04-06 12:28:13.2070000,9999-12-31 23:59:59.0000000,0,0,2070,2070 Bin - P -Tank,4,NULL,Bin - P -Tank,BIN_PTANK,7,88,Kindersley,12,1,30
190,322,4,29747,awang,2022-04-06 12:28:13.4700000,2,2022-04-06 12:28:13.4700000,9999-12-31 23:59:59.0000000,0,0,2071,2071 Bin - P -Tank,4,NULL,Bin - P -Tank,BIN_PTANK,7,71,Grande Prairie,8,1,30
229,323,4,29747,awang,2022-04-06 12:28:13.7400000,2,2022-04-06 12:28:13.7400000,9999-12-31 23:59:59.0000000,0,0,2072,2072 Bin - P -Tank,4,NULL,Bin - P -Tank,BIN_PTANK,7,61,Lloydminster,1,1,30
230,324,4,29747,awang,2022-04-06 12:28:14.0030000,2,2022-04-06 12:28:14.0030000,9999-12-31 23:59:59.0000000,0,0,2073,2073 Bin - P -Tank,4,NULL,Bin - P -Tank,BIN_PTANK,7,70,Swift Current,7,1,30
231,325,4,29747,awang,2022-04-06 12:28:14.2730000,2,2022-04-06 12:28:14.2730000,9999-12-31 23:59:59.0000000,0,0,2074,2074 Bin - P -Tank,4,NULL,Bin - P -Tank,BIN_PTANK,7,72,Estevan,9,1,30
232,326,4,29747,awang,2022-04-06 12:28:14.8330000,2,2022-04-06 12:28:14.8330000,9999-12-31 23:59:59.0000000,0,0,2075,2075 Bin - P -Tank,4,NULL,Bin - P -Tank,BIN_PTANK,7,70,Swift Current,7,1,30
191,327,4,29747,awang,2022-04-06 12:28:15.0970000,2,2022-04-06 12:28:15.0970000,9999-12-31 23:59:59.0000000,0,0,2076,2076 Bin - P -Tank,4,NULL,Bin - P -Tank,BIN_PTANK,7,71,Grande Prairie,8,1,30
292,328,4,29747,awang,2022-04-06 12:28:15.3600000,2,2022-04-06 12:28:15.3600000,9999-12-31 23:59:59.0000000,0,0,2077,2077 Bin - P -Tank,4,NULL,Bin - P -Tank,BIN_PTANK,7,72,Estevan,9,1,30
192,329,4,29747,awang,2022-04-06 12:28:15.6300000,2,2022-04-06 12:28:15.6300000,9999-12-31 23:59:59.0000000,0,0,2078,2078 Bin - P -Tank,4,NULL,Bin - P -Tank,BIN_PTANK,7,71,Grande Prairie,8,1,30
268,330,4,29747,awang,2022-04-06 12:28:15.8900000,2,2022-04-06 12:28:15.8900000,9999-12-31 23:59:59.0000000,0,0,2079,2079 Bin - P -Tank,4,NULL,Bin - P -Tank,BIN_PTANK,7,67,Edmonton,5,1,30
193,331,4,29747,awang,2022-04-06 12:28:16.1870000,2,2022-04-06 12:28:16.1870000,9999-12-31 23:59:59.0000000,0,0,2080,2080 Bin - P -Tank,4,NULL,Bin - P -Tank,BIN_PTANK,7,71,Grande Prairie,8,1,30
269,332,4,29747,awang,2022-04-06 12:28:16.4530000,2,2022-04-06 12:28:16.4530000,9999-12-31 23:59:59.0000000,0,0,2081,2081 Bin - P -Tank,4,NULL,Bin - P -Tank,BIN_PTANK,7,66,Fort St. John,4,1,30
283,333,4,29747,awang,2022-04-06 12:28:16.7230000,2,2022-04-06 12:28:16.7230000,9999-12-31 23:59:59.0000000,0,0,2082,2082 Bin - P -Tank,4,NULL,Bin - P -Tank,BIN_PTANK,7,70,Swift Current,7,1,30
252,334,4,29747,awang,2022-04-06 12:28:16.9900000,2,2022-04-06 12:28:16.9900000,9999-12-31 23:59:59.0000000,0,0,2100,2100 Bin - P -Tank,4,NULL,Bin - P -Tank,BIN_PTANK,7,85,Red Deer,11,1,30
233,335,4,29747,awang,2022-04-06 12:28:17.2500000,2,2022-04-06 12:28:17.2500000,9999-12-31 23:59:59.0000000,0,0,2103,2103 Bin - P -Tank,4,NULL,Bin - P -Tank,BIN_PTANK,7,71,Grande Prairie,8,1,30
234,336,4,29747,awang,2022-04-06 12:28:17.5270000,2,2022-04-06 12:28:17.5270000,9999-12-31 23:59:59.0000000,0,0,2104,2104 Bin - P -Tank,4,NULL,Bin - P -Tank,BIN_PTANK,7,61,Lloydminster,1,1,30
235,337,4,29747,awang,2022-04-06 12:28:17.7930000,2,2022-04-06 12:28:17.7930000,9999-12-31 23:59:59.0000000,0,0,2126,2126 Bin - P -Tank,4,NULL,Bin - P -Tank,BIN_PTANK,7,67,Edmonton,5,1,30
293,338,4,29747,awang,2022-04-06 12:28:18.0630000,2,2022-04-06 12:28:18.0630000,9999-12-31 23:59:59.0000000,0,0,2127,2127 Bin - P -Tank,4,NULL,Bin - P -Tank,BIN_PTANK,7,70,Swift Current,7,1,30
150,339,4,29747,awang,2022-04-06 12:28:18.3230000,2,2022-04-06 12:28:18.3230000,9999-12-31 23:59:59.0000000,0,0,2128,2128 Bin - P -Tank,4,NULL,Bin - P -Tank,BIN_PTANK,7,85,Red Deer,11,1,30
151,340,4,29747,awang,2022-04-06 12:28:18.5930000,2,2022-04-06 12:28:18.5930000,9999-12-31 23:59:59.0000000,0,0,2129,2129 Bin - P -Tank,4,NULL,Bin - P -Tank,BIN_PTANK,7,71,Grande Prairie,8,1,30
152,341,4,29747,awang,2022-04-06 12:28:18.8730000,2,2022-04-06 12:28:18.8730000,9999-12-31 23:59:59.0000000,0,0,2130,2130 Bin - P -Tank,4,NULL,Bin - P -Tank,BIN_PTANK,7,85,Red Deer,11,1,30
153,342,4,29747,awang,2022-04-06 12:28:19.1370000,2,2022-04-06 12:28:19.1370000,9999-12-31 23:59:59.0000000,0,0,2131,2131 Bin - P -Tank,4,NULL,Bin - P -Tank,BIN_PTANK,7,85,Red Deer,11,1,30
194,343,4,29747,awang,2022-04-06 12:28:19.4100000,2,2022-04-06 12:28:19.4100000,9999-12-31 23:59:59.0000000,0,0,2132,2132 Bin - P -Tank,4,NULL,Bin - P -Tank,BIN_PTANK,7,66,Fort St. John,4,1,30
236,344,4,29747,awang,2022-04-06 12:28:19.6730000,2,2022-04-06 12:28:19.6730000,9999-12-31 23:59:59.0000000,0,0,2133,2133 Bin - P -Tank,4,NULL,Bin - P -Tank,BIN_PTANK,7,61,Lloydminster,1,1,30
154,345,4,29747,awang,2022-04-06 12:28:19.9370000,2,2022-04-06 12:28:19.9370000,9999-12-31 23:59:59.0000000,0,0,2134,2134 Bin - P -Tank,4,NULL,Bin - P -Tank,BIN_PTANK,7,88,Kindersley,12,1,30
216,346,4,29747,awang,2022-04-06 12:28:20.2000000,2,2022-04-06 12:28:20.2000000,9999-12-31 23:59:59.0000000,0,0,2135,2135 Bin - P -Tank,4,NULL,Bin - P -Tank,BIN_PTANK,7,65,Lac La Biche,3,1,30
253,347,4,29747,awang,2022-04-06 12:28:20.4600000,2,2022-04-06 12:28:20.4600000,9999-12-31 23:59:59.0000000,0,0,2136,2136 Bin - P -Tank,4,NULL,Bin - P -Tank,BIN_PTANK,7,67,Edmonton,5,1,30
294,348,4,29747,awang,2022-04-06 12:28:20.7230000,2,2022-04-06 12:28:20.7230000,9999-12-31 23:59:59.0000000,0,0,2137,2137 Bin - P -Tank,4,NULL,Bin - P -Tank,BIN_PTANK,7,72,Estevan,9,1,30
195,349,4,29747,awang,2022-04-06 12:28:20.9870000,2,2022-04-06 12:28:20.9870000,9999-12-31 23:59:59.0000000,0,0,2138,2138 Bin - P -Tank,4,NULL,Bin - P -Tank,BIN_PTANK,7,66,Fort St. John,4,1,30
196,350,4,29747,awang,2022-04-06 12:28:21.2530000,2,2022-04-06 12:28:21.2530000,9999-12-31 23:59:59.0000000,0,0,2139,2139 Bin - P -Tank,4,NULL,Bin - P -Tank,BIN_PTANK,7,66,Fort St. John,4,1,30
254,351,4,29747,awang,2022-04-06 12:28:21.5130000,2,2022-04-06 12:28:21.5130000,9999-12-31 23:59:59.0000000,0,0,2140,2140 Bin - P -Tank,4,NULL,Bin - P -Tank,BIN_PTANK,7,85,Red Deer,11,1,30
255,352,4,29747,awang,2022-04-06 12:28:21.7830000,2,2022-04-06 12:28:21.7830000,9999-12-31 23:59:59.0000000,0,0,2141,2141 Bin - P -Tank,4,NULL,Bin - P -Tank,BIN_PTANK,7,66,Fort St. John,4,1,30
256,353,4,29747,awang,2022-04-06 12:28:22.0600000,2,2022-04-06 12:28:22.0600000,9999-12-31 23:59:59.0000000,0,0,2142,2142 Bin - P -Tank,4,NULL,Bin - P -Tank,BIN_PTANK,7,67,Edmonton,5,1,30
326,354,1,0,NULL,2022-04-06 12:28:31.7370000,1,2022-04-06 12:28:31.7370000,9999-12-31 23:59:59.0000000,0,0,1680,1680 Lay Down Skid,12,NULL,Lay Down Skid,LAYDOWN,16,71,Grande Prairie,8,3,83.7
327,355,1,0,NULL,2022-04-06 12:28:31.9400000,1,2022-04-06 12:28:31.9400000,9999-12-31 23:59:59.0000000,0,0,1681,1681 Lay Down Skid,12,NULL,Lay Down Skid,LAYDOWN,16,65,Lac La Biche,3,3,83.7
328,356,1,0,NULL,2022-04-06 12:28:32.1570000,1,2022-04-06 12:28:32.1570000,9999-12-31 23:59:59.0000000,0,0,1743,1743 Lay Down Skid,12,NULL,Lay Down Skid,LAYDOWN,16,67,Edmonton,5,3,83.7
329,357,1,0,NULL,2022-04-06 12:28:32.3900000,1,2022-04-06 12:28:32.3900000,9999-12-31 23:59:59.0000000,0,0,1744,1744 Lay Down Skid,12,NULL,Lay Down Skid,LAYDOWN,16,61,Lloydminster,1,3,83.7
330,358,1,0,NULL,2022-04-06 12:28:32.6200000,1,2022-04-06 12:28:32.6200000,9999-12-31 23:59:59.0000000,0,0,1765,1765 Lay Down Skid,12,NULL,Lay Down Skid,LAYDOWN,16,65,Lac La Biche,3,3,83.7
331,359,1,0,NULL,2022-04-06 12:28:32.8400000,1,2022-04-06 12:28:32.8400000,9999-12-31 23:59:59.0000000,0,0,1766,1766 Lay Down Skid,12,NULL,Lay Down Skid,LAYDOWN,16,72,Estevan,9,3,83.7
332,360,1,0,NULL,2022-04-06 12:28:33.0670000,1,2022-04-06 12:28:33.0670000,9999-12-31 23:59:59.0000000,0,0,1790,1790 Lay Down Skid,12,NULL,Lay Down Skid,LAYDOWN,16,85,Red Deer,11,3,83.7
333,361,1,0,NULL,2022-04-06 12:28:33.2870000,1,2022-04-06 12:28:33.2870000,9999-12-31 23:59:59.0000000,0,0,1791,1791 Lay Down Skid,12,NULL,Lay Down Skid,LAYDOWN,16,85,Red Deer,11,3,83.7
334,362,1,0,NULL,2022-04-06 12:28:33.5030000,1,2022-04-06 12:28:33.5030000,9999-12-31 23:59:59.0000000,0,0,1796,1796 Lay Down Skid,12,NULL,Lay Down Skid,LAYDOWN,16,67,Edmonton,5,3,83.7
335,363,1,0,NULL,2022-04-06 12:28:33.7270000,1,2022-04-06 12:28:33.7270000,9999-12-31 23:59:59.0000000,0,0,2049,2049 Lay Down Skid,12,NULL,Lay Down Skid,LAYDOWN,16,71,Grande Prairie,8,3,83.7
336,364,1,0,NULL,2022-04-06 12:28:33.9330000,1,2022-04-06 12:28:33.9330000,9999-12-31 23:59:59.0000000,0,0,1987,1987 Lay Down Skid,12,NULL,Lay Down Skid,LAYDOWN,16,65,Lac La Biche,3,3,83.7
337,365,1,0,NULL,2022-04-06 12:28:34.1300000,1,2022-04-06 12:28:34.1300000,9999-12-31 23:59:59.0000000,0,0,1988,1988 Lay Down Skid,12,NULL,Lay Down Skid,LAYDOWN,16,65,Lac La Biche,3,3,83.7
338,366,1,0,NULL,2022-04-06 12:28:34.3330000,1,2022-04-06 12:28:34.3330000,9999-12-31 23:59:59.0000000,0,0,1989,1989 Lay Down Skid,12,NULL,Lay Down Skid,LAYDOWN,16,65,Lac La Biche,3,3,83.7
339,367,1,0,NULL,2022-04-06 12:28:34.5370000,1,2022-04-06 12:28:34.5370000,9999-12-31 23:59:59.0000000,0,0,1990,1990 Lay Down Skid,12,NULL,Lay Down Skid,LAYDOWN,16,65,Lac La Biche,3,3,83.7
340,368,1,0,NULL,2022-04-06 12:28:34.7470000,1,2022-04-06 12:28:34.7470000,9999-12-31 23:59:59.0000000,0,0,2048,2048 Lay Down Skid,12,NULL,Lay Down Skid,LAYDOWN,16,67,Edmonton,5,3,83.7
341,369,1,0,NULL,2022-04-06 12:28:34.9600000,1,2022-04-06 12:28:34.9600000,9999-12-31 23:59:59.0000000,0,0,2107,2107 Lay Down Skid,12,NULL,Lay Down Skid,LAYDOWN,16,67,Edmonton,5,3,83.7
342,370,1,0,NULL,2022-04-06 12:28:35.1600000,1,2022-04-06 12:28:35.1600000,9999-12-31 23:59:59.0000000,0,0,2108,2108 Lay Down Skid,12,NULL,Lay Down Skid,LAYDOWN,16,67,Edmonton,5,3,83.7
343,371,1,0,NULL,2022-04-06 12:28:35.3670000,1,2022-04-06 12:28:35.3670000,9999-12-31 23:59:59.0000000,0,0,1567,1567 Lay Down Skid,12,NULL,Lay Down Skid,LAYDOWN,16,85,Red Deer,11,3,83.7
344,372,1,0,NULL,2022-04-06 12:28:35.5630000,1,2022-04-06 12:28:35.5630000,9999-12-31 23:59:59.0000000,0,0,1795,1795 Lay Down Skid,12,NULL,Lay Down Skid,LAYDOWN,16,71,Grande Prairie,8,3,83.7
345,373,1,0,NULL,2022-04-06 12:28:35.7630000,1,2022-04-06 12:28:35.7630000,9999-12-31 23:59:59.0000000,0,0,1601,1795 Lay Down Skid,12,NULL,Lay Down Skid,LAYDOWN,16,88,Kindersley,12,3,83.7
346,374,1,0,NULL,2022-04-06 12:28:35.9700000,1,2022-04-06 12:28:35.9700000,9999-12-31 23:59:59.0000000,0,0,564,1795 Lay Down Skid,12,NULL,Lay Down Skid,LAYDOWN,16,88,Kindersley,12,3,83.7
325,375,2,0,NULL,2022-04-06 12:28:37.1830000,2,2022-04-06 12:28:37.1830000,9999-12-31 23:59:59.0000000,0,0,2088M,2088 Cement Mega Silo,3,NULL,Cement Mega Silo,SILO_MEGA,8,85,Red Deer,11,1,80.7
296,376,5,29747,awang,2022-04-06 12:28:37.4800000,2,2022-04-06 12:28:37.4800000,9999-12-31 23:59:59.0000000,0,0,2040M,2040  Cement Mega Silo,3,NULL,Cement Mega Silo,SILO_MEGA,8,61,Lloydminster,1,1,80.7
297,377,5,29747,awang,2022-04-06 12:28:37.8030000,2,2022-04-06 12:28:37.8030000,9999-12-31 23:59:59.0000000,0,0,2041M,2041  Cement Mega Silo,3,NULL,Cement Mega Silo,SILO_MEGA,8,65,Lac La Biche,3,1,80.7
298,378,5,29747,awang,2022-04-06 12:28:38.1330000,2,2022-04-06 12:28:38.1330000,9999-12-31 23:59:59.0000000,0,0,2042M,2042  Cement Mega Silo,3,NULL,Cement Mega Silo,SILO_MEGA,8,65,Lac La Biche,3,1,80.7
317,379,5,29747,awang,2022-04-06 12:28:38.4270000,2,2022-04-06 12:28:38.4270000,9999-12-31 23:59:59.0000000,0,0,2043M,2043  Cement Mega Silo,3,NULL,Cement Mega Silo,SILO_MEGA,8,61,Lloydminster,1,1,80.7
310,380,5,29747,awang,2022-04-06 12:28:38.7430000,2,2022-04-06 12:28:38.7430000,9999-12-31 23:59:59.0000000,0,0,2044M,2044  Cement Mega Silo,3,NULL,Cement Mega Silo,SILO_MEGA,8,61,Lloydminster,1,1,80.7
311,381,5,29747,awang,2022-04-06 12:28:39.0370000,2,2022-04-06 12:28:39.0370000,9999-12-31 23:59:59.0000000,0,0,2045M,2045  Cement Mega Silo,3,NULL,Cement Mega Silo,SILO_MEGA,8,88,Kindersley,12,1,80.7
312,382,5,29747,awang,2022-04-06 12:28:39.3430000,2,2022-04-06 12:28:39.3430000,9999-12-31 23:59:59.0000000,0,0,2046M,2046  Cement Mega Silo,3,NULL,Cement Mega Silo,SILO_MEGA,8,70,Swift Current,7,1,80.7
299,383,5,29747,awang,2022-04-06 12:28:39.6530000,2,2022-04-06 12:28:39.6530000,9999-12-31 23:59:59.0000000,0,0,2089M,2089  Cement Mega Silo,3,NULL,Cement Mega Silo,SILO_MEGA,8,65,Lac La Biche,3,1,80.7
300,384,5,29747,awang,2022-04-06 12:28:39.9430000,2,2022-04-06 12:28:39.9430000,9999-12-31 23:59:59.0000000,0,0,2090M,2090  Cement Mega Silo,3,NULL,Cement Mega Silo,SILO_MEGA,8,61,Lloydminster,1,1,80.7
318,385,5,29747,awang,2022-04-06 12:28:40.2600000,2,2022-04-06 12:28:40.2600000,9999-12-31 23:59:59.0000000,0,0,2091M,2091  Cement Mega Silo,3,NULL,Cement Mega Silo,SILO_MEGA,8,61,Lloydminster,1,1,80.7
321,386,5,29747,awang,2022-04-06 12:28:40.5430000,2,2022-04-06 12:28:40.5430000,9999-12-31 23:59:59.0000000,0,0,2109M,2109  Cement Mega Silo,3,NULL,Cement Mega Silo,SILO_MEGA,8,65,Lac La Biche,3,1,80.7
319,387,5,29747,awang,2022-04-06 12:28:40.8470000,2,2022-04-06 12:28:40.8470000,9999-12-31 23:59:59.0000000,0,0,2110M,2110  Cement Mega Silo,3,NULL,Cement Mega Silo,SILO_MEGA,8,85,Red Deer,11,1,80.7
313,388,5,29747,awang,2022-04-06 12:28:41.1500000,2,2022-04-06 12:28:41.1500000,9999-12-31 23:59:59.0000000,0,0,2111M,2111  Cement Mega Silo,3,NULL,Cement Mega Silo,SILO_MEGA,8,61,Lloydminster,1,1,80.7
316,389,5,29747,awang,2022-04-06 12:28:41.4430000,2,2022-04-06 12:28:41.4430000,9999-12-31 23:59:59.0000000,0,0,2112M,2112  Cement Mega Silo,3,NULL,Cement Mega Silo,SILO_MEGA,8,85,Red Deer,11,1,80.7
301,390,5,29747,awang,2022-04-06 12:28:41.7370000,2,2022-04-06 12:28:41.7370000,9999-12-31 23:59:59.0000000,0,0,2113M,2113  Cement Mega Silo,3,NULL,Cement Mega Silo,SILO_MEGA,8,65,Lac La Biche,3,1,80.7
302,391,5,29747,awang,2022-04-06 12:28:42.0370000,2,2022-04-06 12:28:42.0370000,9999-12-31 23:59:59.0000000,0,0,2114M,2114  Cement Mega Silo,3,NULL,Cement Mega Silo,SILO_MEGA,8,71,Grande Prairie,8,1,80.7
314,392,5,29747,awang,2022-04-06 12:28:42.3470000,2,2022-04-06 12:28:42.3470000,9999-12-31 23:59:59.0000000,0,0,2115M,2115  Cement Mega Silo,3,NULL,Cement Mega Silo,SILO_MEGA,8,61,Lloydminster,1,1,80.7
303,393,5,29747,awang,2022-04-06 12:28:42.6330000,2,2022-04-06 12:28:42.6330000,9999-12-31 23:59:59.0000000,0,0,2116M,2116  Cement Mega Silo,3,NULL,Cement Mega Silo,SILO_MEGA,8,65,Lac La Biche,3,1,80.7
304,394,5,29747,awang,2022-04-06 12:28:42.9370000,2,2022-04-06 12:28:42.9370000,9999-12-31 23:59:59.0000000,0,0,2117M,2117  Cement Mega Silo,3,NULL,Cement Mega Silo,SILO_MEGA,8,61,Lloydminster,1,1,80.7
305,395,5,29747,awang,2022-04-06 12:28:43.2330000,2,2022-04-06 12:28:43.2330000,9999-12-31 23:59:59.0000000,0,0,2118M,2118  Cement Mega Silo,3,NULL,Cement Mega Silo,SILO_MEGA,8,65,Lac La Biche,3,1,80.7
306,396,5,29747,awang,2022-04-06 12:28:43.5200000,2,2022-04-06 12:28:43.5200000,9999-12-31 23:59:59.0000000,0,0,2119M,2119  Cement Mega Silo,3,NULL,Cement Mega Silo,SILO_MEGA,8,61,Lloydminster,1,1,80.7
320,397,5,29747,awang,2022-04-06 12:28:43.8170000,2,2022-04-06 12:28:43.8170000,9999-12-31 23:59:59.0000000,0,0,2120M,2120  Cement Mega Silo,3,NULL,Cement Mega Silo,SILO_MEGA,8,65,Lac La Biche,3,1,80.7
322,398,5,29747,awang,2022-04-06 12:28:44.1200000,2,2022-04-06 12:28:44.1200000,9999-12-31 23:59:59.0000000,0,0,2121M,2121  Cement Mega Silo,3,NULL,Cement Mega Silo,SILO_MEGA,8,65,Lac La Biche,3,1,80.7
323,399,5,29747,awang,2022-04-06 12:28:44.4170000,2,2022-04-06 12:28:44.4170000,9999-12-31 23:59:59.0000000,0,0,2122M,2122  Cement Mega Silo,3,NULL,Cement Mega Silo,SILO_MEGA,8,61,Lloydminster,1,1,80.7
307,400,5,29747,awang,2022-04-06 12:28:44.7130000,2,2022-04-06 12:28:44.7130000,9999-12-31 23:59:59.0000000,0,0,2123M,2123  Cement Mega Silo,3,NULL,Cement Mega Silo,SILO_MEGA,8,61,Lloydminster,1,1,80.7
308,401,5,29747,awang,2022-04-06 12:28:45.0000000,2,2022-04-06 12:28:45.0000000,9999-12-31 23:59:59.0000000,0,0,2124M,2124  Cement Mega Silo,3,NULL,Cement Mega Silo,SILO_MEGA,8,66,Fort St. John,4,1,80.7
309,402,5,29747,awang,2022-04-06 12:28:45.2900000,2,2022-04-06 12:28:45.2900000,9999-12-31 23:59:59.0000000,0,0,2125M,2125  Cement Mega Silo,3,NULL,Cement Mega Silo,SILO_MEGA,8,85,Red Deer,11,1,80.7
347,403,1,0,NULL,2022-04-06 12:28:45.5830000,1,2022-04-06 12:28:45.5830000,9999-12-31 23:59:59.0000000,0,0,1182,1182 Blend Train,5,NULL,Blend Train,SILO_BLEND TRAIN,9,65,Lac La Biche,3,1,0
348,404,1,0,NULL,2022-04-06 12:28:45.8170000,1,2022-04-06 12:28:45.8170000,9999-12-31 23:59:59.0000000,0,0,2093,2093 Blend Train,5,NULL,Blend Train,SILO_BLEND TRAIN,9,61,Lloydminster,1,1,0
349,405,1,0,NULL,2022-04-06 12:28:46.0700000,1,2022-04-06 12:28:46.0700000,9999-12-31 23:59:59.0000000,0,0,2084,2084 Blend Train,5,NULL,Blend Train,SILO_BLEND TRAIN,9,85,Red Deer,11,1,0
350,406,1,0,NULL,2022-04-06 12:28:46.3170000,1,2022-04-06 12:28:46.3170000,9999-12-31 23:59:59.0000000,0,0,1527,1527 Silo 1000 Cu Ft,6,NULL,Silo 1000 Cu Ft,SILO_1000,10,71,Grande Prairie,8,1,28.3
351,407,1,0,NULL,2022-04-06 12:28:46.5600000,1,2022-04-06 12:28:46.5600000,9999-12-31 23:59:59.0000000,0,0,1711,1711 Silo 1200 Cu Ft,7,NULL,Silo 1200 Cu Ft,SILO_1200,11,72,Estevan,9,1,34
352,408,1,0,NULL,2022-04-06 12:28:46.7970000,1,2022-04-06 12:28:46.7970000,9999-12-31 23:59:59.0000000,0,0,1544,1544 Silo 1400 Cu Ft,13,NULL,Silo - 1400 (60 T),SILO_1400(60 T),17,81,Edson,10,1,39.6
353,409,1,0,NULL,2022-04-06 12:28:47.0530000,1,2022-04-06 12:28:47.0530000,9999-12-31 23:59:59.0000000,0,0,1598,1598 Silo 1400 Cu Ft,13,NULL,Silo - 1400 (60 T),SILO_1400(60 T),17,85,Red Deer,11,1,39.6
354,410,1,0,NULL,2022-04-06 12:28:47.2830000,1,2022-04-06 12:28:47.2830000,9999-12-31 23:59:59.0000000,0,0,2149,2149 Silo 1400 Cu Ft,13,NULL,Silo - 1400 (60 T),SILO_1400(60 T),17,85,Red Deer,11,1,39.6
355,411,1,0,NULL,2022-04-06 12:28:47.5200000,1,2022-04-06 12:28:47.5200000,9999-12-31 23:59:59.0000000,0,0,1734,1734 Silo 2100 Cu Ft,14,NULL,Silo - 2100 (90 T),SILO_2100(90 T),18,67,Edmonton,5,1,59.4
356,412,1,0,NULL,2022-04-06 12:28:47.7570000,1,2022-04-06 12:28:47.7570000,9999-12-31 23:59:59.0000000,0,0,1735,1735 Silo 2100 Cu Ft,14,NULL,Silo - 2100 (90 T),SILO_2100(90 T),18,67,Edmonton,5,1,59.4
357,413,1,0,NULL,2022-04-06 12:28:48.0100000,1,2022-04-06 12:28:48.0100000,9999-12-31 23:59:59.0000000,0,0,1738,1738 Silo 2100 Cu Ft,14,NULL,Silo - 2100 (90 T),SILO_2100(90 T),18,67,Edmonton,5,1,59.4
358,414,1,0,NULL,2022-04-06 12:28:48.2430000,1,2022-04-06 12:28:48.2430000,9999-12-31 23:59:59.0000000,0,0,1745,1745 Silo 2100 Cu Ft,14,NULL,Silo - 2100 (90 T),SILO_2100(90 T),18,67,Edmonton,5,1,59.4
359,415,1,0,NULL,2022-04-06 12:28:48.4730000,1,2022-04-06 12:28:48.4730000,9999-12-31 23:59:59.0000000,0,0,1746,1746 Silo 2100 Cu Ft,14,NULL,Silo - 2100 (90 T),SILO_2100(90 T),18,67,Edmonton,5,1,59.4
360,416,1,0,NULL,2022-04-06 12:28:48.7070000,1,2022-04-06 12:28:48.7070000,9999-12-31 23:59:59.0000000,0,0,1747,1747 Silo 2100 Cu Ft,14,NULL,Silo - 2100 (90 T),SILO_2100(90 T),18,67,Edmonton,5,1,59.4
361,417,1,0,NULL,2022-04-06 12:28:48.9330000,1,2022-04-06 12:28:48.9330000,9999-12-31 23:59:59.0000000,0,0,1751,1751 Silo 2100 Cu Ft,14,NULL,Silo - 2100 (90 T),SILO_2100(90 T),18,67,Edmonton,5,1,59.4
362,418,1,0,NULL,2022-04-06 12:28:49.1630000,1,2022-04-06 12:28:49.1630000,9999-12-31 23:59:59.0000000,0,0,1652,1652 Silo 2100 Cu Ft,14,NULL,Silo - 2100 (90 T),SILO_2100(90 T),18,72,Estevan,9,1,59.4
363,419,1,0,NULL,2022-04-06 12:28:49.3970000,1,2022-04-06 12:28:49.3970000,9999-12-31 23:59:59.0000000,0,0,1653,1653 Silo 2100 Cu Ft,14,NULL,Silo - 2100 (90 T),SILO_2100(90 T),18,72,Estevan,9,1,59.4
364,420,1,0,NULL,2022-04-06 12:28:49.6270000,1,2022-04-06 12:28:49.6270000,9999-12-31 23:59:59.0000000,0,0,1718,1718 Silo 2100 Cu Ft,14,NULL,Silo - 2100 (90 T),SILO_2100(90 T),18,72,Estevan,9,1,59.4
365,421,1,0,NULL,2022-04-06 12:28:49.8630000,1,2022-04-06 12:28:49.8630000,9999-12-31 23:59:59.0000000,0,0,1713,1713 Silo 2100 Cu Ft,14,NULL,Silo - 2100 (90 T),SILO_2100(90 T),18,72,Estevan,9,1,59.4
366,422,1,0,NULL,2022-04-06 12:28:50.1130000,1,2022-04-06 12:28:50.1130000,9999-12-31 23:59:59.0000000,0,0,1756,1756 Silo 2100 Cu Ft,14,NULL,Silo - 2100 (90 T),SILO_2100(90 T),18,72,Estevan,9,1,59.4
367,423,1,0,NULL,2022-04-06 12:28:50.3430000,1,2022-04-06 12:28:50.3430000,9999-12-31 23:59:59.0000000,0,0,1773,1773 Silo 2100 Cu Ft,14,NULL,Silo - 2100 (90 T),SILO_2100(90 T),18,70,Swift Current,7,1,59.4
368,424,1,0,NULL,2022-04-06 12:28:50.5700000,1,2022-04-06 12:28:50.5700000,9999-12-31 23:59:59.0000000,0,0,1774,1774 Silo 2100 Cu Ft,14,NULL,Silo - 2100 (90 T),SILO_2100(90 T),18,72,Estevan,9,1,59.4
369,425,1,0,NULL,2022-04-06 12:28:50.8070000,1,2022-04-06 12:28:50.8070000,9999-12-31 23:59:59.0000000,0,0,BPC615-1,BPC615-1 Silo 2100 Cu Ft,14,NULL,Silo - 2100 (90 T),SILO_2100(90 T),18,66,Fort St. John,4,1,59.4
370,426,1,0,NULL,2022-04-06 12:28:51.0370000,1,2022-04-06 12:28:51.0370000,9999-12-31 23:59:59.0000000,0,0,BPC615-2,BPC615-2 Silo 1400 Cu Ft,13,NULL,Silo - 1400 (60 T),SILO_1400(60 T),17,66,Fort St. John,4,1,39.6
371,427,1,0,NULL,2022-04-06 12:28:51.2800000,1,2022-04-06 12:28:51.2800000,9999-12-31 23:59:59.0000000,0,0,1714,1714 Silo 2100 Cu Ft,14,NULL,Silo - 2100 (90 T),SILO_2100(90 T),18,71,Grande Prairie,8,1,59.4
372,428,1,0,NULL,2022-04-06 12:28:51.5100000,1,2022-04-06 12:28:51.5100000,9999-12-31 23:59:59.0000000,0,0,1530,1530 Silo 2100 Cu Ft,14,NULL,Silo - 2100 (90 T),SILO_2100(90 T),18,66,Fort St. John,4,1,59.4
373,429,1,0,NULL,2022-04-06 12:28:51.7400000,1,2022-04-06 12:28:51.7400000,9999-12-31 23:59:59.0000000,0,0,1531,1531 Silo 2100 Cu Ft,14,NULL,Silo - 2100 (90 T),SILO_2100(90 T),18,66,Fort St. John,4,1,59.4
374,430,1,0,NULL,2022-04-06 12:28:51.9700000,1,2022-04-06 12:28:51.9700000,9999-12-31 23:59:59.0000000,0,0,1554,1554 Silo 2100 Cu Ft,14,NULL,Silo - 2100 (90 T),SILO_2100(90 T),18,66,Fort St. John,4,1,59.4
375,431,1,0,NULL,2022-04-06 12:28:52.2000000,1,2022-04-06 12:28:52.2000000,9999-12-31 23:59:59.0000000,0,0,1679,1679 Silo 2100 Cu Ft,14,NULL,Silo - 2100 (90 T),SILO_2100(90 T),18,66,Fort St. John,4,1,59.4
376,432,1,0,NULL,2022-04-06 12:28:52.4270000,1,2022-04-06 12:28:52.4270000,9999-12-31 23:59:59.0000000,0,0,1754,1754 Silo 2100 Cu Ft,14,NULL,Silo - 2100 (90 T),SILO_2100(90 T),18,66,Fort St. John,4,1,59.4
377,433,1,0,NULL,2022-04-06 12:28:52.6630000,1,2022-04-06 12:28:52.6630000,9999-12-31 23:59:59.0000000,0,0,1588,1588 Silo 2100 Cu Ft,14,NULL,Silo - 2100 (90 T),SILO_2100(90 T),18,71,Grande Prairie,8,1,59.4
378,434,1,0,NULL,2022-04-06 12:28:52.8970000,1,2022-04-06 12:28:52.8970000,9999-12-31 23:59:59.0000000,0,0,1589,1589 Silo 2100 Cu Ft,14,NULL,Silo - 2100 (90 T),SILO_2100(90 T),18,71,Grande Prairie,8,1,59.4
379,435,1,0,NULL,2022-04-06 12:28:53.1370000,1,2022-04-06 12:28:53.1370000,9999-12-31 23:59:59.0000000,0,0,1590,1590 Silo 2100 Cu Ft,14,NULL,Silo - 2100 (90 T),SILO_2100(90 T),18,71,Grande Prairie,8,1,59.4
380,436,1,0,NULL,2022-04-06 12:28:53.3630000,1,2022-04-06 12:28:53.3630000,9999-12-31 23:59:59.0000000,0,0,1591,1591 Silo 2100 Cu Ft,14,NULL,Silo - 2100 (90 T),SILO_2100(90 T),18,71,Grande Prairie,8,1,59.4
381,437,1,0,NULL,2022-04-06 12:28:53.5970000,1,2022-04-06 12:28:53.5970000,9999-12-31 23:59:59.0000000,0,0,1593,1593 Silo 2100 Cu Ft,14,NULL,Silo - 2100 (90 T),SILO_2100(90 T),18,71,Grande Prairie,8,1,59.4
382,438,1,0,NULL,2022-04-06 12:28:53.8300000,1,2022-04-06 12:28:53.8300000,9999-12-31 23:59:59.0000000,0,0,1722,1722 Silo 2100 Cu Ft,14,NULL,Silo - 2100 (90 T),SILO_2100(90 T),18,71,Grande Prairie,8,1,59.4
383,439,1,0,NULL,2022-04-06 12:28:54.0630000,1,2022-04-06 12:28:54.0630000,9999-12-31 23:59:59.0000000,0,0,1522,1522 Silo 2100 Cu Ft,14,NULL,Silo - 2100 (90 T),SILO_2100(90 T),18,65,Lac La Biche,3,1,59.4
384,440,1,0,NULL,2022-04-06 12:28:54.3070000,1,2022-04-06 12:28:54.3070000,9999-12-31 23:59:59.0000000,0,0,1523,1523 Silo 2100 Cu Ft,14,NULL,Silo - 2100 (90 T),SILO_2100(90 T),18,65,Lac La Biche,3,1,59.4
385,441,1,0,NULL,2022-04-06 12:28:54.5370000,1,2022-04-06 12:28:54.5370000,9999-12-31 23:59:59.0000000,0,0,1524,1524 Silo 2100 Cu Ft,14,NULL,Silo - 2100 (90 T),SILO_2100(90 T),18,65,Lac La Biche,3,1,59.4
386,442,1,0,NULL,2022-04-06 12:28:54.7730000,1,2022-04-06 12:28:54.7730000,9999-12-31 23:59:59.0000000,0,0,1730,1730 Silo 2100 Cu Ft,14,NULL,Silo - 2100 (90 T),SILO_2100(90 T),18,65,Lac La Biche,3,1,59.4
387,443,1,0,NULL,2022-04-06 12:28:55.0130000,1,2022-04-06 12:28:55.0130000,9999-12-31 23:59:59.0000000,0,0,1731,1731 Silo 2100 Cu Ft,14,NULL,Silo - 2100 (90 T),SILO_2100(90 T),18,65,Lac La Biche,3,1,59.4
388,444,1,0,NULL,2022-04-06 12:28:55.2400000,1,2022-04-06 12:28:55.2400000,9999-12-31 23:59:59.0000000,0,0,1732,1732 Silo 2100 Cu Ft,14,NULL,Silo - 2100 (90 T),SILO_2100(90 T),18,65,Lac La Biche,3,1,59.4
389,445,1,0,NULL,2022-04-06 12:28:55.4730000,1,2022-04-06 12:28:55.4700000,9999-12-31 23:59:59.0000000,0,0,1737,1737 Silo 2100 Cu Ft,14,NULL,Silo - 2100 (90 T),SILO_2100(90 T),18,65,Lac La Biche,3,1,59.4
390,446,1,0,NULL,2022-04-06 12:28:55.7070000,1,2022-04-06 12:28:55.7070000,9999-12-31 23:59:59.0000000,0,0,1748,1748 Silo 2100 Cu Ft,14,NULL,Silo - 2100 (90 T),SILO_2100(90 T),18,65,Lac La Biche,3,1,59.4
391,447,1,0,NULL,2022-04-06 12:28:55.9330000,1,2022-04-06 12:28:55.9330000,9999-12-31 23:59:59.0000000,0,0,1749,1749 Silo 2100 Cu Ft,14,NULL,Silo - 2100 (90 T),SILO_2100(90 T),18,65,Lac La Biche,3,1,59.4
392,448,1,0,NULL,2022-04-06 12:28:56.1670000,1,2022-04-06 12:28:56.1670000,9999-12-31 23:59:59.0000000,0,0,1930,1930 Silo 2100 Cu Ft,14,NULL,Silo - 2100 (90 T),SILO_2100(90 T),18,65,Lac La Biche,3,1,59.4
393,449,1,0,NULL,2022-04-06 12:28:56.3970000,1,2022-04-06 12:28:56.3970000,9999-12-31 23:59:59.0000000,0,0,1931,1931 Silo 2100 Cu Ft,14,NULL,Silo - 2100 (90 T),SILO_2100(90 T),18,65,Lac La Biche,3,1,59.4
394,450,1,0,NULL,2022-04-06 12:28:56.6270000,1,2022-04-06 12:28:56.6270000,9999-12-31 23:59:59.0000000,0,0,1993,1993 Silo 2100 Cu Ft,14,NULL,Silo - 2100 (90 T),SILO_2100(90 T),18,65,Lac La Biche,3,1,59.4
395,451,1,0,NULL,2022-04-06 12:28:56.8670000,1,2022-04-06 12:28:56.8670000,9999-12-31 23:59:59.0000000,0,0,1994,1994 Silo 2100 Cu Ft,14,NULL,Silo - 2100 (90 T),SILO_2100(90 T),18,65,Lac La Biche,3,1,59.4
396,452,1,0,NULL,2022-04-06 12:28:57.0970000,1,2022-04-06 12:28:57.0970000,9999-12-31 23:59:59.0000000,0,0,1995,1995 Silo 2100 Cu Ft,14,NULL,Silo - 2100 (90 T),SILO_2100(90 T),18,65,Lac La Biche,3,1,59.4
397,453,1,0,NULL,2022-04-06 12:28:57.3370000,1,2022-04-06 12:28:57.3370000,9999-12-31 23:59:59.0000000,0,0,1996,1996 Silo 2100 Cu Ft,14,NULL,Silo - 2100 (90 T),SILO_2100(90 T),18,65,Lac La Biche,3,1,59.4
398,454,1,0,NULL,2022-04-06 12:28:57.5770000,1,2022-04-06 12:28:57.5770000,9999-12-31 23:59:59.0000000,0,0,1997,1997 Silo 2100 Cu Ft,14,NULL,Silo - 2100 (90 T),SILO_2100(90 T),18,65,Lac La Biche,3,1,59.4
399,455,1,0,NULL,2022-04-06 12:28:57.8070000,1,2022-04-06 12:28:57.8070000,9999-12-31 23:59:59.0000000,0,0,1998,1998 Silo 2100 Cu Ft,14,NULL,Silo - 2100 (90 T),SILO_2100(90 T),18,65,Lac La Biche,3,1,59.4
400,456,1,0,NULL,2022-04-06 12:28:58.0500000,1,2022-04-06 12:28:58.0500000,9999-12-31 23:59:59.0000000,0,0,1501,1501 Silo 2100 Cu Ft,14,NULL,Silo - 2100 (90 T),SILO_2100(90 T),18,61,Lloydminster,1,1,59.4
401,457,1,0,NULL,2022-04-06 12:28:58.2930000,1,2022-04-06 12:28:58.2930000,9999-12-31 23:59:59.0000000,0,0,1502,1502 Silo 2100 Cu Ft,14,NULL,Silo - 2100 (90 T),SILO_2100(90 T),18,61,Lloydminster,1,1,59.4
402,458,1,0,NULL,2022-04-06 12:28:58.5230000,1,2022-04-06 12:28:58.5230000,9999-12-31 23:59:59.0000000,0,0,1503,1503 Silo 2100 Cu Ft,14,NULL,Silo - 2100 (90 T),SILO_2100(90 T),18,61,Lloydminster,1,1,59.4
403,459,1,0,NULL,2022-04-06 12:28:58.7530000,1,2022-04-06 12:28:58.7530000,9999-12-31 23:59:59.0000000,0,0,1550,1550 Silo 2100 Cu Ft,14,NULL,Silo - 2100 (90 T),SILO_2100(90 T),18,61,Lloydminster,1,1,59.4
404,460,1,0,NULL,2022-04-06 12:28:58.9930000,1,2022-04-06 12:28:58.9930000,9999-12-31 23:59:59.0000000,0,0,1569,1569 Silo 2100 Cu Ft,14,NULL,Silo - 2100 (90 T),SILO_2100(90 T),18,61,Lloydminster,1,1,59.4
405,461,1,0,NULL,2022-04-06 12:28:59.2230000,1,2022-04-06 12:28:59.2230000,9999-12-31 23:59:59.0000000,0,0,1570,1570 Silo 2100 Cu Ft,14,NULL,Silo - 2100 (90 T),SILO_2100(90 T),18,61,Lloydminster,1,1,59.4
406,462,1,0,NULL,2022-04-06 12:28:59.4500000,1,2022-04-06 12:28:59.4500000,9999-12-31 23:59:59.0000000,0,0,1599,1599 Silo 2100 Cu Ft,14,NULL,Silo - 2100 (90 T),SILO_2100(90 T),18,61,Lloydminster,1,1,59.4
407,463,1,0,NULL,2022-04-06 12:28:59.6830000,1,2022-04-06 12:28:59.6830000,9999-12-31 23:59:59.0000000,0,0,1752,1752 Silo 2100 Cu Ft,14,NULL,Silo - 2100 (90 T),SILO_2100(90 T),18,61,Lloydminster,1,1,59.4
408,464,1,0,NULL,2022-04-06 12:28:59.9330000,1,2022-04-06 12:28:59.9330000,9999-12-31 23:59:59.0000000,0,0,1525,1525 Silo 2100 Cu Ft,14,NULL,Silo - 2100 (90 T),SILO_2100(90 T),18,67,Edmonton,5,1,59.4
409,465,1,0,NULL,2022-04-06 12:29:00.1600000,1,2022-04-06 12:29:00.1600000,9999-12-31 23:59:59.0000000,0,0,2150,2150 Silo 2100 Cu Ft,14,NULL,Silo - 2100 (90 T),SILO_2100(90 T),18,72,Estevan,9,1,59.4
410,466,1,0,NULL,2022-04-06 12:29:00.3900000,1,2022-04-06 12:29:00.3900000,9999-12-31 23:59:59.0000000,0,0,2151,2151 Silo 2100 Cu Ft,14,NULL,Silo - 2100 (90 T),SILO_2100(90 T),18,70,Swift Current,7,1,59.4
411,467,1,0,NULL,2022-04-06 12:29:00.6270000,1,2022-04-06 12:29:00.6270000,9999-12-31 23:59:59.0000000,0,0,2152,2152 Silo 2100 Cu Ft,14,NULL,Silo - 2100 (90 T),SILO_2100(90 T),18,70,Swift Current,7,1,59.4
412,468,1,0,NULL,2022-04-06 12:29:00.8670000,1,2022-04-06 12:29:00.8670000,9999-12-31 23:59:59.0000000,0,0,1541,1541 Silo 2100 Cu Ft,14,NULL,Silo - 2100 (90 T),SILO_2100(90 T),18,85,Red Deer,11,1,59.4
413,469,1,0,NULL,2022-04-06 12:29:01.4770000,1,2022-04-06 12:29:01.4770000,9999-12-31 23:59:59.0000000,0,0,1510,1510 Silo 2100 Cu Ft,14,NULL,Silo - 2100 (90 T),SILO_2100(90 T),18,72,Estevan,9,1,59.4
414,470,1,0,NULL,2022-04-06 12:29:01.7070000,1,2022-04-06 12:29:01.7070000,9999-12-31 23:59:59.0000000,0,0,1552,1552 Silo 2100 Cu Ft,14,NULL,Silo - 2100 (90 T),SILO_2100(90 T),18,85,Red Deer,11,1,59.4
415,471,1,0,NULL,2022-04-06 12:29:01.9330000,1,2022-04-06 12:29:01.9330000,9999-12-31 23:59:59.0000000,0,0,1576,1576 Silo 2100 Cu Ft,14,NULL,Silo - 2100 (90 T),SILO_2100(90 T),18,85,Red Deer,11,1,59.4
416,472,1,0,NULL,2022-04-06 12:29:02.1630000,1,2022-04-06 12:29:02.1630000,9999-12-31 23:59:59.0000000,0,0,1577,1577 Silo 2100 Cu Ft,14,NULL,Silo - 2100 (90 T),SILO_2100(90 T),18,85,Red Deer,11,1,59.4
417,473,1,0,NULL,2022-04-06 12:29:02.3970000,1,2022-04-06 12:29:02.3970000,9999-12-31 23:59:59.0000000,0,0,1578,1578 Silo 2100 Cu Ft,14,NULL,Silo - 2100 (90 T),SILO_2100(90 T),18,85,Red Deer,11,1,59.4
418,474,1,0,NULL,2022-04-06 12:29:02.6500000,1,2022-04-06 12:29:02.6500000,9999-12-31 23:59:59.0000000,0,0,1592,1592 Silo 2100 Cu Ft,14,NULL,Silo - 2100 (90 T),SILO_2100(90 T),18,85,Red Deer,11,1,59.4
419,475,1,0,NULL,2022-04-06 12:29:02.8970000,1,2022-04-06 12:29:02.8970000,9999-12-31 23:59:59.0000000,0,0,1720,1720 Silo 2100 Cu Ft,14,NULL,Silo - 2100 (90 T),SILO_2100(90 T),18,85,Red Deer,11,1,59.4
420,476,1,0,NULL,2022-04-06 12:29:03.1430000,1,2022-04-06 12:29:03.1430000,9999-12-31 23:59:59.0000000,0,0,1719,1719 Silo 2100 Cu Ft,14,NULL,Silo - 2100 (90 T),SILO_2100(90 T),18,85,Red Deer,11,1,59.4
421,477,1,0,NULL,2022-04-06 12:29:03.3730000,1,2022-04-06 12:29:03.3730000,9999-12-31 23:59:59.0000000,0,0,1643,1643 Silo 2100 Cu Ft,14,NULL,Silo - 2100 (90 T),SILO_2100(90 T),18,70,Swift Current,7,1,59.4
422,478,1,0,NULL,2022-04-06 12:29:03.6030000,1,2022-04-06 12:29:03.6030000,9999-12-31 23:59:59.0000000,0,0,1657,1657 Silo 2100 Cu Ft,14,NULL,Silo - 2100 (90 T),SILO_2100(90 T),18,70,Swift Current,7,1,59.4
423,479,1,0,NULL,2022-04-06 12:29:03.8400000,1,2022-04-06 12:29:03.8400000,9999-12-31 23:59:59.0000000,0,0,1658,1658 Silo 2100 Cu Ft,14,NULL,Silo - 2100 (90 T),SILO_2100(90 T),18,70,Swift Current,7,1,59.4
424,480,1,0,NULL,2022-04-06 12:29:04.0670000,1,2022-04-06 12:29:04.0670000,9999-12-31 23:59:59.0000000,0,0,1678,1678 Silo 2100 Cu Ft,14,NULL,Silo - 2100 (90 T),SILO_2100(90 T),18,70,Swift Current,7,1,59.4
425,481,1,0,NULL,2022-04-06 12:29:04.3100000,1,2022-04-06 12:29:04.3100000,9999-12-31 23:59:59.0000000,0,0,1710,1710 Silo 2100 Cu Ft,14,NULL,Silo - 2100 (90 T),SILO_2100(90 T),18,70,Swift Current,7,1,59.4
426,482,1,0,NULL,2022-04-06 12:29:04.5470000,1,2022-04-06 12:29:04.5470000,9999-12-31 23:59:59.0000000,0,0,1753,1753 Silo 2100 Cu Ft,14,NULL,Silo - 2100 (90 T),SILO_2100(90 T),18,70,Swift Current,7,1,59.4
427,483,1,0,NULL,2022-04-06 12:29:04.7800000,1,2022-04-06 12:29:04.7800000,9999-12-31 23:59:59.0000000,0,0,1595,1595 Silo 400 Cu Ft,8,NULL,Silo 400 Cu Ft,SILO_400,12,71,Grande Prairie,8,1,11.3
182,484,5,29747,awang,2022-04-06 12:29:05.0170000,2,2022-04-06 12:29:05.0170000,9999-12-31 23:59:59.0000000,0,0,1981,1981 Silo 500 Cu Ft,9,NULL,Silo 500 Cu Ft,SILO_500,13,66,Fort St. John,4,1,14.1
428,485,1,0,NULL,2022-04-06 12:29:05.3070000,1,2022-04-06 12:29:05.3070000,9999-12-31 23:59:59.0000000,0,0,1505,1505 Silo 750 Cu Ft,10,NULL,Silo 750 Cu Ft,SILO_750,14,61,Lloydminster,1,1,21.2
429,486,1,0,NULL,2022-04-06 12:29:05.5430000,1,2022-04-06 12:29:05.5430000,9999-12-31 23:59:59.0000000,0,0,1564,1564 Silo 750 Cu Ft,10,NULL,Silo 750 Cu Ft,SILO_750,14,61,Lloydminster,1,1,21.2
430,487,1,0,NULL,2022-04-06 12:29:05.7800000,1,2022-04-06 12:29:05.7800000,9999-12-31 23:59:59.0000000,0,0,1568,1568 Silo 750 Cu Ft,10,NULL,Silo 750 Cu Ft,SILO_750,14,85,Red Deer,11,1,21.2
431,488,1,0,NULL,2022-04-06 12:29:06.0170000,1,2022-04-06 12:29:06.0170000,9999-12-31 23:59:59.0000000,0,0,1571,1571 Silo 750 Cu Ft,10,NULL,Silo 750 Cu Ft,SILO_750,14,70,Swift Current,7,1,21.2
432,489,1,0,NULL,2022-04-06 12:29:06.2500000,1,2022-04-06 12:29:06.2500000,9999-12-31 23:59:59.0000000,0,0,1613,1613 Silo 750 Cu Ft,10,NULL,Silo 750 Cu Ft,SILO_750,14,70,Swift Current,7,1,21.2
433,490,1,0,NULL,2022-04-06 12:29:06.4970000,1,2022-04-06 12:29:06.4970000,9999-12-31 23:59:59.0000000,0,0,1661,1661 Silo 750 Cu Ft,10,NULL,Silo 750 Cu Ft,SILO_750,14,70,Swift Current,7,1,21.2
434,491,1,0,NULL,2022-04-06 12:29:06.7270000,1,2022-04-06 12:29:06.7270000,9999-12-31 23:59:59.0000000,0,0,2085,2085 Blend Train,5,NULL,Blend Train,SILO_BLEND TRAIN,9,85,Red Deer,11,1,0
435,492,1,0,NULL,2022-04-06 12:29:06.9730000,1,2022-04-06 12:29:06.9730000,9999-12-31 23:59:59.0000000,0,0,2086,2086 Blend Train,5,NULL,Blend Train,SILO_BLEND TRAIN,9,85,Red Deer,11,1,0
436,493,1,0,NULL,2022-04-06 12:29:07.2230000,1,2022-04-06 12:29:07.2230000,9999-12-31 23:59:59.0000000,0,0,2094,2094 Blend Train,5,NULL,Blend Train,SILO_BLEND TRAIN,9,61,Lloydminster,1,1,0
437,494,1,0,NULL,2022-04-06 12:29:07.4670000,1,2022-04-06 12:29:07.4670000,9999-12-31 23:59:59.0000000,0,0,2095,2095 Blend Train,5,NULL,Blend Train,SILO_BLEND TRAIN,9,61,Lloydminster,1,1,0
265,495,4,29747,awang,2022-04-06 12:29:07.7070000,2,2022-04-06 12:29:07.7070000,9999-12-31 23:59:59.0000000,0,0,2030,2030 Blend Train,5,NULL,Blend Train,SILO_BLEND TRAIN,9,70,Swift Current,7,1,0
279,496,4,29747,awang,2022-04-06 12:29:07.9970000,2,2022-04-06 12:29:07.9970000,9999-12-31 23:59:59.0000000,0,0,2031,2031 Blend Train,5,NULL,Blend Train,SILO_BLEND TRAIN,9,70,Swift Current,7,1,0
221,497,4,29747,awang,2022-04-06 12:29:08.3030000,2,2022-04-06 12:29:08.3030000,9999-12-31 23:59:59.0000000,0,0,2037,2037 Blend Train,5,NULL,Blend Train,SILO_BLEND TRAIN,9,70,Swift Current,7,1,0
438,498,1,0,NULL,2022-04-06 12:29:08.5930000,1,2022-04-06 12:29:08.5930000,9999-12-31 23:59:59.0000000,0,0,1770,1770 Blend Train,5,NULL,Blend Train,SILO_BLEND TRAIN,9,71,Grande Prairie,8,1,0
286,499,4,29747,awang,2022-04-06 12:29:08.8370000,2,2022-04-06 12:29:08.8370000,9999-12-31 23:59:59.0000000,0,0,1984,1984 Blend Train,5,NULL,Blend Train,SILO_BLEND TRAIN,9,71,Grande Prairie,8,1,0
218,500,4,29747,awang,2022-04-06 12:29:09.1230000,2,2022-04-06 12:29:09.1230000,9999-12-31 23:59:59.0000000,0,0,2026,2026 Blend Train,5,NULL,Blend Train,SILO_BLEND TRAIN,9,71,Grande Prairie,8,1,0
439,501,1,0,NULL,2022-04-06 12:29:09.4170000,1,2022-04-06 12:29:09.4170000,9999-12-31 23:59:59.0000000,0,0,1543,1543 Silo 2100 Cu Ft,14,NULL,Silo - 2100 (90 T),SILO_2100(90 T),18,67,Edmonton,5,1,59.4
440,502,1,0,NULL,2022-04-06 12:29:09.6500000,1,2022-04-06 12:29:09.6500000,9999-12-31 23:59:59.0000000,0,0,1540,1540 Silo 2100 Cu Ft,14,NULL,Silo - 2100 (90 T),SILO_2100(90 T),18,67,Edmonton,5,1,59.4
441,503,1,0,NULL,2022-04-06 12:29:09.8830000,1,2022-04-06 12:29:09.8830000,9999-12-31 23:59:59.0000000,0,0,1542,1542 Silo 2100 Cu Ft,14,NULL,Silo - 2100 (90 T),SILO_2100(90 T),18,67,Edmonton,5,1,59.4
442,504,1,0,NULL,2022-04-06 12:29:10.1330000,1,2022-04-06 12:29:10.1330000,9999-12-31 23:59:59.0000000,0,0,1584,1584 Silo 2100 Cu Ft,14,NULL,Silo - 2100 (90 T),SILO_2100(90 T),18,67,Edmonton,5,1,59.4
443,505,1,0,NULL,2022-04-06 12:29:10.3630000,1,2022-04-06 12:29:10.3630000,9999-12-31 23:59:59.0000000,0,0,1585,1585 Silo 2100 Cu Ft,14,NULL,Silo - 2100 (90 T),SILO_2100(90 T),18,67,Edmonton,5,1,59.4
444,506,1,0,NULL,2022-04-06 12:29:10.6000000,1,2022-04-06 12:29:10.6000000,9999-12-31 23:59:59.0000000,0,0,2096,2096 Blend Train,5,NULL,Blend Train,SILO_BLEND TRAIN,9,67,Edmonton,5,1,0
445,507,1,0,NULL,2022-04-06 12:29:10.8470000,1,2022-04-06 12:29:10.8470000,9999-12-31 23:59:59.0000000,0,0,2097,2097 Blend Train,5,NULL,Blend Train,SILO_BLEND TRAIN,9,67,Edmonton,5,1,0
446,508,1,0,NULL,2022-04-06 12:29:11.0770000,1,2022-04-06 12:29:11.0770000,9999-12-31 23:59:59.0000000,0,0,2098,2098 Blend Train,5,NULL,Blend Train,SILO_BLEND TRAIN,9,67,Edmonton,5,1,0
447,509,1,0,NULL,2022-04-06 12:29:11.3070000,1,2022-04-06 12:29:11.3070000,9999-12-31 23:59:59.0000000,0,0,1183,1183 Blend Train,5,NULL,Blend Train,SILO_BLEND TRAIN,9,65,Lac La Biche,3,1,0
448,510,1,0,NULL,2022-04-06 12:29:11.5370000,1,2022-04-06 12:29:11.5370000,9999-12-31 23:59:59.0000000,0,0,1184,1184 Blend Train,5,NULL,Blend Train,SILO_BLEND TRAIN,9,65,Lac La Biche,3,1,0
449,511,1,0,NULL,2022-04-06 12:29:11.8870000,1,2022-04-06 12:29:11.8870000,9999-12-31 23:59:59.0000000,0,0,2143,2143 Blend Train,5,NULL,Blend Train,SILO_BLEND TRAIN,9,66,Fort St. John,4,1,0
450,512,1,0,NULL,2022-04-06 12:29:12.1370000,1,2022-04-06 12:29:12.1370000,9999-12-31 23:59:59.0000000,0,0,2144,2144 Blend Train,5,NULL,Blend Train,SILO_BLEND TRAIN,9,66,Fort St. John,4,1,0
451,513,1,0,NULL,2022-04-06 12:29:12.3770000,1,2022-04-06 12:29:12.3770000,9999-12-31 23:59:59.0000000,0,0,2145,2145 Blend Train,5,NULL,Blend Train,SILO_BLEND TRAIN,9,66,Fort St. John,4,1,0
452,514,1,0,NULL,2022-04-06 12:29:12.6100000,1,2022-04-06 12:29:12.6100000,9999-12-31 23:59:59.0000000,0,0,2146,2146 Blend Train,5,NULL,Blend Train,SILO_BLEND TRAIN,9,72,Estevan,9,1,0
453,515,1,0,NULL,2022-04-06 12:29:12.8430000,1,2022-04-06 12:29:12.8430000,9999-12-31 23:59:59.0000000,0,0,2147,2147 Blend Train,5,NULL,Blend Train,SILO_BLEND TRAIN,9,72,Estevan,9,1,0
454,516,1,0,NULL,2022-04-06 12:29:13.0900000,1,2022-04-06 12:29:13.0900000,9999-12-31 23:59:59.0000000,0,0,2148,2148 Blend Train,5,NULL,Blend Train,SILO_BLEND TRAIN,9,72,Estevan,9,1,0
315,517,5,0,NULL,2022-04-12 13:24:20.1130000,2,2022-04-12 13:24:20.1130000,9999-12-31 23:59:59.0000000,0,0,2039M,2039  Cement Mega Silo,3,NULL,Cement Mega Silo,SILO_MEGA,8,85,Red Deer,11,1,0
455,519,1,0,NULL,2022-10-26 12:03:40.3970000,1,2022-10-26 12:03:40.3970000,9999-12-31 23:59:59.0000000,0,0,2153,2153 Bin - P -Tank,4,NULL,Bin - P -Tank,BIN_PTANK,7,71,Grande Prairie,8,1,30
456,520,1,0,NULL,2022-10-26 12:04:07.5830000,1,2022-10-26 12:04:07.5830000,9999-12-31 23:59:59.0000000,0,0,2154,2154 Bin - P -Tank,4,NULL,Bin - P -Tank,BIN_PTANK,7,71,Grande Prairie,8,1,30
457,521,1,0,NULL,2022-10-26 12:04:27.5000000,1,2022-10-26 12:04:27.5000000,9999-12-31 23:59:59.0000000,0,0,2155,2155 Bin - P -Tank,4,NULL,Bin - P -Tank,BIN_PTANK,7,71,Grande Prairie,8,1,30
458,522,1,0,NULL,2022-10-26 12:04:49.1200000,1,2022-10-26 12:04:49.1200000,9999-12-31 23:59:59.0000000,0,0,2156,2156 Bin - P -Tank,4,NULL,Bin - P -Tank,BIN_PTANK,7,71,Grande Prairie,8,1,30
324,518,2,0,NULL,2022-04-12 14:28:46.5500000,2,2022-04-12 14:28:46.5500000,9999-12-31 23:59:59.0000000,0,0,1826,1826 Bin - P -Tank,4,NULL,Bin - P -Tank,BIN_PTANK,7,70,Swift Current,7,1,0
