"ID","ROOT_ID","PARENT_ID","BLEND_CHEMICAL_ID","AMOUNT","IS_BASE_BLEND","ADDITION_METHOD","ADDITIVE_BLEND_METHOD","UNIT_NAME","UNIT_ABBR","VERSION","LAST_MODIFIED_USER_ID","LAST_MODIFIED_USER_NAME","LAST_MODIFIED_DATE_TIME","LAST_OPERATION_TYPE","EFFECTIVE_START_DATE_TIME","EFFECTIVE_END_DATE_TIME","BLEND_CHEMICAL_NAME"
"1","1","1","1","1000","1","2","1","Percent","%","1","0","","2018/9/28 18:10:49.1900000","1","2017/9/28 18:10:49.1900000","9999/12/31 23:59:59.9970000","Class A"
"2","2","2","2","1000","1","2","1","Percent","%","1","0","","2018/9/28 18:10:49.3170000","1","2017/9/28 18:10:49.3170000","9999/12/31 23:59:59.9970000","Class C"
"3","3","3","3","1000","1","2","1","Percent","%","1","0","","2018/9/28 18:10:49.3300000","1","2017/9/28 18:10:49.3300000","9999/12/31 23:59:59.9970000","Class G"
"4","4","4","78","1000","1","1","1","Percent","%","1","0","","2018/9/28 18:10:49.3470000","1","2017/9/28 18:10:49.3430000","9999/12/31 23:59:59.9970000","0:1:0 'G'"
"5","4","4","41","120","0","1","1","Percent","%","1","0","","2018/9/28 18:10:49.3530000","1","2017/9/28 18:10:49.3530000","9999/12/31 23:59:59.9970000","GSS-1"
"9","76","76","2","641","1","2","1","Percent","%","1","0","","2018/9/28 18:10:54.6570000","1","2017/9/28 18:10:54.6570000","9999/12/31 23:59:59.9970000","Class C"
"10","76","76","35","335","0","2","1","Percent","%","1","0","","2018/9/28 18:10:54.6670000","1","2017/9/28 18:10:54.6670000","9999/12/31 23:59:59.9970000","Flyash"
"11","76","76","69","14","0","2","1","Percent","%","1","0","","2018/9/28 18:10:54.6730000","1","2017/9/28 18:10:54.6730000","9999/12/31 23:59:59.9970000","SCA-6"
"12","76","76","68","10","0","2","1","Percent","%","1","0","","2018/9/28 18:10:54.6800000","1","2017/9/28 18:10:54.6800000","9999/12/31 23:59:59.9970000","SCA-5"
"13","9","9","78","620","1","2","1","Percent","%","1","0","","2018/9/28 18:10:49.5030000","1","2017/9/28 18:10:49.5030000","9999/12/31 23:59:59.9970000","0:1:0 'G'"
"14","9","9","35","380","0","2","1","Percent","%","1","0","","2018/9/28 18:10:49.5100000","1","2017/9/28 18:10:49.5100000","9999/12/31 23:59:59.9970000","Flyash"
"15","11","11","84","1000","1","1","1","Percent","%","1","0","","2018/9/28 18:10:49.6000000","1","2017/9/28 18:10:49.6000000","9999/12/31 23:59:59.9970000","1:1:0 'G'"
"16","11","11","41","120","0","1","1","Percent","%","1","0","","2018/9/28 18:10:49.6070000","1","2017/9/28 18:10:49.6070000","9999/12/31 23:59:59.9970000","GSS-1"
"17","5","5","78","1000","1","1","1","Percent","%","1","0","","2018/9/28 18:10:49.3700000","1","2017/9/28 18:10:49.3700000","9999/12/31 23:59:59.9970000","0:1:0 'G'"
"18","5","5","41","20","0","1","1","Percent","%","1","0","","2018/9/28 18:10:49.3770000","1","2017/9/28 18:10:49.3770000","9999/12/31 23:59:59.9970000","GSS-1"
"19","6","6","78","1000","1","1","1","Percent","%","1","0","","2018/9/28 18:10:49.3900000","1","2017/9/28 18:10:49.3900000","9999/12/31 23:59:59.9970000","0:1:0 'G'"
"20","6","6","41","40","0","1","1","Percent","%","1","0","","2018/9/28 18:10:49.3970000","1","2017/9/28 18:10:49.3970000","9999/12/31 23:59:59.9970000","GSS-1"
"21","7","7","78","1000","1","1","1","Percent","%","1","0","","2018/9/28 18:10:49.4630000","1","2017/9/28 18:10:49.4600000","9999/12/31 23:59:59.9970000","0:1:0 'G'"
"22","7","7","41","60","0","1","1","Percent","%","1","0","","2018/9/28 18:10:49.4700000","1","2017/9/28 18:10:49.4700000","9999/12/31 23:59:59.9970000","GSS-1"
"23","8","8","78","1000","1","1","1","Percent","%","1","0","","2018/9/28 18:10:49.4830000","1","2017/9/28 18:10:49.4830000","9999/12/31 23:59:59.9970000","0:1:0 'G'"
"24","8","8","41","80","0","1","1","Percent","%","1","0","","2018/9/28 18:10:49.4900000","1","2017/9/28 18:10:49.4900000","9999/12/31 23:59:59.9970000","GSS-1"
"25","10","10","78","566","1","2","1","Percent","%","1","0","","2018/9/28 18:10:49.5270000","1","2017/9/28 18:10:49.5270000","9999/12/31 23:59:59.9970000","0:1:0 'G'"
"26","10","10","36","434","0","2","1","Percent","%","1","0","","2018/9/28 18:10:49.5530000","1","2017/9/28 18:10:49.5530000","9999/12/31 23:59:59.9970000","Flyash (Sask)"
"27","12","12","85","1000","1","1","1","Percent","%","1","0","","2018/9/28 18:10:49.6270000","1","2017/9/28 18:10:49.6230000","9999/12/31 23:59:59.9970000","1:1:0 'G' (Sask)"
"28","12","12","41","120","0","1","1","Percent","%","1","0","","2018/9/28 18:10:49.6330000","1","2017/9/28 18:10:49.6330000","9999/12/31 23:59:59.9970000","GSS-1"
"30","13","13","84","1000","1","1","1","Percent","%","1","0","","2018/9/28 18:10:49.6470000","1","2017/9/28 18:10:49.6470000","9999/12/31 23:59:59.9970000","1:1:0 'G'"
"31","13","13","41","20","0","1","1","Percent","%","1","0","","2018/9/28 18:10:49.6530000","1","2017/9/28 18:10:49.6530000","9999/12/31 23:59:59.9970000","GSS-1"
"32","14","14","85","1000","1","1","1","Percent","%","1","0","","2018/9/28 18:10:49.6700000","1","2017/9/28 18:10:49.6700000","9999/12/31 23:59:59.9970000","1:1:0 'G' (Sask)"
"33","14","14","41","20","0","1","1","Percent","%","1","0","","2018/9/28 18:10:49.7170000","1","2017/9/28 18:10:49.7170000","9999/12/31 23:59:59.9970000","GSS-1"
"34","15","15","84","1000","1","1","1","Percent","%","1","0","","2018/9/28 18:10:49.7500000","1","2017/9/28 18:10:49.7500000","9999/12/31 23:59:59.9970000","1:1:0 'G'"
"35","15","15","41","40","0","1","1","Percent","%","1","0","","2018/9/28 18:10:49.7570000","1","2017/9/28 18:10:49.7570000","9999/12/31 23:59:59.9970000","GSS-1"
"36","16","16","85","1000","1","1","1","Percent","%","1","0","","2018/9/28 18:10:49.7730000","1","2017/9/28 18:10:49.7700000","9999/12/31 23:59:59.9970000","1:1:0 'G' (Sask)"
"37","16","16","41","40","0","1","1","Percent","%","1","0","","2018/9/28 18:10:49.7800000","1","2017/9/28 18:10:49.7800000","9999/12/31 23:59:59.9970000","GSS-1"
"38","17","17","84","1000","1","1","1","Percent","%","1","0","","2018/9/28 18:10:49.7900000","1","2017/9/28 18:10:49.7900000","9999/12/31 23:59:59.9970000","1:1:0 'G'"
"39","17","17","41","60","0","1","1","Percent","%","1","0","","2018/9/28 18:10:49.8000000","1","2017/9/28 18:10:49.8000000","9999/12/31 23:59:59.9970000","GSS-1"
"40","18","18","85","1000","1","1","1","Percent","%","1","0","","2018/9/28 18:10:49.8170000","1","2017/9/28 18:10:49.8130000","9999/12/31 23:59:59.9970000","1:1:0 'G' (Sask)"
"41","18","18","41","60","0","1","1","Percent","%","1","0","","2018/9/28 18:10:49.8200000","1","2017/9/28 18:10:49.8200000","9999/12/31 23:59:59.9970000","GSS-1"
"42","19","19","84","1000","1","1","1","Percent","%","1","0","","2018/9/28 18:10:49.8330000","1","2017/9/28 18:10:49.8330000","9999/12/31 23:59:59.9970000","1:1:0 'G'"
"43","19","19","41","80","0","1","1","Percent","%","1","0","","2018/9/28 18:10:49.8430000","1","2017/9/28 18:10:49.8430000","9999/12/31 23:59:59.9970000","GSS-1"
"44","20","20","85","1000","1","1","1","Percent","%","1","0","","2018/9/28 18:10:49.8570000","1","2017/9/28 18:10:49.8570000","9999/12/31 23:59:59.9970000","1:1:0 'G' (Sask)"
"45","20","20","41","80","0","1","1","Percent","%","1","0","","2018/9/28 18:10:49.8630000","1","2017/9/28 18:10:49.8630000","9999/12/31 23:59:59.9970000","GSS-1"
"46","21","21","78","435","1","2","1","Percent","%","1","0","","2018/9/28 18:10:49.8800000","1","2017/9/28 18:10:49.8800000","9999/12/31 23:59:59.9970000","0:1:0 'G'"
"47","21","21","35","565","0","2","1","Percent","%","1","0","","2018/9/28 18:10:49.8870000","1","2017/9/28 18:10:49.8870000","9999/12/31 23:59:59.9970000","Flyash"
"48","22","22","78","392","1","2","1","Percent","%","1","0","","2018/9/28 18:10:49.9000000","1","2017/9/28 18:10:49.9000000","9999/12/31 23:59:59.9970000","0:1:0 'G'"
"49","22","22","36","608","0","2","1","Percent","%","1","0","","2018/9/28 18:10:49.9070000","1","2017/9/28 18:10:49.9070000","9999/12/31 23:59:59.9970000","Flyash (Sask)"
"50","23","23","96","1000","1","1","1","Percent","%","1","0","","2018/9/28 18:10:49.9270000","1","2017/9/28 18:10:49.9270000","9999/12/31 23:59:59.9970000","2:1:0 'G'"
"51","23","23","41","120","0","1","1","Percent","%","1","0","","2018/9/28 18:10:49.9330000","1","2017/9/28 18:10:49.9330000","9999/12/31 23:59:59.9970000","GSS-1"
"52","24","24","97","1000","1","1","1","Percent","%","1","0","","2018/9/28 18:10:49.9470000","1","2017/9/28 18:10:49.9470000","9999/12/31 23:59:59.9970000","2:1:0 'G' (Sask)"
"53","24","24","41","120","0","1","1","Percent","%","1","0","","2018/9/28 18:10:49.9530000","1","2017/9/28 18:10:49.9530000","9999/12/31 23:59:59.9970000","GSS-1"
"54","25","25","96","1000","1","1","1","Percent","%","1","0","","2018/9/28 18:10:49.9670000","1","2017/9/28 18:10:49.9670000","9999/12/31 23:59:59.9970000","2:1:0 'G'"
"55","25","25","41","20","0","1","1","Percent","%","1","0","","2018/9/28 18:10:49.9770000","1","2017/9/28 18:10:49.9770000","9999/12/31 23:59:59.9970000","GSS-1"
"56","26","26","97","1000","1","1","1","Percent","%","1","0","","2018/9/28 18:10:49.9930000","1","2017/9/28 18:10:49.9930000","9999/12/31 23:59:59.9970000","2:1:0 'G' (Sask)"
"57","26","26","41","20","0","1","1","Percent","%","1","0","","2018/9/28 18:10:50.0030000","1","2017/9/28 18:10:50.0030000","9999/12/31 23:59:59.9970000","GSS-1"
"58","27","27","96","1000","1","1","1","Percent","%","1","0","","2018/9/28 18:10:50.0270000","1","2017/9/28 18:10:50.0270000","9999/12/31 23:59:59.9970000","2:1:0 'G'"
"59","27","27","41","40","0","1","1","Percent","%","1","0","","2018/9/28 18:10:50.0330000","1","2017/9/28 18:10:50.0330000","9999/12/31 23:59:59.9970000","GSS-1"
"60","28","28","97","1000","1","1","1","Percent","%","1","0","","2018/9/28 18:10:50.0470000","1","2017/9/28 18:10:50.0470000","9999/12/31 23:59:59.9970000","2:1:0 'G' (Sask)"
"61","28","28","41","40","0","1","1","Percent","%","1","0","","2018/9/28 18:10:50.0530000","1","2017/9/28 18:10:50.0530000","9999/12/31 23:59:59.9970000","GSS-1"
"62","29","29","96","1000","1","1","1","Percent","%","1","0","","2018/9/28 18:10:50.0700000","1","2017/9/28 18:10:50.0700000","9999/12/31 23:59:59.9970000","2:1:0 'G'"
"63","29","29","41","60","0","1","1","Percent","%","1","0","","2018/9/28 18:10:50.0770000","1","2017/9/28 18:10:50.0770000","9999/12/31 23:59:59.9970000","GSS-1"
"64","30","30","97","1000","1","1","1","Percent","%","1","0","","2018/9/28 18:10:50.0900000","1","2017/9/28 18:10:50.0900000","9999/12/31 23:59:59.9970000","2:1:0 'G' (Sask)"
"65","30","30","41","60","0","1","1","Percent","%","1","0","","2018/9/28 18:10:50.1000000","1","2017/9/28 18:10:50.0970000","9999/12/31 23:59:59.9970000","GSS-1"
"66","31","31","96","1000","1","1","1","Percent","%","1","0","","2018/9/28 18:10:50.1130000","1","2017/9/28 18:10:50.1130000","9999/12/31 23:59:59.9970000","2:1:0 'G'"
"67","31","31","41","80","0","1","1","Percent","%","1","0","","2018/9/28 18:10:50.1230000","1","2017/9/28 18:10:50.1230000","9999/12/31 23:59:59.9970000","GSS-1"
"68","32","32","97","1000","1","1","1","Percent","%","1","0","","2018/9/28 18:10:50.1400000","1","2017/9/28 18:10:50.1370000","9999/12/31 23:59:59.9970000","2:1:0 'G' (Sask)"
"69","32","32","41","80","0","1","1","Percent","%","1","0","","2018/9/28 18:10:50.1500000","1","2017/9/28 18:10:50.1500000","9999/12/31 23:59:59.9970000","GSS-1"
"70","33","33","3","500","1","2","1","Percent","%","1","0","","2018/9/28 18:10:50.1870000","1","2017/9/28 18:10:50.1870000","9999/12/31 23:59:59.9970000","Class G"
"71","33","33","53","125","0","2","1","Percent","%","1","0","","2018/9/28 18:10:50.1930000","1","2017/9/28 18:10:50.1930000","9999/12/31 23:59:59.9970000","LCG-2"
"72","33","33","51","375","0","2","1","Percent","%","1","0","","2018/9/28 18:10:50.2030000","1","2017/9/28 18:10:50.2000000","9999/12/31 23:59:59.9970000","LCG-1"
"73","34","34","3","918","1","2","1","Percent","%","1","0","","2018/9/28 18:10:50.2200000","1","2017/9/28 18:10:50.2200000","9999/12/31 23:59:59.9970000","Class G"
"74","34","34","41","18","0","2","1","Percent","%","1","0","","2018/9/28 18:10:50.2270000","1","2017/9/28 18:10:50.2270000","9999/12/31 23:59:59.9970000","GSS-1"
"75","34","34","67","55","0","2","1","Percent","%","1","0","","2018/9/28 18:10:50.2370000","1","2017/9/28 18:10:50.2330000","9999/12/31 23:59:59.9970000","SCA-1"
"76","34","34","32","9","0","2","1","Percent","%","1","0","","2018/9/28 18:10:50.2430000","1","2017/9/28 18:10:50.2430000","9999/12/31 23:59:59.9970000","EA-3"
"77","35","35","3","520","1","2","1","Percent","%","1","0","","2018/9/28 18:10:50.4670000","1","2017/9/28 18:10:50.4630000","9999/12/31 23:59:59.9970000","Class G"
"78","35","35","35","315","0","2","1","Percent","%","1","0","","2018/9/28 18:10:50.4730000","1","2017/9/28 18:10:50.4730000","9999/12/31 23:59:59.9970000","Flyash"
"79","35","35","30","100","0","2","1","Percent","%","1","0","","2018/9/28 18:10:50.4800000","1","2017/9/28 18:10:50.4800000","9999/12/31 23:59:59.9970000","Densified Fume"
"80","35","35","41","21","0","2","1","Percent","%","1","0","","2018/9/28 18:10:50.4870000","1","2017/9/28 18:10:50.4870000","9999/12/31 23:59:59.9970000","GSS-1"
"81","35","35","67","14","0","2","1","Percent","%","1","0","","2018/9/28 18:10:50.4930000","1","2017/9/28 18:10:50.4930000","9999/12/31 23:59:59.9970000","SCA-1"
"82","35","35","31","30","0","2","1","Percent","%","1","0","","2018/9/28 18:10:50.5000000","1","2017/9/28 18:10:50.5000000","9999/12/31 23:59:59.9970000","EA-1"
"83","36","36","3","520","1","2","1","Percent","%","1","0","","2018/9/28 18:10:54.6930000","1","2017/9/28 18:10:54.6930000","9999/12/31 23:59:59.9970000","Class G"
"84","36","36","36","315","0","2","1","Percent","%","1","0","","2018/9/28 18:10:54.7000000","1","2017/9/28 18:10:54.7000000","9999/12/31 23:59:59.9970000","Flyash (Sask)"
"85","36","36","30","100","0","2","1","Percent","%","1","0","","2018/9/28 18:10:54.7070000","1","2017/9/28 18:10:54.7070000","9999/12/31 23:59:59.9970000","Densified Fume"
"86","36","36","41","21","0","2","1","Percent","%","1","0","","2018/9/28 18:10:54.7170000","1","2017/9/28 18:10:54.7130000","9999/12/31 23:59:59.9970000","GSS-1"
"87","36","36","67","14","0","2","1","Percent","%","1","0","","2018/9/28 18:10:54.7200000","1","2017/9/28 18:10:54.7200000","9999/12/31 23:59:59.9970000","SCA-1"
"88","36","36","31","30","0","2","1","Percent","%","1","0","","2018/9/28 18:10:54.7270000","1","2017/9/28 18:10:54.7270000","9999/12/31 23:59:59.9970000","EA-1"
"89","37","37","3","530","1","2","1","Percent","%","1","0","","2018/9/28 18:10:50.5170000","1","2017/9/28 18:10:50.5170000","9999/12/31 23:59:59.9970000","Class G"
"90","37","37","35","325","0","2","1","Percent","%","1","0","","2018/9/28 18:10:50.5230000","1","2017/9/28 18:10:50.5230000","9999/12/31 23:59:59.9970000","Flyash"
"91","37","37","30","100","0","2","1","Percent","%","1","0","","2018/9/28 18:10:50.5300000","1","2017/9/28 18:10:50.5300000","9999/12/31 23:59:59.9970000","Densified Fume"
"92","37","37","41","21","0","2","1","Percent","%","1","0","","2018/9/28 18:10:50.5370000","1","2017/9/28 18:10:50.5370000","9999/12/31 23:59:59.9970000","GSS-1"
"93","37","37","67","14","0","2","1","Percent","%","1","0","","2018/9/28 18:10:50.5430000","1","2017/9/28 18:10:50.5430000","9999/12/31 23:59:59.9970000","SCA-1"
"94","37","37","32","10","0","2","1","Percent","%","1","0","","2018/9/28 18:10:50.5530000","1","2017/9/28 18:10:50.5530000","9999/12/31 23:59:59.9970000","EA-3"
"95","38","38","3","530","1","2","1","Percent","%","1","0","","2018/9/28 18:10:54.7430000","1","2017/9/28 18:10:54.7400000","9999/12/31 23:59:59.9970000","Class G"
"96","38","38","36","325","0","2","1","Percent","%","1","0","","2018/9/28 18:10:54.7470000","1","2017/9/28 18:10:54.7470000","9999/12/31 23:59:59.9970000","Flyash (Sask)"
"97","38","38","30","100","0","2","1","Percent","%","1","0","","2018/9/28 18:10:54.7570000","1","2017/9/28 18:10:54.7570000","9999/12/31 23:59:59.9970000","Densified Fume"
"98","38","38","41","21","0","2","1","Percent","%","1","0","","2018/9/28 18:10:54.7630000","1","2017/9/28 18:10:54.7630000","9999/12/31 23:59:59.9970000","GSS-1"
"99","38","38","67","14","0","2","1","Percent","%","1","0","","2018/9/28 18:10:54.7700000","1","2017/9/28 18:10:54.7700000","9999/12/31 23:59:59.9970000","SCA-1"
"100","38","38","32","10","0","2","1","Percent","%","1","0","","2018/9/28 18:10:54.7800000","1","2017/9/28 18:10:54.7800000","9999/12/31 23:59:59.9970000","EA-3"
"101","39","39","3","593","1","2","1","Percent","%","1","0","","2018/9/28 18:10:50.2630000","1","2017/9/28 18:10:50.2600000","9999/12/31 23:59:59.9970000","Class G"
"102","39","39","35","327","0","2","1","Percent","%","1","0","","2018/9/28 18:10:50.2670000","1","2017/9/28 18:10:50.2670000","9999/12/31 23:59:59.9970000","Flyash"
"103","39","39","30","30","0","2","1","Percent","%","1","0","","2018/9/28 18:10:50.2800000","1","2017/9/28 18:10:50.2800000","9999/12/31 23:59:59.9970000","Densified Fume"
"104","39","39","27","5","0","2","1","Percent","%","1","0","","2018/9/28 18:10:50.2970000","1","2017/9/28 18:10:50.2970000","9999/12/31 23:59:59.9970000","CFR-2"
"105","39","39","20","5","0","2","1","Percent","%","1","0","","2018/9/28 18:10:50.3070000","1","2017/9/28 18:10:50.3030000","9999/12/31 23:59:59.9970000","CFL-3"
"106","39","39","31","40","0","2","1","Percent","%","1","0","","2018/9/28 18:10:50.3200000","1","2017/9/28 18:10:50.3170000","9999/12/31 23:59:59.9970000","EA-1"
"107","40","40","3","593","1","2","1","Percent","%","1","0","","2018/9/28 18:10:50.3370000","1","2017/9/28 18:10:50.3370000","9999/12/31 23:59:59.9970000","Class G"
"108","40","40","36","327","0","2","1","Percent","%","1","0","","2018/9/28 18:10:50.3600000","1","2017/9/28 18:10:50.3570000","9999/12/31 23:59:59.9970000","Flyash (Sask)"
"109","40","40","30","30","0","2","1","Percent","%","1","0","","2018/9/28 18:10:50.3770000","1","2017/9/28 18:10:50.3770000","9999/12/31 23:59:59.9970000","Densified Fume"
"110","40","40","27","5","0","2","1","Percent","%","1","0","","2018/9/28 18:10:50.3830000","1","2017/9/28 18:10:50.3830000","9999/12/31 23:59:59.9970000","CFR-2"
"111","40","40","20","5","0","2","1","Percent","%","1","0","","2018/9/28 18:10:50.3900000","1","2017/9/28 18:10:50.3900000","9999/12/31 23:59:59.9970000","CFL-3"
"112","40","40","31","40","0","2","1","Percent","%","1","0","","2018/9/28 18:10:50.3970000","1","2017/9/28 18:10:50.3970000","9999/12/31 23:59:59.9970000","EA-1"
"113","41","41","3","915.5","1","2","1","Percent","%","1","0","","2018/9/28 18:10:50.4170000","1","2017/9/28 18:10:50.4170000","9999/12/31 23:59:59.9970000","Class G"
"114","41","41","41","18","0","2","1","Percent","%","1","0","","2018/9/28 18:10:50.4230000","1","2017/9/28 18:10:50.4230000","9999/12/31 23:59:59.9970000","GSS-1"
"115","41","41","67","55","0","2","1","Percent","%","1","0","","2018/9/28 18:10:50.4300000","1","2017/9/28 18:10:50.4300000","9999/12/31 23:59:59.9970000","SCA-1"
"116","41","41","20","2.5","0","2","1","Percent","%","1","0","","2018/9/28 18:10:50.4370000","1","2017/9/28 18:10:50.4370000","9999/12/31 23:59:59.9970000","CFL-3"
"117","41","41","32","9","0","2","1","Percent","%","1","0","","2018/9/28 18:10:50.4430000","1","2017/9/28 18:10:50.4430000","9999/12/31 23:59:59.9970000","EA-3"
"118","42","42","3","369","1","2","1","Percent","%","1","0","","2018/9/28 18:10:50.5700000","1","2017/9/28 18:10:50.5700000","9999/12/31 23:59:59.9970000","Class G"
"119","42","42","67","582","0","2","1","Percent","%","1","0","","2018/9/28 18:10:50.5770000","1","2017/9/28 18:10:50.5770000","9999/12/31 23:59:59.9970000","SCA-1"
"120","42","42","26","5","0","2","1","Percent","%","1","0","","2018/9/28 18:10:50.5830000","1","2017/9/28 18:10:50.5830000","9999/12/31 23:59:59.9970000","CFR"
"121","42","42","58","1","0","2","1","Percent","%","1","0","","2018/9/28 18:10:50.6030000","1","2017/9/28 18:10:50.6030000","9999/12/31 23:59:59.9970000","LTR-3"
"122","42","42","62","43","0","2","1","Percent","%","1","0","","2018/9/28 18:10:50.6100000","1","2017/9/28 18:10:50.6100000","9999/12/31 23:59:59.9970000","NaCl"
"123","43","43","4","979","1","2","1","Percent","%","1","0","","2018/9/28 18:10:50.6270000","1","2017/9/28 18:10:50.6270000","9999/12/31 23:59:59.9970000","Intercem"
"124","43","43","67","10","0","2","1","Percent","%","1","0","","2018/9/28 18:10:50.6630000","1","2017/9/28 18:10:50.6630000","9999/12/31 23:59:59.9970000","SCA-1"
"125","43","43","28","1","0","2","1","Percent","%","1","0","","2018/9/28 18:10:50.6700000","1","2017/9/28 18:10:50.6700000","9999/12/31 23:59:59.9970000","CFR-5"
"126","43","43","20","3","0","2","1","Percent","%","1","0","","2018/9/28 18:10:50.6770000","1","2017/9/28 18:10:50.6770000","9999/12/31 23:59:59.9970000","CFL-3"
"127","43","43","32","7","0","2","1","Percent","%","1","0","","2018/9/28 18:10:50.6830000","1","2017/9/28 18:10:50.6830000","9999/12/31 23:59:59.9970000","EA-3"
"128","44","44","4","758","1","2","1","Percent","%","1","0","","2018/9/28 18:10:50.7000000","1","2017/9/28 18:10:50.6970000","9999/12/31 23:59:59.9970000","Intercem"
"129","44","44","36","197.5","0","2","1","Percent","%","1","0","","2018/9/28 18:10:50.7070000","1","2017/9/28 18:10:50.7070000","9999/12/31 23:59:59.9970000","Flyash (Sask)"
"130","44","44","41","11","0","2","1","Percent","%","1","0","","2018/9/28 18:10:50.7130000","1","2017/9/28 18:10:50.7130000","9999/12/31 23:59:59.9970000","GSS-1"
"131","44","44","67","11","0","2","1","Percent","%","1","0","","2018/9/28 18:10:50.7200000","1","2017/9/28 18:10:50.7170000","9999/12/31 23:59:59.9970000","SCA-1"
"132","44","44","71","22.5","0","2","1","Percent","%","1","0","","2018/9/28 18:10:50.7300000","1","2017/9/28 18:10:50.7300000","9999/12/31 23:59:59.9970000","SG1500 AP1"
"133","45","45","4","727.5","1","2","1","Percent","%","1","0","","2018/9/28 18:10:50.7430000","1","2017/9/28 18:10:50.7430000","9999/12/31 23:59:59.9970000","Intercem"
"134","45","45","35","218","0","2","1","Percent","%","1","0","","2018/9/28 18:10:50.7500000","1","2017/9/28 18:10:50.7500000","9999/12/31 23:59:59.9970000","Flyash"
"135","45","45","41","8","0","2","1","Percent","%","1","0","","2018/9/28 18:10:50.7600000","1","2017/9/28 18:10:50.7600000","9999/12/31 23:59:59.9970000","GSS-1"
"136","45","45","20","3","0","2","1","Percent","%","1","0","","2018/9/28 18:10:50.7770000","1","2017/9/28 18:10:50.7770000","9999/12/31 23:59:59.9970000","CFL-3"
"137","45","45","69","14.5","0","2","1","Percent","%","1","0","","2018/9/28 18:10:50.7900000","1","2017/9/28 18:10:50.7900000","9999/12/31 23:59:59.9970000","SCA-6"
"138","45","45","68","29","0","2","1","Percent","%","1","0","","2018/9/28 18:10:50.7970000","1","2017/9/28 18:10:50.7970000","9999/12/31 23:59:59.9970000","SCA-5"
"139","46","46","4","760","1","2","1","Percent","%","1","0","","2018/9/28 18:10:50.8130000","1","2017/9/28 18:10:50.8130000","9999/12/31 23:59:59.9970000","Intercem"
"140","46","46","35","225","0","2","1","Percent","%","1","0","","2018/9/28 18:10:50.8330000","1","2017/9/28 18:10:50.8330000","9999/12/31 23:59:59.9970000","Flyash"
"141","46","46","67","10","0","2","1","Percent","%","1","0","","2018/9/28 18:10:50.8400000","1","2017/9/28 18:10:50.8400000","9999/12/31 23:59:59.9970000","SCA-1"
"142","46","46","28","1","0","2","1","Percent","%","1","0","","2018/9/28 18:10:50.8470000","1","2017/9/28 18:10:50.8430000","9999/12/31 23:59:59.9970000","CFR-5"
"143","46","46","20","4","0","2","1","Percent","%","1","0","","2018/9/28 18:10:50.8500000","1","2017/9/28 18:10:50.8500000","9999/12/31 23:59:59.9970000","CFL-3"
"144","47","47","4","760","1","2","1","Percent","%","1","0","","2018/9/28 18:10:50.8730000","1","2017/9/28 18:10:50.8730000","9999/12/31 23:59:59.9970000","Intercem"
"145","47","47","36","225","0","2","1","Percent","%","1","0","","2018/9/28 18:10:50.8800000","1","2017/9/28 18:10:50.8800000","9999/12/31 23:59:59.9970000","Flyash (Sask)"
"146","47","47","67","10","0","2","1","Percent","%","1","0","","2018/9/28 18:10:50.8900000","1","2017/9/28 18:10:50.8900000","9999/12/31 23:59:59.9970000","SCA-1"
"147","47","47","28","1","0","2","1","Percent","%","1","0","","2018/9/28 18:10:50.8970000","1","2017/9/28 18:10:50.8970000","9999/12/31 23:59:59.9970000","CFR-5"
"148","47","47","20","4","0","2","1","Percent","%","1","0","","2018/9/28 18:10:50.9070000","1","2017/9/28 18:10:50.9070000","9999/12/31 23:59:59.9970000","CFL-3"
"149","48","48","3","673","1","2","1","Percent","%","1","0","","2018/9/28 18:10:51.0000000","1","2017/9/28 18:10:51.0000000","9999/12/31 23:59:59.9970000","Class G"
"150","48","48","36","200","0","2","1","Percent","%","1","0","","2018/9/28 18:10:51.0300000","1","2017/9/28 18:10:51.0300000","9999/12/31 23:59:59.9970000","Flyash (Sask)"
"151","48","48","41","27","0","2","1","Percent","%","1","0","","2018/9/28 18:10:51.0370000","1","2017/9/28 18:10:51.0370000","9999/12/31 23:59:59.9970000","GSS-1"
"152","48","48","18","100","0","2","1","Percent","%","1","0","","2018/9/28 18:10:51.0500000","1","2017/9/28 18:10:51.0500000","9999/12/31 23:59:59.9970000","CDM-C"
"153","49","49","3","865","1","2","1","Percent","%","1","0","","2018/9/28 18:10:51.0630000","1","2017/9/28 18:10:51.0630000","9999/12/31 23:59:59.9970000","Class G"
"154","49","49","41","17","0","2","1","Percent","%","1","0","","2018/9/28 18:10:51.0700000","1","2017/9/28 18:10:51.0670000","9999/12/31 23:59:59.9970000","GSS-1"
"155","49","49","67","80","0","2","1","Percent","%","1","0","","2018/9/28 18:10:51.0770000","1","2017/9/28 18:10:51.0770000","9999/12/31 23:59:59.9970000","SCA-1"
"156","49","49","8","29","0","2","1","Percent","%","1","0","","2018/9/28 18:10:51.0830000","1","2017/9/28 18:10:51.0800000","9999/12/31 23:59:59.9970000","CaCl2"
"157","49","49","32","9","0","2","1","Percent","%","1","0","","2018/9/28 18:10:51.0870000","1","2017/9/28 18:10:51.0870000","9999/12/31 23:59:59.9970000","EA-3"
"158","50","50","4","553","1","2","1","Percent","%","1","0","","2018/9/28 18:10:51.1000000","1","2017/9/28 18:10:51.1000000","9999/12/31 23:59:59.9970000","Intercem"
"159","50","50","35","276","0","2","1","Percent","%","1","0","","2018/9/28 18:10:51.1070000","1","2017/9/28 18:10:51.1070000","9999/12/31 23:59:59.9970000","Flyash"
"160","50","50","30","56","0","2","1","Percent","%","1","0","","2018/9/28 18:10:51.1130000","1","2017/9/28 18:10:51.1130000","9999/12/31 23:59:59.9970000","Densified Fume"
"161","50","50","41","17","0","2","1","Percent","%","1","0","","2018/9/28 18:10:51.1200000","1","2017/9/28 18:10:51.1200000","9999/12/31 23:59:59.9970000","GSS-1"
"162","50","50","67","41","0","2","1","Percent","%","1","0","","2018/9/28 18:10:51.1270000","1","2017/9/28 18:10:51.1270000","9999/12/31 23:59:59.9970000","SCA-1"
"163","50","50","69","19","0","2","1","Percent","%","1","0","","2018/9/28 18:10:51.1330000","1","2017/9/28 18:10:51.1330000","9999/12/31 23:59:59.9970000","SCA-6"
"164","50","50","70","19","0","2","1","Percent","%","1","0","","2018/9/28 18:10:51.1400000","1","2017/9/28 18:10:51.1400000","9999/12/31 23:59:59.9970000","SCA-7"
"165","50","50","68","19","0","2","1","Percent","%","1","0","","2018/9/28 18:10:51.1500000","1","2017/9/28 18:10:51.1500000","9999/12/31 23:59:59.9970000","SCA-5"
"166","51","51","4","553","1","2","1","Percent","%","1","0","","2018/9/28 18:10:51.1630000","1","2017/9/28 18:10:51.1630000","9999/12/31 23:59:59.9970000","Intercem"
"167","51","51","36","276","0","2","1","Percent","%","1","0","","2018/9/28 18:10:51.1700000","1","2017/9/28 18:10:51.1700000","9999/12/31 23:59:59.9970000","Flyash (Sask)"
"168","51","51","30","56","0","2","1","Percent","%","1","0","","2018/9/28 18:10:51.1770000","1","2017/9/28 18:10:51.1770000","9999/12/31 23:59:59.9970000","Densified Fume"
"169","51","51","41","17","0","2","1","Percent","%","1","0","","2018/9/28 18:10:51.1870000","1","2017/9/28 18:10:51.1870000","9999/12/31 23:59:59.9970000","GSS-1"
"170","51","51","67","41","0","2","1","Percent","%","1","0","","2018/9/28 18:10:51.1930000","1","2017/9/28 18:10:51.1930000","9999/12/31 23:59:59.9970000","SCA-1"
"171","51","51","69","19","0","2","1","Percent","%","1","0","","2018/9/28 18:10:51.2000000","1","2017/9/28 18:10:51.2000000","9999/12/31 23:59:59.9970000","SCA-6"
"172","51","51","70","19","0","2","1","Percent","%","1","0","","2018/9/28 18:10:51.2070000","1","2017/9/28 18:10:51.2030000","9999/12/31 23:59:59.9970000","SCA-7"
"173","51","51","68","19","0","2","1","Percent","%","1","0","","2018/9/28 18:10:51.2100000","1","2017/9/28 18:10:51.2100000","9999/12/31 23:59:59.9970000","SCA-5"
"174","52","52","4","596","1","2","1","Percent","%","1","0","","2018/9/28 18:10:51.2270000","1","2017/9/28 18:10:51.2270000","9999/12/31 23:59:59.9970000","Intercem"
"175","52","52","35","298","0","2","1","Percent","%","1","0","","2018/9/28 18:10:51.2370000","1","2017/9/28 18:10:51.2370000","9999/12/31 23:59:59.9970000","Flyash"
"176","52","52","30","30","0","2","1","Percent","%","1","0","","2018/9/28 18:10:51.2400000","1","2017/9/28 18:10:51.2400000","9999/12/31 23:59:59.9970000","Densified Fume"
"177","52","52","41","17","0","2","1","Percent","%","1","0","","2018/9/28 18:10:51.2500000","1","2017/9/28 18:10:51.2500000","9999/12/31 23:59:59.9970000","GSS-1"
"178","52","52","67","29","0","2","1","Percent","%","1","0","","2018/9/28 18:10:51.2570000","1","2017/9/28 18:10:51.2570000","9999/12/31 23:59:59.9970000","SCA-1"
"179","52","52","69","10","0","2","1","Percent","%","1","0","","2018/9/28 18:10:51.2630000","1","2017/9/28 18:10:51.2630000","9999/12/31 23:59:59.9970000","SCA-6"
"180","52","52","70","10","0","2","1","Percent","%","1","0","","2018/9/28 18:10:51.2700000","1","2017/9/28 18:10:51.2700000","9999/12/31 23:59:59.9970000","SCA-7"
"181","52","52","68","10","0","2","1","Percent","%","1","0","","2018/9/28 18:10:51.2830000","1","2017/9/28 18:10:51.2830000","9999/12/31 23:59:59.9970000","SCA-5"
"182","53","53","4","596","1","2","1","Percent","%","1","0","","2018/9/28 18:10:51.3100000","1","2017/9/28 18:10:51.3100000","9999/12/31 23:59:59.9970000","Intercem"
"183","53","53","36","298","0","2","1","Percent","%","1","0","","2018/9/28 18:10:51.3170000","1","2017/9/28 18:10:51.3170000","9999/12/31 23:59:59.9970000","Flyash (Sask)"
"184","53","53","30","30","0","2","1","Percent","%","1","0","","2018/9/28 18:10:51.3230000","1","2017/9/28 18:10:51.3230000","9999/12/31 23:59:59.9970000","Densified Fume"
"185","53","53","41","17","0","2","1","Percent","%","1","0","","2018/9/28 18:10:51.3300000","1","2017/9/28 18:10:51.3300000","9999/12/31 23:59:59.9970000","GSS-1"
"186","53","53","67","29","0","2","1","Percent","%","1","0","","2018/9/28 18:10:51.3430000","1","2017/9/28 18:10:51.3430000","9999/12/31 23:59:59.9970000","SCA-1"
"187","53","53","69","10","0","2","1","Percent","%","1","0","","2018/9/28 18:10:51.3700000","1","2017/9/28 18:10:51.3700000","9999/12/31 23:59:59.9970000","SCA-6"
"188","53","53","70","10","0","2","1","Percent","%","1","0","","2018/9/28 18:10:51.3770000","1","2017/9/28 18:10:51.3770000","9999/12/31 23:59:59.9970000","SCA-7"
"189","53","53","68","10","0","2","1","Percent","%","1","0","","2018/9/28 18:10:51.3870000","1","2017/9/28 18:10:51.3830000","9999/12/31 23:59:59.9970000","SCA-5"
"190","54","54","3","1000","1","2","1","Percent","%","1","0","","2018/9/28 18:10:51.3970000","1","2017/9/28 18:10:51.3970000","9999/12/31 23:59:59.9970000","Class G"
"191","55","55","2","634.5","1","2","1","Percent","%","1","0","","2018/9/28 18:10:51.4170000","1","2017/9/28 18:10:51.4170000","9999/12/31 23:59:59.9970000","Class C"
"192","55","55","35","317","0","2","1","Percent","%","1","0","","2018/9/28 18:10:51.4230000","1","2017/9/28 18:10:51.4230000","9999/12/31 23:59:59.9970000","Flyash"
"193","55","55","41","7","0","2","1","Percent","%","1","0","","2018/9/28 18:10:51.4300000","1","2017/9/28 18:10:51.4300000","9999/12/31 23:59:59.9970000","GSS-1"
"194","55","55","20","2.5","0","2","1","Percent","%","1","0","","2018/9/28 18:10:51.4370000","1","2017/9/28 18:10:51.4370000","9999/12/31 23:59:59.9970000","CFL-3"
"195","55","55","69","14","0","2","1","Percent","%","1","0","","2018/9/28 18:10:51.4430000","1","2017/9/28 18:10:51.4400000","9999/12/31 23:59:59.9970000","SCA-6"
"196","55","55","68","25","0","2","1","Percent","%","1","0","","2018/9/28 18:10:51.4470000","1","2017/9/28 18:10:51.4470000","9999/12/31 23:59:59.9970000","SCA-5"
"197","56","56","4","713","1","2","1","Percent","%","1","0","","2018/9/28 18:10:51.4630000","1","2017/9/28 18:10:51.4630000","9999/12/31 23:59:59.9970000","Intercem"
"198","56","56","35","213","0","2","1","Percent","%","1","0","","2018/9/28 18:10:51.4700000","1","2017/9/28 18:10:51.4700000","9999/12/31 23:59:59.9970000","Flyash"
"199","56","56","41","8","0","2","1","Percent","%","1","0","","2018/9/28 18:10:51.4770000","1","2017/9/28 18:10:51.4770000","9999/12/31 23:59:59.9970000","GSS-1"
"200","56","56","67","15","0","2","1","Percent","%","1","0","","2018/9/28 18:10:51.4830000","1","2017/9/28 18:10:51.4800000","9999/12/31 23:59:59.9970000","SCA-1"
"201","56","56","27","2.5","0","2","1","Percent","%","1","0","","2018/9/28 18:10:51.4870000","1","2017/9/28 18:10:51.4870000","9999/12/31 23:59:59.9970000","CFR-2"
"202","56","56","20","5","0","2","1","Percent","%","1","0","","2018/9/28 18:10:51.4930000","1","2017/9/28 18:10:51.4930000","9999/12/31 23:59:59.9970000","CFL-3"
"203","56","56","68","28.5","0","2","1","Percent","%","1","0","","2018/9/28 18:10:51.5000000","1","2017/9/28 18:10:51.5000000","9999/12/31 23:59:59.9970000","SCA-5"
"204","56","56","32","15","0","2","1","Percent","%","1","0","","2018/9/28 18:10:51.5070000","1","2017/9/28 18:10:51.5070000","9999/12/31 23:59:59.9970000","EA-3"
"205","57","57","4","713","1","2","1","Percent","%","1","0","","2018/9/28 18:10:51.5230000","1","2017/9/28 18:10:51.5230000","9999/12/31 23:59:59.9970000","Intercem"
"206","57","57","36","213","0","2","1","Percent","%","1","0","","2018/9/28 18:10:51.5300000","1","2017/9/28 18:10:51.5300000","9999/12/31 23:59:59.9970000","Flyash (Sask)"
"207","57","57","41","8","0","2","1","Percent","%","1","0","","2018/9/28 18:10:51.5370000","1","2017/9/28 18:10:51.5370000","9999/12/31 23:59:59.9970000","GSS-1"
"208","57","57","67","15","0","2","1","Percent","%","1","0","","2018/9/28 18:10:51.5430000","1","2017/9/28 18:10:51.5430000","9999/12/31 23:59:59.9970000","SCA-1"
"209","57","57","27","2.5","0","2","1","Percent","%","1","0","","2018/9/28 18:10:51.5500000","1","2017/9/28 18:10:51.5500000","9999/12/31 23:59:59.9970000","CFR-2"
"210","57","57","20","5","0","2","1","Percent","%","1","0","","2018/9/28 18:10:51.5570000","1","2017/9/28 18:10:51.5570000","9999/12/31 23:59:59.9970000","CFL-3"
"211","57","57","68","28.5","0","2","1","Percent","%","1","0","","2018/9/28 18:10:51.5630000","1","2017/9/28 18:10:51.5630000","9999/12/31 23:59:59.9970000","SCA-5"
"212","57","57","32","15","0","2","1","Percent","%","1","0","","2018/9/28 18:10:51.5700000","1","2017/9/28 18:10:51.5700000","9999/12/31 23:59:59.9970000","EA-3"
"213","58","58","2","930","1","2","1","Percent","%","1","0","","2018/9/28 18:10:51.5870000","1","2017/9/28 18:10:51.5830000","9999/12/31 23:59:59.9970000","Class C"
"214","58","58","67","56","0","2","1","Percent","%","1","0","","2018/9/28 18:10:51.5930000","1","2017/9/28 18:10:51.5930000","9999/12/31 23:59:59.9970000","SCA-1"
"215","58","58","20","5","0","2","1","Percent","%","1","0","","2018/9/28 18:10:51.6000000","1","2017/9/28 18:10:51.6000000","9999/12/31 23:59:59.9970000","CFL-3"
"216","58","58","32","9","0","2","1","Percent","%","1","0","","2018/9/28 18:10:51.6070000","1","2017/9/28 18:10:51.6070000","9999/12/31 23:59:59.9970000","EA-3"
"217","59","59","2","578","1","2","1","Percent","%","1","0","","2018/9/28 18:10:51.6200000","1","2017/9/28 18:10:51.6200000","9999/12/31 23:59:59.9970000","Class C"
"218","59","59","35","422","0","2","1","Percent","%","1","0","","2018/9/28 18:10:51.6270000","1","2017/9/28 18:10:51.6270000","9999/12/31 23:59:59.9970000","Flyash"
"219","60","60","2","578","1","2","1","Percent","%","1","0","","2018/9/28 18:10:51.6430000","1","2017/9/28 18:10:51.6430000","9999/12/31 23:59:59.9970000","Class C"
"220","60","60","36","422","0","2","1","Percent","%","1","0","","2018/9/28 18:10:51.6500000","1","2017/9/28 18:10:51.6500000","9999/12/31 23:59:59.9970000","Flyash (Sask)"
"221","61","61","2","641","1","2","1","Percent","%","1","0","","2018/9/28 18:10:51.6630000","1","2017/9/28 18:10:51.6630000","9999/12/31 23:59:59.9970000","Class C"
"222","61","61","35","320","0","2","1","Percent","%","1","0","","2018/9/28 18:10:51.6730000","1","2017/9/28 18:10:51.6730000","9999/12/31 23:59:59.9970000","Flyash"
"223","61","61","69","14","0","2","1","Percent","%","1","0","","2018/9/28 18:10:51.6800000","1","2017/9/28 18:10:51.6800000","9999/12/31 23:59:59.9970000","SCA-6"
"224","61","61","68","25","0","2","1","Percent","%","1","0","","2018/9/28 18:10:51.6870000","1","2017/9/28 18:10:51.6870000","9999/12/31 23:59:59.9970000","SCA-5"
"225","62","62","2","641","1","2","1","Percent","%","1","0","","2018/9/28 18:10:51.7000000","1","2017/9/28 18:10:51.7000000","9999/12/31 23:59:59.9970000","Class C"
"226","62","62","36","320","0","2","1","Percent","%","1","0","","2018/9/28 18:10:51.7070000","1","2017/9/28 18:10:51.7070000","9999/12/31 23:59:59.9970000","Flyash (Sask)"
"227","62","62","69","14","0","2","1","Percent","%","1","0","","2018/9/28 18:10:51.7170000","1","2017/9/28 18:10:51.7170000","9999/12/31 23:59:59.9970000","SCA-6"
"228","62","62","68","25","0","2","1","Percent","%","1","0","","2018/9/28 18:10:51.7230000","1","2017/9/28 18:10:51.7230000","9999/12/31 23:59:59.9970000","SCA-5"
"229","63","63","3","569","1","2","1","Percent","%","1","0","","2018/9/28 18:10:51.7370000","1","2017/9/28 18:10:51.7370000","9999/12/31 23:59:59.9970000","Class G"
"230","63","63","35","285","0","2","1","Percent","%","1","0","","2018/9/28 18:10:51.7430000","1","2017/9/28 18:10:51.7430000","9999/12/31 23:59:59.9970000","Flyash"
"231","63","63","30","103","0","2","1","Percent","%","1","0","","2018/9/28 18:10:51.7500000","1","2017/9/28 18:10:51.7500000","9999/12/31 23:59:59.9970000","Densified Fume"
"232","63","63","41","20","0","2","1","Percent","%","1","0","","2018/9/28 18:10:51.7570000","1","2017/9/28 18:10:51.7570000","9999/12/31 23:59:59.9970000","GSS-1"
"233","63","63","67","15","0","2","1","Percent","%","1","0","","2018/9/28 18:10:51.7630000","1","2017/9/28 18:10:51.7630000","9999/12/31 23:59:59.9970000","SCA-1"
"234","63","63","20","5","0","2","1","Percent","%","1","0","","2018/9/28 18:10:51.7830000","1","2017/9/28 18:10:51.7830000","9999/12/31 23:59:59.9970000","CFL-3"
"235","63","63","69","3","0","2","1","Percent","%","1","0","","2018/9/28 18:10:51.7970000","1","2017/9/28 18:10:51.7970000","9999/12/31 23:59:59.9970000","SCA-6"
"236","64","64","4","769","1","2","1","Percent","%","1","0","","2018/9/28 18:10:51.8170000","1","2017/9/28 18:10:51.8130000","9999/12/31 23:59:59.9970000","Intercem"
"237","64","64","72","231","0","2","1","Percent","%","1","0","","2018/9/28 18:10:51.8400000","1","2017/9/28 18:10:51.8400000","9999/12/31 23:59:59.9970000","Silica Flour - 200 Mesh"
"238","65","65","4","730","1","2","1","Percent","%","1","0","","2018/9/28 18:10:51.9230000","1","2017/9/28 18:10:51.9230000","9999/12/31 23:59:59.9970000","Intercem"
"239","65","65","72","219","0","2","1","Percent","%","1","0","","2018/9/28 18:10:51.9300000","1","2017/9/28 18:10:51.9300000","9999/12/31 23:59:59.9970000","Silica Flour - 200 Mesh"
"240","65","65","67","44","0","2","1","Percent","%","1","0","","2018/9/28 18:10:51.9370000","1","2017/9/28 18:10:51.9370000","9999/12/31 23:59:59.9970000","SCA-1"
"241","65","65","32","7","0","2","1","Percent","%","1","0","","2018/9/28 18:10:51.9430000","1","2017/9/28 18:10:51.9430000","9999/12/31 23:59:59.9970000","EA-3"
"242","66","66","4","747","1","2","1","Percent","%","1","0","","2018/9/28 18:10:51.9570000","1","2017/9/28 18:10:51.9570000","9999/12/31 23:59:59.9970000","Intercem"
"243","66","66","72","224","0","2","1","Percent","%","1","0","","2018/9/28 18:10:51.9670000","1","2017/9/28 18:10:51.9670000","9999/12/31 23:59:59.9970000","Silica Flour - 200 Mesh"
"244","66","66","67","22","0","2","1","Percent","%","1","0","","2018/9/28 18:10:51.9730000","1","2017/9/28 18:10:51.9730000","9999/12/31 23:59:59.9970000","SCA-1"
"245","66","66","32","7","0","2","1","Percent","%","1","0","","2018/9/28 18:10:51.9800000","1","2017/9/28 18:10:51.9800000","9999/12/31 23:59:59.9970000","EA-3"
"246","67","67","3","200","1","2","1","Percent","%","1","0","","2018/9/28 18:10:51.9930000","1","2017/9/28 18:10:51.9930000","9999/12/31 23:59:59.9970000","Class G"
"247","67","67","67","800","0","2","1","Percent","%","1","0","","2018/9/28 18:10:52.0000000","1","2017/9/28 18:10:52.0000000","9999/12/31 23:59:59.9970000","SCA-1"
"248","68","68","76","1000","1","2","1","Percent","%","1","0","","2018/9/28 18:10:52.0170000","1","2017/9/28 18:10:52.0170000","9999/12/31 23:59:59.9970000","Sanseal"
"249","69","69","38","200","1","2","1","Percent","%","1","0","","2018/9/28 18:10:52.0330000","1","2017/9/28 18:10:52.0330000","9999/12/31 23:59:59.9970000","FWC-2"
"250","69","69","61","800","0","2","1","Percent","%","1","0","","2018/9/28 18:10:52.0400000","1","2017/9/28 18:10:52.0400000","9999/12/31 23:59:59.9970000","Micromix"
"251","70","70","4","1000","1","2","1","Percent","%","1","0","","2018/9/28 18:10:52.0570000","1","2017/9/28 18:10:52.0570000","9999/12/31 23:59:59.9970000","Intercem"
"252","71","71","2","533","1","2","1","Percent","%","1","0","","2018/9/28 18:10:52.0770000","1","2017/9/28 18:10:52.0770000","9999/12/31 23:59:59.9970000","Class C"
"253","71","71","35","327","0","2","1","Percent","%","1","0","","2018/9/28 18:10:52.0830000","1","2017/9/28 18:10:52.0830000","9999/12/31 23:59:59.9970000","Flyash"
"254","71","71","41","17","0","2","1","Percent","%","1","0","","2018/9/28 18:10:52.0900000","1","2017/9/28 18:10:52.0900000","9999/12/31 23:59:59.9970000","GSS-1"
"255","71","71","16","123","0","2","1","Percent","%","1","0","","2018/9/28 18:10:52.0970000","1","2017/9/28 18:10:52.0970000","9999/12/31 23:59:59.9970000","CDM-6B"
"256","72","72","2","559","1","2","1","Percent","%","1","0","","2018/9/28 18:10:52.1130000","1","2017/9/28 18:10:52.1130000","9999/12/31 23:59:59.9970000","Class C"
"257","72","72","36","343","0","2","1","Percent","%","1","0","","2018/9/28 18:10:52.1230000","1","2017/9/28 18:10:52.1200000","9999/12/31 23:59:59.9970000","Flyash (Sask)"
"258","72","72","41","18","0","2","1","Percent","%","1","0","","2018/9/28 18:10:52.1270000","1","2017/9/28 18:10:52.1270000","9999/12/31 23:59:59.9970000","GSS-1"
"259","72","72","14","80","0","2","1","Percent","%","1","0","","2018/9/28 18:10:52.1330000","1","2017/9/28 18:10:52.1330000","9999/12/31 23:59:59.9970000","CDM-5"
"260","73","73","3","484","1","2","1","Percent","%","1","0","","2018/9/28 18:10:52.1500000","1","2017/9/28 18:10:52.1500000","9999/12/31 23:59:59.9970000","Class G"
"261","73","73","35","240","0","2","1","Percent","%","1","0","","2018/9/28 18:10:52.1570000","1","2017/9/28 18:10:52.1570000","9999/12/31 23:59:59.9970000","Flyash"
"262","73","73","30","60","0","2","1","Percent","%","1","0","","2018/9/28 18:10:52.1670000","1","2017/9/28 18:10:52.1670000","9999/12/31 23:59:59.9970000","Densified Fume"
"263","73","73","41","10","0","2","1","Percent","%","1","0","","2018/9/28 18:10:52.1730000","1","2017/9/28 18:10:52.1730000","9999/12/31 23:59:59.9970000","GSS-1"
"264","73","73","16","206","0","2","1","Percent","%","1","0","","2018/9/28 18:10:52.1800000","1","2017/9/28 18:10:52.1800000","9999/12/31 23:59:59.9970000","CDM-6B"
"265","74","74","2","520","1","2","1","Percent","%","1","0","","2018/9/28 18:10:52.2030000","1","2017/9/28 18:10:52.2030000","9999/12/31 23:59:59.9970000","Class C"
"266","74","74","35","175","0","2","1","Percent","%","1","0","","2018/9/28 18:10:52.2170000","1","2017/9/28 18:10:52.2170000","9999/12/31 23:59:59.9970000","Flyash"
"267","74","74","30","75","0","2","1","Percent","%","1","0","","2018/9/28 18:10:52.2230000","1","2017/9/28 18:10:52.2200000","9999/12/31 23:59:59.9970000","Densified Fume"
"268","74","74","16","230","0","2","1","Percent","%","1","0","","2018/9/28 18:10:52.2300000","1","2017/9/28 18:10:52.2300000","9999/12/31 23:59:59.9970000","CDM-6B"
"269","75","75","4","714","1","2","1","Percent","%","1","0","","2018/9/28 18:10:52.2500000","1","2017/9/28 18:10:52.2500000","9999/12/31 23:59:59.9970000","Intercem"
"270","75","75","36","214","0","2","1","Percent","%","1","0","","2018/9/28 18:10:52.2570000","1","2017/9/28 18:10:52.2570000","9999/12/31 23:59:59.9970000","Flyash (Sask)"
"271","75","75","41","8","0","2","1","Percent","%","1","0","","2018/9/28 18:10:52.2630000","1","2017/9/28 18:10:52.2630000","9999/12/31 23:59:59.9970000","GSS-1"
"272","75","75","67","15","0","2","1","Percent","%","1","0","","2018/9/28 18:10:52.2700000","1","2017/9/28 18:10:52.2700000","9999/12/31 23:59:59.9970000","SCA-1"
"273","75","75","27","5","0","2","1","Percent","%","1","0","","2018/9/28 18:10:52.2800000","1","2017/9/28 18:10:52.2800000","9999/12/31 23:59:59.9970000","CFR-2"
"274","75","75","68","29","0","2","1","Percent","%","1","0","","2018/9/28 18:10:52.2870000","1","2017/9/28 18:10:52.2870000","9999/12/31 23:59:59.9970000","SCA-5"
"275","75","75","32","15","0","2","1","Percent","%","1","0","","2018/9/28 18:10:52.3030000","1","2017/9/28 18:10:52.3030000","9999/12/31 23:59:59.9970000","EA-3"
"276","77","77","2","641","1","2","1","Percent","%","1","0","","2018/9/28 18:10:52.3600000","1","2017/9/28 18:10:52.3600000","9999/12/31 23:59:59.9970000","Class C"
"277","77","77","35","320","0","2","1","Percent","%","1","0","","2018/9/28 18:10:52.3670000","1","2017/9/28 18:10:52.3670000","9999/12/31 23:59:59.9970000","Flyash"
"278","77","77","69","14","0","2","1","Percent","%","1","0","","2018/9/28 18:10:52.3730000","1","2017/9/28 18:10:52.3730000","9999/12/31 23:59:59.9970000","SCA-6"
"279","77","77","68","25","0","2","1","Percent","%","1","0","","2018/9/28 18:10:52.3830000","1","2017/9/28 18:10:52.3830000","9999/12/31 23:59:59.9970000","SCA-5"
"280","78","78","2","996","1","2","1","Percent","%","1","0","","2018/9/28 18:10:52.4000000","1","2017/9/28 18:10:52.4000000","9999/12/31 23:59:59.9970000","Class C"
"281","78","78","32","4","0","2","1","Percent","%","1","0","","2018/9/28 18:10:52.4070000","1","2017/9/28 18:10:52.4030000","9999/12/31 23:59:59.9970000","EA-3"
"282","79","79","2","761","1","2","1","Percent","%","1","0","","2018/9/28 18:10:52.4200000","1","2017/9/28 18:10:52.4200000","9999/12/31 23:59:59.9970000","Class C"
"283","79","79","273","231","0","2","1","Percent","%","1","0","","2018/9/28 18:10:52.4300000","1","2017/9/28 18:10:52.4300000","9999/12/31 23:59:59.9970000","ECOmix"
"284","79","79","32","8","0","2","1","Percent","%","1","0","","2018/9/28 18:10:52.4370000","1","2017/9/28 18:10:52.4370000","9999/12/31 23:59:59.9970000","EA-3"
"285","80","80","2","858","1","2","1","Percent","%","1","0","","2018/9/28 18:10:52.4530000","1","2017/9/28 18:10:52.4530000","9999/12/31 23:59:59.9970000","Class C"
"286","80","80","12","142","0","2","1","Percent","%","1","0","","2018/9/28 18:10:52.4600000","1","2017/9/28 18:10:52.4600000","9999/12/31 23:59:59.9970000","CDM-2"
"287","81","81","3","649","1","2","1","Percent","%","1","0","","2018/9/28 18:10:52.4730000","1","2017/9/28 18:10:52.4730000","9999/12/31 23:59:59.9970000","Class G"
"288","81","81","36","325","0","2","1","Percent","%","1","0","","2018/9/28 18:10:52.4800000","1","2017/9/28 18:10:52.4800000","9999/12/31 23:59:59.9970000","Flyash (Sask)"
"289","81","81","67","26","0","2","1","Percent","%","1","0","","2018/9/28 18:10:52.4870000","1","2017/9/28 18:10:52.4870000","9999/12/31 23:59:59.9970000","SCA-1"
"290","82","82","3","714","1","2","1","Percent","%","1","0","","2018/9/28 18:10:52.5030000","1","2017/9/28 18:10:52.5030000","9999/12/31 23:59:59.9970000","Class G"
"291","82","82","72","286","0","2","1","Percent","%","1","0","","2018/9/28 18:10:52.5100000","1","2017/9/28 18:10:52.5100000","9999/12/31 23:59:59.9970000","Silica Flour - 200 Mesh"
"292","83","83","3","680","1","2","1","Percent","%","1","0","","2018/9/28 18:10:52.5270000","1","2017/9/28 18:10:52.5270000","9999/12/31 23:59:59.9970000","Class G"
"293","83","83","72","273","0","2","1","Percent","%","1","0","","2018/9/28 18:10:52.5330000","1","2017/9/28 18:10:52.5330000","9999/12/31 23:59:59.9970000","Silica Flour - 200 Mesh"
"294","83","83","67","38","0","2","1","Percent","%","1","0","","2018/9/28 18:10:52.5400000","1","2017/9/28 18:10:52.5400000","9999/12/31 23:59:59.9970000","SCA-1"
"295","83","83","32","9","0","2","1","Percent","%","1","0","","2018/9/28 18:10:52.5470000","1","2017/9/28 18:10:52.5470000","9999/12/31 23:59:59.9970000","EA-3"
"296","84","84","3","433","1","2","1","Percent","%","1","0","","2018/9/28 18:10:52.5600000","1","2017/9/28 18:10:52.5600000","9999/12/31 23:59:59.9970000","Class G"
"297","84","84","35","264","0","2","1","Percent","%","1","0","","2018/9/28 18:10:52.5700000","1","2017/9/28 18:10:52.5700000","9999/12/31 23:59:59.9970000","Flyash"
"298","84","84","72","303","0","2","1","Percent","%","1","0","","2018/9/28 18:10:52.5770000","1","2017/9/28 18:10:52.5770000","9999/12/31 23:59:59.9970000","Silica Flour - 200 Mesh"
"299","85","85","1","350","1","2","1","Percent","%","1","0","","2018/9/28 18:10:52.5900000","1","2017/9/28 18:10:52.5900000","9999/12/31 23:59:59.9970000","Class A"
"300","85","85","72","125","0","2","1","Percent","%","1","0","","2018/9/28 18:10:52.5970000","1","2017/9/28 18:10:52.5970000","9999/12/31 23:59:59.9970000","Silica Flour - 200 Mesh"
"301","85","85","67","525","0","2","1","Percent","%","1","0","","2018/9/28 18:10:52.6030000","1","2017/9/28 18:10:52.6030000","9999/12/31 23:59:59.9970000","SCA-1"
"302","87","87","3","586","1","2","1","Percent","%","1","0","","2018/9/28 18:10:52.6170000","1","2017/9/28 18:10:52.6170000","9999/12/31 23:59:59.9970000","Class G"
"303","87","87","35","294","0","2","1","Percent","%","1","0","","2018/9/28 18:10:52.6270000","1","2017/9/28 18:10:52.6230000","9999/12/31 23:59:59.9970000","Flyash"
"304","87","87","41","12","0","2","1","Percent","%","1","0","","2018/9/28 18:10:52.6300000","1","2017/9/28 18:10:52.6300000","9999/12/31 23:59:59.9970000","GSS-1"
"305","87","87","67","24","0","2","1","Percent","%","1","0","","2018/9/28 18:10:52.6400000","1","2017/9/28 18:10:52.6400000","9999/12/31 23:59:59.9970000","SCA-1"
"306","87","87","20","8","0","2","1","Percent","%","1","0","","2018/9/28 18:10:52.6470000","1","2017/9/28 18:10:52.6470000","9999/12/31 23:59:59.9970000","CFL-3"
"307","87","87","69","3","0","2","1","Percent","%","1","0","","2018/9/28 18:10:52.6530000","1","2017/9/28 18:10:52.6530000","9999/12/31 23:59:59.9970000","SCA-6"
"308","87","87","38","73","0","2","1","Percent","%","1","0","","2018/9/28 18:10:52.6600000","1","2017/9/28 18:10:52.6600000","9999/12/31 23:59:59.9970000","FWC-2"
"309","88","88","3","586","1","2","1","Percent","%","1","0","","2018/9/28 18:10:52.6730000","1","2017/9/28 18:10:52.6730000","9999/12/31 23:59:59.9970000","Class G"
"310","88","88","36","294","0","2","1","Percent","%","1","0","","2018/9/28 18:10:52.6800000","1","2017/9/28 18:10:52.6800000","9999/12/31 23:59:59.9970000","Flyash (Sask)"
"311","88","88","41","12","0","2","1","Percent","%","1","0","","2018/9/28 18:10:52.6870000","1","2017/9/28 18:10:52.6870000","9999/12/31 23:59:59.9970000","GSS-1"
"312","88","88","67","24","0","2","1","Percent","%","1","0","","2018/9/28 18:10:52.6970000","1","2017/9/28 18:10:52.6970000","9999/12/31 23:59:59.9970000","SCA-1"
"313","88","88","20","8","0","2","1","Percent","%","1","0","","2018/9/28 18:10:52.7030000","1","2017/9/28 18:10:52.7030000","9999/12/31 23:59:59.9970000","CFL-3"
"314","88","88","69","3","0","2","1","Percent","%","1","0","","2018/9/28 18:10:52.7100000","1","2017/9/28 18:10:52.7100000","9999/12/31 23:59:59.9970000","SCA-6"
"315","88","88","38","73","0","2","1","Percent","%","1","0","","2018/9/28 18:10:52.7170000","1","2017/9/28 18:10:52.7170000","9999/12/31 23:59:59.9970000","FWC-2"
"316","89","89","2","491","1","2","1","Percent","%","1","0","","2018/9/28 18:10:52.7330000","1","2017/9/28 18:10:52.7330000","9999/12/31 23:59:59.9970000","Class C"
"317","89","89","35","147","0","2","1","Percent","%","1","0","","2018/9/28 18:10:52.7400000","1","2017/9/28 18:10:52.7400000","9999/12/31 23:59:59.9970000","Flyash"
"318","89","89","273","327.5","0","2","1","Percent","%","1","0","","2018/9/28 18:10:52.7430000","1","2017/9/28 18:10:52.7430000","9999/12/31 23:59:59.9970000","ECOmix"
"319","89","89","69","12","0","2","1","Percent","%","1","0","","2018/9/28 18:10:52.7570000","1","2017/9/28 18:10:52.7530000","9999/12/31 23:59:59.9970000","SCA-6"
"320","89","89","68","21","0","2","1","Percent","%","1","0","","2018/9/28 18:10:52.7730000","1","2017/9/28 18:10:52.7730000","9999/12/31 23:59:59.9970000","SCA-5"
"321","90","90","35","69","1","2","1","Percent","%","1","0","","2018/9/28 18:10:52.8300000","1","2017/9/28 18:10:52.8300000","9999/12/31 23:59:59.9970000","Flyash"
"322","90","90","12","138","0","2","1","Percent","%","1","0","","2018/9/28 18:10:52.8370000","1","2017/9/28 18:10:52.8370000","9999/12/31 23:59:59.9970000","CDM-2"
"323","90","90","38","103","0","2","1","Percent","%","1","0","","2018/9/28 18:10:52.8430000","1","2017/9/28 18:10:52.8430000","9999/12/31 23:59:59.9970000","FWC-2"
"324","90","90","29","690","0","2","1","Percent","%","1","0","","2018/9/28 18:10:52.8500000","1","2017/9/28 18:10:52.8500000","9999/12/31 23:59:59.9970000","Ciment Fondue"
"325","91","91","2","552","1","2","1","Percent","%","1","0","","2018/9/28 18:10:52.8630000","1","2017/9/28 18:10:52.8630000","9999/12/31 23:59:59.9970000","Class C"
"326","91","91","30","238","0","2","1","Percent","%","1","0","","2018/9/28 18:10:52.8700000","1","2017/9/28 18:10:52.8670000","9999/12/31 23:59:59.9970000","Densified Fume"
"327","91","91","16","210","0","2","1","Percent","%","1","0","","2018/9/28 18:10:52.8770000","1","2017/9/28 18:10:52.8770000","9999/12/31 23:59:59.9970000","CDM-6B"
"328","92","92","151","1000","1","1","1","Percent","%","1","0","","2018/9/28 18:10:52.8900000","1","2017/9/28 18:10:52.8900000","9999/12/31 23:59:59.9970000","SURFACEmix LW PRO"
"329","93","93","257","1000","1","1","1","Percent","%","1","0","","2018/9/28 18:10:52.9330000","1","2017/9/28 18:10:52.9300000","9999/12/31 23:59:59.9970000","0:1:0 'A'"
"330","94","94","77","1000","1","1","1","Percent","%","1","0","","2018/9/28 18:10:52.9470000","1","2017/9/28 18:10:52.9470000","9999/12/31 23:59:59.9970000","0:1:0 'C'"
"331","95","95","78","1000","1","1","1","Percent","%","1","0","","2018/9/28 18:10:52.9600000","1","2017/9/28 18:10:52.9600000","9999/12/31 23:59:59.9970000","0:1:0 'G'"
"332","96","96","79","1000","1","1","1","Percent","%","1","0","","2018/9/28 18:10:52.9770000","1","2017/9/28 18:10:52.9770000","9999/12/31 23:59:59.9970000","0:1:12 'G'"
"333","97","97","80","1000","1","1","1","Percent","%","1","0","","2018/9/28 18:10:52.9900000","1","2017/9/28 18:10:52.9900000","9999/12/31 23:59:59.9970000","0:1:2 'G'"
"334","98","98","81","1000","1","1","1","Percent","%","1","0","","2018/9/28 18:10:53.0030000","1","2017/9/28 18:10:53.0030000","9999/12/31 23:59:59.9970000","0:1:4 'G'"
"335","99","99","82","1000","1","1","1","Percent","%","1","0","","2018/9/28 18:10:53.0200000","1","2017/9/28 18:10:53.0200000","9999/12/31 23:59:59.9970000","0:1:6 'G'"
"336","100","100","83","1000","1","1","1","Percent","%","1","0","","2018/9/28 18:10:53.0370000","1","2017/9/28 18:10:53.0370000","9999/12/31 23:59:59.9970000","0:1:8 'G'"
"337","101","101","84","1000","1","1","1","Percent","%","1","0","","2018/9/28 18:10:53.0570000","1","2017/9/28 18:10:53.0570000","9999/12/31 23:59:59.9970000","1:1:0 'G'"
"338","102","102","86","1000","1","1","1","Percent","%","1","0","","2018/9/28 18:10:53.1400000","1","2017/9/28 18:10:53.1400000","9999/12/31 23:59:59.9970000","1:1:12 'G'"
"339","103","103","88","1000","1","1","1","Percent","%","1","0","","2018/9/28 18:10:53.2200000","1","2017/9/28 18:10:53.2200000","9999/12/31 23:59:59.9970000","1:1:2 'G'"
"340","104","104","90","1000","1","1","1","Percent","%","1","0","","2018/9/28 18:10:53.2370000","1","2017/9/28 18:10:53.2330000","9999/12/31 23:59:59.9970000","1:1:4 'G'"
"341","105","105","92","1000","1","1","1","Percent","%","1","0","","2018/9/28 18:10:53.2500000","1","2017/9/28 18:10:53.2500000","9999/12/31 23:59:59.9970000","1:1:6 'G'"
"342","106","106","94","1000","1","1","1","Percent","%","1","0","","2018/9/28 18:10:53.2730000","1","2017/9/28 18:10:53.2730000","9999/12/31 23:59:59.9970000","1:1:8 'G'"
"343","107","107","96","1000","1","1","1","Percent","%","1","0","","2018/9/28 18:10:53.2930000","1","2017/9/28 18:10:53.2930000","9999/12/31 23:59:59.9970000","2:1:0 'G'"
"344","108","108","98","1000","1","1","1","Percent","%","1","0","","2018/9/28 18:10:53.3100000","1","2017/9/28 18:10:53.3100000","9999/12/31 23:59:59.9970000","2:1:12 'G'"
"345","109","109","100","1000","1","1","1","Percent","%","1","0","","2018/9/28 18:10:53.3700000","1","2017/9/28 18:10:53.3700000","9999/12/31 23:59:59.9970000","2:1:2 'G'"
"346","110","110","102","1000","1","1","1","Percent","%","1","0","","2018/9/28 18:10:53.4500000","1","2017/9/28 18:10:53.4500000","9999/12/31 23:59:59.9970000","2:1:4 'G'"
"347","111","111","104","1000","1","1","1","Percent","%","1","0","","2018/9/28 18:10:53.4630000","1","2017/9/28 18:10:53.4630000","9999/12/31 23:59:59.9970000","2:1:6 'G'"
"348","112","112","106","1000","1","1","1","Percent","%","1","0","","2018/9/28 18:10:53.4770000","1","2017/9/28 18:10:53.4770000","9999/12/31 23:59:59.9970000","2:1:8 'G'"
"349","113","113","85","1000","1","1","1","Percent","%","1","0","","2018/9/28 18:10:53.5030000","1","2017/9/28 18:10:53.5000000","9999/12/31 23:59:59.9970000","1:1:0 'G' (Sask)"
"350","114","114","87","1000","1","1","1","Percent","%","1","0","","2018/9/28 18:10:53.5170000","1","2017/9/28 18:10:53.5170000","9999/12/31 23:59:59.9970000","1:1:12 'G' (Sask)"
"351","115","115","89","1000","1","1","1","Percent","%","1","0","","2018/9/28 18:10:53.5300000","1","2017/9/28 18:10:53.5300000","9999/12/31 23:59:59.9970000","1:1:2 'G' (Sask)"
"352","116","116","91","1000","1","1","1","Percent","%","1","0","","2018/9/28 18:10:53.5430000","1","2017/9/28 18:10:53.5430000","9999/12/31 23:59:59.9970000","1:1:4 'G' (Sask)"
"353","117","117","93","1000","1","1","1","Percent","%","1","0","","2018/9/28 18:10:53.5570000","1","2017/9/28 18:10:53.5570000","9999/12/31 23:59:59.9970000","1:1:6 'G' (Sask)"
"354","118","118","95","1000","1","1","1","Percent","%","1","0","","2018/9/28 18:10:53.5730000","1","2017/9/28 18:10:53.5730000","9999/12/31 23:59:59.9970000","1:1:8 'G' (Sask)"
"355","119","119","97","1000","1","1","1","Percent","%","1","0","","2018/9/28 18:10:53.5870000","1","2017/9/28 18:10:53.5870000","9999/12/31 23:59:59.9970000","2:1:0 'G' (Sask)"
"356","120","120","99","1000","1","1","1","Percent","%","1","0","","2018/9/28 18:10:53.6030000","1","2017/9/28 18:10:53.6030000","9999/12/31 23:59:59.9970000","2:1:12 'G' (Sask)"
"357","121","121","101","1000","1","1","1","Percent","%","1","0","","2018/9/28 18:10:53.6170000","1","2017/9/28 18:10:53.6170000","9999/12/31 23:59:59.9970000","2:1:2 'G' (Sask)"
"358","122","122","103","1000","1","1","1","Percent","%","1","0","","2018/9/28 18:10:53.6330000","1","2017/9/28 18:10:53.6330000","9999/12/31 23:59:59.9970000","2:1:4 'G' (Sask)"
"359","123","123","105","1000","1","1","1","Percent","%","1","0","","2018/9/28 18:10:53.6470000","1","2017/9/28 18:10:53.6470000","9999/12/31 23:59:59.9970000","2:1:6 'G' (Sask)"
"360","124","124","107","1000","1","1","1","Percent","%","1","0","","2018/9/28 18:10:53.6670000","1","2017/9/28 18:10:53.6630000","9999/12/31 23:59:59.9970000","2:1:8 'G' (Sask)"
"361","125","125","109","1000","1","1","1","Percent","%","1","0","","2018/9/28 18:10:53.6800000","1","2017/9/28 18:10:53.6800000","9999/12/31 23:59:59.9970000","Expandomix"
"362","126","126","110","1000","1","1","1","Percent","%","1","0","","2018/9/28 18:10:53.6930000","1","2017/9/28 18:10:53.6930000","9999/12/31 23:59:59.9970000","EXPANDOmix PRO HT"
"363","127","127","112","1000","1","1","1","Percent","%","1","0","","2018/9/28 18:10:53.7070000","1","2017/9/28 18:10:53.7070000","9999/12/31 23:59:59.9970000","EXPANDOmix PRO LT"
"364","128","128","114","1000","1","1","1","Percent","%","1","0","","2018/9/28 18:10:53.7230000","1","2017/9/28 18:10:53.7230000","9999/12/31 23:59:59.9970000","Expandomix HT"
"365","129","129","116","1000","1","1","1","Percent","%","1","0","","2018/9/28 18:10:53.7400000","1","2017/9/28 18:10:53.7400000","9999/12/31 23:59:59.9970000","Expandomix LWL"
"366","130","130","111","1000","1","1","1","Percent","%","1","0","","2018/9/28 18:10:53.7600000","1","2017/9/28 18:10:53.7600000","9999/12/31 23:59:59.9970000","EXPANDOmix PRO HT (Sask)"
"367","131","131","113","1000","1","1","1","Percent","%","1","0","","2018/9/28 18:10:53.8130000","1","2017/9/28 18:10:53.8130000","9999/12/31 23:59:59.9970000","EXPANDOmix PRO LT (Sask)"
"368","132","132","115","1000","1","1","1","Percent","%","1","0","","2018/9/28 18:10:53.8500000","1","2017/9/28 18:10:53.8500000","9999/12/31 23:59:59.9970000","Expandomix HT (SK)"
"369","133","133","117","1000","1","1","1","Percent","%","1","0","","2018/9/28 18:10:53.8670000","1","2017/9/28 18:10:53.8670000","9999/12/31 23:59:59.9970000","Glacial Mix"
"370","134","134","118","1000","1","1","1","Percent","%","1","0","","2018/9/28 18:10:53.8830000","1","2017/9/28 18:10:53.8830000","9999/12/31 23:59:59.9970000","iBond"
"371","135","135","108","1000","1","1","1","Percent","%","1","0","","2018/9/28 18:10:53.8970000","1","2017/9/28 18:10:53.8970000","9999/12/31 23:59:59.9970000","ASC IV"
"372","136","136","119","1000","1","1","1","Percent","%","1","0","","2018/9/28 18:10:53.9130000","1","2017/9/28 18:10:53.9130000","9999/12/31 23:59:59.9970000","iGain (SK)"
"373","137","137","120","1000","1","1","1","Percent","%","1","0","","2018/9/28 18:10:53.9270000","1","2017/9/28 18:10:53.9270000","9999/12/31 23:59:59.9970000","iGain (AB)"
"374","138","138","121","1000","1","1","1","Percent","%","1","0","","2018/9/28 18:10:53.9400000","1","2017/9/28 18:10:53.9400000","9999/12/31 23:59:59.9970000","iPrime (AB)"
"375","139","139","122","1000","1","1","1","Percent","%","1","0","","2018/9/28 18:10:53.9530000","1","2017/9/28 18:10:53.9530000","9999/12/31 23:59:59.9970000","iPrime (SK)"
"376","140","140","123","1000","1","1","1","Percent","%","1","0","","2018/9/28 18:10:53.9700000","1","2017/9/28 18:10:53.9700000","9999/12/31 23:59:59.9970000","LCS 1600"
"377","141","141","124","1000","1","1","1","Percent","%","1","0","","2018/9/28 18:10:53.9830000","1","2017/9/28 18:10:53.9830000","9999/12/31 23:59:59.9970000","LCS 1820"
"378","142","142","125","1000","1","1","1","Percent","%","1","0","","2018/9/28 18:10:53.9930000","1","2017/9/28 18:10:53.9930000","9999/12/31 23:59:59.9970000","LITEmix 1325 (AB)"
"379","143","143","126","1000","1","1","1","Percent","%","1","0","","2018/9/28 18:10:54.0070000","1","2017/9/28 18:10:54.0070000","9999/12/31 23:59:59.9970000","LITEmix 1325 (SK)"
"380","144","144","127","1000","1","1","1","Percent","%","1","0","","2018/9/28 18:10:54.0230000","1","2017/9/28 18:10:54.0230000","9999/12/31 23:59:59.9970000","LITEmix 1400 (AB)"
"381","145","145","128","1000","1","1","1","Percent","%","1","0","","2018/9/28 18:10:54.0400000","1","2017/9/28 18:10:54.0400000","9999/12/31 23:59:59.9970000","LITEmix 1400 (SK)"
"382","146","146","129","1000","1","1","1","Percent","%","1","0","","2018/9/28 18:10:54.0530000","1","2017/9/28 18:10:54.0530000","9999/12/31 23:59:59.9970000","LITEmix EC"
"383","147","147","130","1000","1","1","1","Percent","%","1","0","","2018/9/28 18:10:54.0700000","1","2017/9/28 18:10:54.0700000","9999/12/31 23:59:59.9970000","PRODUCTIONmix 1500 PRO "
"384","148","148","131","1000","1","1","1","Percent","%","1","0","","2018/9/28 18:10:54.0870000","1","2017/9/28 18:10:54.0830000","9999/12/31 23:59:59.9970000","PRODUCTIONmix 1600"
"385","149","149","132","1000","1","1","1","Percent","%","1","0","","2018/9/28 18:10:54.1030000","1","2017/9/28 18:10:54.1000000","9999/12/31 23:59:59.9970000","PRODUCTIONmix 1600 (SK)"
"386","150","150","133","1000","1","1","1","Percent","%","1","0","","2018/9/28 18:10:54.1170000","1","2017/9/28 18:10:54.1170000","9999/12/31 23:59:59.9970000","PRODUCTIONmix 1725"
"387","151","151","134","1000","1","1","1","Percent","%","1","0","","2018/9/28 18:10:54.1300000","1","2017/9/28 18:10:54.1300000","9999/12/31 23:59:59.9970000","PRODUCTIONmix EC"
"388","152","152","135","1000","1","1","1","Percent","%","1","0","","2018/9/28 18:10:54.1470000","1","2017/9/28 18:10:54.1470000","9999/12/31 23:59:59.9970000","PRODUCTIONmix EC (Sask)"
"389","153","153","136","1000","1","1","1","Percent","%","1","0","","2018/9/28 18:10:54.1630000","1","2017/9/28 18:10:54.1630000","9999/12/31 23:59:59.9970000","PRODUCTIONmix LW"
"390","154","154","137","1000","1","1","1","Percent","%","1","0","","2018/9/28 18:10:54.1800000","1","2017/9/28 18:10:54.1770000","9999/12/31 23:59:59.9970000","PRODUCTIONmix LW (Sask)"
"391","155","155","138","1000","1","1","1","Percent","%","1","0","","2018/9/28 18:10:54.1930000","1","2017/9/28 18:10:54.1930000","9999/12/31 23:59:59.9970000","PRODUCTIONmix THX "
"392","156","156","139","1000","1","1","1","Percent","%","1","0","","2018/9/28 18:10:54.2100000","1","2017/9/28 18:10:54.2100000","9999/12/31 23:59:59.9970000","Proteus Core"
"393","157","157","140","1000","1","1","1","Percent","%","1","0","","2018/9/28 18:10:54.2370000","1","2017/9/28 18:10:54.2370000","9999/12/31 23:59:59.9970000","Proteus LCS"
"394","158","158","141","1000","1","1","1","Percent","%","1","0","","2018/9/28 18:10:54.2600000","1","2017/9/28 18:10:54.2570000","9999/12/31 23:59:59.9970000","Proteus Pro"
"395","159","159","142","1000","1","1","1","Percent","%","1","0","","2018/9/28 18:10:54.2730000","1","2017/9/28 18:10:54.2730000","9999/12/31 23:59:59.9970000","RAS II"
"396","160","160","76","1000","1","1","1","Percent","%","1","0","","2018/9/28 18:10:54.2870000","1","2017/9/28 18:10:54.2870000","9999/12/31 23:59:59.9970000","Sanseal"
"397","161","161","144","1000","1","1","1","Percent","%","1","0","","2018/9/28 18:10:54.3030000","1","2017/9/28 18:10:54.3030000","9999/12/31 23:59:59.9970000","SanSeal HT"
"398","162","162","145","1000","1","1","1","Percent","%","1","0","","2018/9/28 18:10:54.3170000","1","2017/9/28 18:10:54.3170000","9999/12/31 23:59:59.9970000","SSi"
"399","163","163","146","1000","1","1","1","Percent","%","1","0","","2018/9/28 18:10:54.3330000","1","2017/9/28 18:10:54.3330000","9999/12/31 23:59:59.9970000","Superlite 13"
"400","164","164","147","1000","1","1","1","Percent","%","1","0","","2018/9/28 18:10:54.3700000","1","2017/9/28 18:10:54.3670000","9999/12/31 23:59:59.9970000","Superlite 13 (CDM-5)"
"401","165","165","148","1000","1","1","1","Percent","%","1","0","","2018/9/28 18:10:54.3900000","1","2017/9/28 18:10:54.3900000","9999/12/31 23:59:59.9970000","SUPERLITEmix PRO HT "
"402","166","166","149","1000","1","1","1","Percent","%","1","0","","2018/9/28 18:10:54.4030000","1","2017/9/28 18:10:54.4030000","9999/12/31 23:59:59.9970000","SUPERLITEmix PRO "
"403","167","167","150","1000","1","1","1","Percent","%","1","0","","2018/9/28 18:10:54.4330000","1","2017/9/28 18:10:54.4300000","9999/12/31 23:59:59.9970000","SURFACEmix LW (SK) "
"404","168","168","152","1000","1","1","1","Percent","%","1","0","","2018/9/28 18:10:54.4500000","1","2017/9/28 18:10:54.4500000","9999/12/31 23:59:59.9970000","SURFACEmix LW PRO (SK) "
"405","169","169","153","1000","1","1","1","Percent","%","1","0","","2018/9/28 18:10:54.4630000","1","2017/9/28 18:10:54.4630000","9999/12/31 23:59:59.9970000","SURFACEmix PRO"
"406","170","170","154","1000","1","1","1","Percent","%","1","0","","2018/9/28 18:10:54.4770000","1","2017/9/28 18:10:54.4770000","9999/12/31 23:59:59.9970000","SURFACEmix PRO SL"
"407","171","171","155","1000","1","1","1","Percent","%","1","0","","2018/9/28 18:10:54.4930000","1","2017/9/28 18:10:54.4900000","9999/12/31 23:59:59.9970000","SURFACEmix SLW"
"408","172","172","156","1000","1","1","1","Percent","%","1","0","","2018/9/28 18:10:54.5070000","1","2017/9/28 18:10:54.5070000","9999/12/31 23:59:59.9970000","SurfLite (SK) "
"409","173","173","157","1000","1","1","1","Percent","%","1","0","","2018/9/28 18:10:54.5200000","1","2017/9/28 18:10:54.5200000","9999/12/31 23:59:59.9970000","Thermal 40"
"410","174","174","158","1000","1","1","1","Percent","%","1","0","","2018/9/28 18:10:54.5370000","1","2017/9/28 18:10:54.5370000","9999/12/31 23:59:59.9970000","Thermal 40 EXP"
"411","175","175","159","1000","1","1","1","Percent","%","1","0","","2018/9/28 18:10:54.5570000","1","2017/9/28 18:10:54.5570000","9999/12/31 23:59:59.9970000","THERMAmix EC"
"412","176","176","160","1000","1","1","1","Percent","%","1","0","","2018/9/28 18:10:54.5700000","1","2017/9/28 18:10:54.5700000","9999/12/31 23:59:59.9970000","THERMAmix LT"
"414","178","178","162","1000","1","1","1","Percent","%","1","0","","2018/9/28 18:10:54.5830000","1","2017/9/28 18:10:54.5830000","9999/12/31 23:59:59.9970000","ThixLite HT (AB) "
"415","179","179","163","1000","1","1","1","Percent","%","1","0","","2018/9/28 18:10:54.6000000","1","2017/9/28 18:10:54.5970000","9999/12/31 23:59:59.9970000","ThixLite HT (SK) "
"416","180","180","164","1000","1","1","1","Percent","%","1","0","","2018/9/28 18:10:54.6130000","1","2017/9/28 18:10:54.6130000","9999/12/31 23:59:59.9970000","SURFACEmix LW PRO SL"
"417","181","181","165","1000","1","1","1","Percent","%","1","0","","2018/9/28 18:10:54.6270000","1","2017/9/28 18:10:54.6270000","9999/12/31 23:59:59.9970000","LDP-C-0117"
"418","182","182","166","1000","1","1","1","Percent","%","1","0","","2018/9/28 18:10:54.6400000","1","2017/9/28 18:10:54.6400000","9999/12/31 23:59:59.9970000","SUPERLITEmix 1160"
"419","183","183","260","182","1","2","1","Percent","%","1","0","","2018/9/28 18:10:54.7900000","1","2017/9/28 18:10:54.7900000","9999/12/31 23:59:59.9970000","Sil 1"
"420","183","183","261","182","0","2","1","Percent","%","1","0","","2018/9/28 18:10:54.8000000","1","2017/9/28 18:10:54.7970000","9999/12/31 23:59:59.9970000","Sil 4"
"421","183","183","53","182","0","2","1","Percent","%","1","0","","2018/9/28 18:10:54.8030000","1","2017/9/28 18:10:54.8030000","9999/12/31 23:59:59.9970000","LCG-2"
"422","183","183","55","182","0","2","1","Percent","%","1","0","","2018/9/28 18:10:54.8100000","1","2017/9/28 18:10:54.8100000","9999/12/31 23:59:59.9970000","LCG-5"
"423","183","183","48","272","0","2","1","Percent","%","1","0","","2018/9/28 18:10:54.8170000","1","2017/9/28 18:10:54.8170000","9999/12/31 23:59:59.9970000","LCC-1"
"424","184","184","2","627","1","2","1","Percent","%","1","0","","2018/9/28 18:10:54.8330000","1","2017/9/28 18:10:54.8300000","9999/12/31 23:59:59.9970000","Class C"
"425","184","184","30","271","0","2","1","Percent","%","1","0","","2018/9/28 18:10:54.8430000","1","2017/9/28 18:10:54.8430000","9999/12/31 23:59:59.9970000","Densified Fume"
"426","184","184","13","102","0","2","1","Percent","%","1","0","","2018/9/28 18:10:54.8630000","1","2017/9/28 18:10:54.8630000","9999/12/31 23:59:59.9970000","CDM-4"
"427","185","185","262","1000","1","1","1","Percent","%","1","0","","2018/9/28 18:10:54.8800000","1","2017/9/28 18:10:54.8800000","9999/12/31 23:59:59.9970000","SUPERLITEmix 1160x"
"428","186","186","4","529","1","2","1","Percent","%","1","0","","2018/9/28 18:10:54.9170000","1","2017/9/28 18:10:54.9170000","9999/12/31 23:59:59.9970000","Intercem"
"429","186","186","35","210","0","2","1","Percent","%","1","0","","2018/9/28 18:10:54.9430000","1","2017/9/28 18:10:54.9430000","9999/12/31 23:59:59.9970000","Flyash"
"430","186","186","30","121","0","2","1","Percent","%","1","0","","2018/9/28 18:10:54.9770000","1","2017/9/28 18:10:54.9730000","9999/12/31 23:59:59.9970000","Densified Fume"
"431","186","186","13","140","0","2","1","Percent","%","1","0","","2018/9/28 18:10:55.0130000","1","2017/9/28 18:10:55.0130000","9999/12/31 23:59:59.9970000","CDM-4"
"432","187","187","264","1000","1","1","1","Percent","%","1","0","","2018/9/28 18:10:55.0870000","1","2017/9/28 18:10:55.0870000","9999/12/31 23:59:59.9970000","SUPERLITEmix 1100x"
"433","188","188","4","622","1","2","1","Percent","%","1","0","","2018/9/28 18:10:55.1000000","1","2017/9/28 18:10:55.1000000","9999/12/31 23:59:59.9970000","Intercem"
"434","188","188","72","309","0","2","1","Percent","%","1","0","","2018/9/28 18:10:55.1070000","1","2017/9/28 18:10:55.1070000","9999/12/31 23:59:59.9970000","Silica Flour - 200 Mesh"
"435","188","188","13","69","0","2","1","Percent","%","1","0","","2018/9/28 18:10:55.1130000","1","2017/9/28 18:10:55.1130000","9999/12/31 23:59:59.9970000","CDM-4"
"436","189","189","266","1000","1","1","1","Percent","%","1","0","","2018/9/28 18:10:55.1270000","1","2017/9/28 18:10:55.1270000","9999/12/31 23:59:59.9970000","LDP-C-0517"
"437","190","190","2","622","1","2","1","Percent","%","1","0","","2018/9/28 18:10:55.1430000","1","2017/9/28 18:10:55.1430000","9999/12/31 23:59:59.9970000","Class C"
"438","190","190","72","306","0","2","1","Percent","%","1","0","","2018/9/28 18:10:55.1500000","1","2017/9/28 18:10:55.1500000","9999/12/31 23:59:59.9970000","Silica Flour - 200 Mesh"
"439","190","190","13","72","0","2","1","Percent","%","1","0","","2018/9/28 18:10:55.1570000","1","2017/9/28 18:10:55.1570000","9999/12/31 23:59:59.9970000","CDM-4"
"440","191","191","268","1000","1","1","1","Percent","%","1","0","","2018/9/28 18:10:55.1730000","1","2017/9/28 18:10:55.1700000","9999/12/31 23:59:59.9970000","THERMAmix SLW"
"441","192","192","2","569","1","2","1","Percent","%","1","0","","2018/9/28 18:10:55.1830000","1","2017/9/28 18:10:55.1830000","9999/12/31 23:59:59.9970000","Class C"
"442","192","192","72","228","0","2","1","Percent","%","1","0","","2018/9/28 18:10:55.1900000","1","2017/9/28 18:10:55.1900000","9999/12/31 23:59:59.9970000","Silica Flour - 200 Mesh"
"443","192","192","35","172","0","2","1","Percent","%","1","0","","2018/9/28 18:10:55.2000000","1","2017/9/28 18:10:55.1970000","9999/12/31 23:59:59.9970000","Flyash"
"444","192","192","67","23","0","2","1","Percent","%","1","0","","2018/9/28 18:10:55.2030000","1","2017/9/28 18:10:55.2030000","9999/12/31 23:59:59.9970000","SCA-1"
"445","192","192","32","8","0","2","1","Percent","%","1","0","","2018/9/28 18:10:55.2100000","1","2017/9/28 18:10:55.2100000","9999/12/31 23:59:59.9970000","EA-3"
"446","193","193","270","1000","1","1","1","Percent","%","1","0","","2018/9/28 18:10:55.2230000","1","2017/9/28 18:10:55.2230000","9999/12/31 23:59:59.9970000","THERMAmix PRO"
"447","89","89","27","1.5","0","2","1","Percent","%","1","0","","2018/9/28 18:10:52.8000000","1","2017/9/28 18:10:52.7970000","9999/12/31 23:59:59.9970000","CFR-2"
"448","194","194","2","491","1","2","1","Percent","%","1","0","","2018/9/28 18:10:55.2400000","1","2017/9/28 18:10:55.2400000","9999/12/31 23:59:59.9970000","Class C"
"449","194","194","36","147","0","2","1","Percent","%","1","0","","2018/9/28 18:10:55.2470000","1","2017/9/28 18:10:55.2470000","9999/12/31 23:59:59.9970000","Flyash (Sask)"
"450","194","194","273","327.5","0","2","1","Percent","%","1","0","","2018/9/28 18:10:55.2530000","1","2017/9/28 18:10:55.2500000","9999/12/31 23:59:59.9970000","ECOmix"
"451","194","194","69","12","0","2","1","Percent","%","1","0","","2018/9/28 18:10:55.2600000","1","2017/9/28 18:10:55.2600000","9999/12/31 23:59:59.9970000","SCA-6"
"452","194","194","68","21","0","2","1","Percent","%","1","0","","2018/9/28 18:10:55.2630000","1","2017/9/28 18:10:55.2630000","9999/12/31 23:59:59.9970000","SCA-5"
"453","194","194","27","1.5","0","2","1","Percent","%","1","0","","2018/9/28 18:10:55.2700000","1","2017/9/28 18:10:55.2700000","9999/12/31 23:59:59.9970000","CFR-2"
"454","195","195","274","1000","1","1","1","Percent","%","1","0","","2018/9/28 18:10:55.2900000","1","2017/9/28 18:10:55.2870000","9999/12/31 23:59:59.9970000","SURFACEmix LW PRO SL (SK)"
"456","196","196","3","350","1","2","1","Percent","%","1","0","","2018/9/28 18:10:55.3100000","1","2017/9/28 18:10:55.3100000","9999/12/31 23:59:59.9970000","Class G"
"457","196","196","72","125","0","2","1","Percent","%","1","0","","2018/9/28 18:10:55.3200000","1","2017/9/28 18:10:55.3200000","9999/12/31 23:59:59.9970000","Silica Flour - 200 Mesh"
"458","196","196","67","525","0","2","1","Percent","%","1","0","","2018/9/28 18:10:55.3300000","1","2017/9/28 18:10:55.3270000","9999/12/31 23:59:59.9970000","SCA-1"
"459","197","197","276","1000","1","1","1","Percent","%","1","0","","2018/9/28 18:10:55.3430000","1","2017/9/28 18:10:55.3430000","9999/12/31 23:59:59.9970000","THERMAmix THX"
"460","198","198","2","930","1","2","1","Percent","%","1","0","","2018/9/28 18:10:55.3830000","1","2017/9/28 18:10:55.3830000","9999/12/31 23:59:59.9970000","Class C"
"461","198","198","67","56","0","2","1","Percent","%","1","0","","2018/9/28 18:10:55.3900000","1","2017/9/28 18:10:55.3900000","9999/12/31 23:59:59.9970000","SCA-1"
"462","198","198","20","5","0","2","1","Percent","%","1","0","","2018/9/28 18:10:55.3970000","1","2017/9/28 18:10:55.3970000","9999/12/31 23:59:59.9970000","CFL-3"
"463","198","198","32","9","0","2","1","Percent","%","1","0","","2018/9/28 18:10:55.4030000","1","2017/9/28 18:10:55.4000000","9999/12/31 23:59:59.9970000","EA-3"
"464","199","199","278","1000","1","1","1","Percent","%","1","0","","2018/9/28 18:10:55.4200000","1","2017/9/28 18:10:55.4200000","9999/12/31 23:59:59.9970000","SURFACEmix THX"
"465","200","200","2","604","1","2","1","Percent","%","1","0","","2018/9/28 18:10:55.4330000","1","2017/9/28 18:10:55.4330000","9999/12/31 23:59:59.9970000","Class C"
"466","200","200","35","204","0","2","1","Percent","%","1","0","","2018/9/28 18:10:55.4400000","1","2017/9/28 18:10:55.4400000","9999/12/31 23:59:59.9970000","Flyash"
"467","200","200","30","88","0","2","1","Percent","%","1","0","","2018/9/28 18:10:55.4470000","1","2017/9/28 18:10:55.4470000","9999/12/31 23:59:59.9970000","Densified Fume"
"468","200","200","13","104","0","2","1","Percent","%","1","0","","2018/9/28 18:10:55.4570000","1","2017/9/28 18:10:55.4530000","9999/12/31 23:59:59.9970000","CDM-4"
"469","201","201","281","1000","1","1","1","Percent","%","1","0","","2018/9/28 18:10:55.4700000","1","2017/9/28 18:10:55.4700000","9999/12/31 23:59:59.9970000","SUPERLITEmix PRO X"
"470","202","202","2","766","1","2","1","Percent","%","1","0","","2018/9/28 18:10:55.4800000","1","2017/9/28 18:10:55.4800000","9999/12/31 23:59:59.9970000","Class C"
"471","202","202","273","230","0","2","1","Percent","%","1","0","","2018/9/28 18:10:55.4870000","1","2017/9/28 18:10:55.4870000","9999/12/31 23:59:59.9970000","ECOmix"
"472","202","202","32","4","0","2","1","Percent","%","1","0","","2018/9/28 18:10:55.4930000","1","2017/9/28 18:10:55.4930000","9999/12/31 23:59:59.9970000","EA-3"
"473","203","203","369","1000","1","1","1","Percent","%","1","0","","2018/9/28 18:10:55.5070000","1","2017/9/28 18:10:55.5070000","9999/12/31 23:59:59.9970000","SURFACEmix PRO ED"
"474","204","204","2","766","1","2","1","Percent","%","1","0","","2018/9/28 18:10:55.5230000","1","2017/9/28 18:10:55.5200000","9999/12/31 23:59:59.9970000","Class C"
"475","204","204","273","230","0","2","1","Percent","%","1","0","","2018/9/28 18:10:55.5300000","1","2017/9/28 18:10:55.5300000","9999/12/31 23:59:59.9970000","ECOmix"
"476","204","204","32","4","0","2","1","Percent","%","1","0","","2018/9/28 18:10:55.5370000","1","2017/9/28 18:10:55.5370000","9999/12/31 23:59:59.9970000","EA-3"
"477","205","205","371","1000","1","1","1","Percent","%","1","0","","2018/9/28 18:10:55.5500000","1","2017/9/28 18:10:55.5500000","9999/12/31 23:59:59.9970000","SURFACEmix PRO RD"
"478","206","206","2","766","1","2","1","Percent","%","1","0","","2018/9/28 18:10:55.5630000","1","2017/9/28 18:10:55.5630000","9999/12/31 23:59:59.9970000","Class C"
"479","206","206","273","230","0","2","1","Percent","%","1","0","","2018/9/28 18:10:55.5700000","1","2017/9/28 18:10:55.5700000","9999/12/31 23:59:59.9970000","ECOmix"
"480","206","206","32","4","0","2","1","Percent","%","1","0","","2018/9/28 18:10:55.5770000","1","2017/9/28 18:10:55.5770000","9999/12/31 23:59:59.9970000","EA-3"
"481","207","207","373","1000","1","1","1","Percent","%","1","0","","2018/9/28 18:10:55.5900000","1","2017/9/28 18:10:55.5900000","9999/12/31 23:59:59.9970000","SURFACEmix PRO GP"
"482","208","208","2","766","1","2","1","Percent","%","1","0","","2018/9/28 18:10:55.6030000","1","2017/9/28 18:10:55.6030000","9999/12/31 23:59:59.9970000","Class C"
"483","208","208","273","230","0","2","1","Percent","%","1","0","","2018/9/28 18:10:55.6100000","1","2017/9/28 18:10:55.6100000","9999/12/31 23:59:59.9970000","ECOmix"
"484","208","208","32","4","0","2","1","Percent","%","1","0","","2018/9/28 18:10:55.6170000","1","2017/9/28 18:10:55.6170000","9999/12/31 23:59:59.9970000","EA-3"
"485","209","209","375","1000","1","1","1","Percent","%","1","0","","2018/9/28 18:10:55.6330000","1","2017/9/28 18:10:55.6330000","9999/12/31 23:59:59.9970000","SURFACEmix PRO FJ"
"486","210","210","2","610.5","1","2","1","Percent","%","1","0","","2018/9/28 18:10:55.6470000","1","2017/9/28 18:10:55.6470000","9999/12/31 23:59:59.9970000","Class C"
"487","210","210","35","115","0","2","1","Percent","%","1","0","","2018/9/28 18:10:55.6530000","1","2017/9/28 18:10:55.6530000","9999/12/31 23:59:59.9970000","Flyash"
"488","210","210","69","13","0","2","1","Percent","%","1","0","","2018/9/28 18:10:55.6600000","1","2017/9/28 18:10:55.6600000","9999/12/31 23:59:59.9970000","SCA-6"
"489","210","210","68","10","0","2","1","Percent","%","1","0","","2018/9/28 18:10:55.6670000","1","2017/9/28 18:10:55.6670000","9999/12/31 23:59:59.9970000","SCA-5"
"490","210","210","273","250","0","2","1","Percent","%","1","0","","2018/9/28 18:10:55.6730000","1","2017/9/28 18:10:55.6730000","9999/12/31 23:59:59.9970000","ECOmix"
"491","210","210","27","1.5","0","2","1","Percent","%","1","0","","2018/9/28 18:10:55.6830000","1","2017/9/28 18:10:55.6830000","9999/12/31 23:59:59.9970000","CFR-2"
"492","211","211","377","1000","1","1","1","Percent","%","1","0","","2018/9/28 18:10:55.6930000","1","2017/9/28 18:10:55.6930000","9999/12/31 23:59:59.9970000","SURFACEmix LW PRO ED"
"493","212","212","2","610.5","1","2","1","Percent","%","1","0","","2018/9/28 18:10:55.7100000","1","2017/9/28 18:10:55.7100000","9999/12/31 23:59:59.9970000","Class C"
"494","212","212","35","115","0","2","1","Percent","%","1","0","","2018/9/28 18:10:55.7170000","1","2017/9/28 18:10:55.7170000","9999/12/31 23:59:59.9970000","Flyash"
"495","212","212","69","13","0","2","1","Percent","%","1","0","","2018/9/28 18:10:55.7230000","1","2017/9/28 18:10:55.7230000","9999/12/31 23:59:59.9970000","SCA-6"
"496","212","212","68","10","0","2","1","Percent","%","1","0","","2018/9/28 18:10:55.7300000","1","2017/9/28 18:10:55.7300000","9999/12/31 23:59:59.9970000","SCA-5"
"497","212","212","273","250","0","2","1","Percent","%","1","0","","2018/9/28 18:10:55.7370000","1","2017/9/28 18:10:55.7330000","9999/12/31 23:59:59.9970000","ECOmix"
"498","212","212","27","1.5","0","2","1","Percent","%","1","0","","2018/9/28 18:10:55.7430000","1","2017/9/28 18:10:55.7430000","9999/12/31 23:59:59.9970000","CFR-2"
"499","213","213","379","1000","1","1","1","Percent","%","1","0","","2018/9/28 18:10:55.7570000","1","2017/9/28 18:10:55.7570000","9999/12/31 23:59:59.9970000","SURFACEmix LW PRO GP"
"500","214","214","2","610.5","1","2","1","Percent","%","1","0","","2018/9/28 18:10:55.7700000","1","2017/9/28 18:10:55.7700000","9999/12/31 23:59:59.9970000","Class C"
"501","214","214","35","115","0","2","1","Percent","%","1","0","","2018/9/28 18:10:55.7800000","1","2017/9/28 18:10:55.7770000","9999/12/31 23:59:59.9970000","Flyash"
"502","214","214","69","13","0","2","1","Percent","%","1","0","","2018/9/28 18:10:55.7870000","1","2017/9/28 18:10:55.7870000","9999/12/31 23:59:59.9970000","SCA-6"
"503","214","214","68","10","0","2","1","Percent","%","1","0","","2018/9/28 18:10:55.7930000","1","2017/9/28 18:10:55.7930000","9999/12/31 23:59:59.9970000","SCA-5"
"504","214","214","273","250","0","2","1","Percent","%","1","0","","2018/9/28 18:10:55.7970000","1","2017/9/28 18:10:55.7970000","9999/12/31 23:59:59.9970000","ECOmix"
"505","214","214","27","1.5","0","2","1","Percent","%","1","0","","2018/9/28 18:10:55.8030000","1","2017/9/28 18:10:55.8030000","9999/12/31 23:59:59.9970000","CFR-2"
"506","215","215","381","1000","1","1","1","Percent","%","1","0","","2018/9/28 18:10:55.8200000","1","2017/9/28 18:10:55.8170000","9999/12/31 23:59:59.9970000","SURFACEmix LW PRO RD"
"507","216","216","295","990","1","2","1","Percent","%","1","0","","2018/9/28 18:10:55.8330000","1","2017/9/28 18:10:55.8330000","9999/12/31 23:59:59.9970000","Fresh Water"
"508","216","216","361","10","0","2","1","Percent","%","1","0","","2018/9/28 18:10:55.8400000","1","2017/9/28 18:10:55.8370000","9999/12/31 23:59:59.9970000","WG-3L"
"509","217","217","295","940","1","2","1","Percent","%","1","0","","2018/9/28 18:10:55.8570000","1","2017/9/28 18:10:55.8570000","9999/12/31 23:59:59.9970000","Fresh Water"
"510","217","217","361","10","0","2","1","Percent","%","1","0","","2018/9/28 18:10:55.8630000","1","2017/9/28 18:10:55.8630000","9999/12/31 23:59:59.9970000","WG-3L"
"511","217","217","366","30","0","2","1","Percent","%","1","0","","2018/9/28 18:10:55.8800000","1","2017/9/28 18:10:55.8800000","9999/12/31 23:59:59.9970000","WWS-2L"
"512","217","217","368","20","0","2","1","Percent","%","1","0","","2018/9/28 18:10:55.8930000","1","2017/9/28 18:10:55.8930000","9999/12/31 23:59:59.9970000","WWS-4L"
"513","218","218","295","980","1","2","1","Percent","%","1","0","","2018/9/28 18:10:55.9100000","1","2017/9/28 18:10:55.9070000","9999/12/31 23:59:59.9970000","Fresh Water"
"514","218","218","361","10","0","2","1","Percent","%","1","0","","2018/9/28 18:10:55.9270000","1","2017/9/28 18:10:55.9270000","9999/12/31 23:59:59.9970000","WG-3L"
"515","218","218","367","10","0","2","1","Percent","%","1","0","","2018/9/28 18:10:55.9530000","1","2017/9/28 18:10:55.9530000","9999/12/31 23:59:59.9970000","WWS-3L"
"517","219","219","295","990","1","2","1","Percent","%","1","0","","2018/9/28 18:10:55.9700000","1","2017/9/28 18:10:55.9700000","9999/12/31 23:59:59.9970000","Fresh Water"
"518","219","219","367","7","0","2","1","Percent","%","1","0","","2018/9/28 18:10:55.9770000","1","2017/9/28 18:10:55.9770000","9999/12/31 23:59:59.9970000","WWS-3L"
"519","219","219","297","15","0","2","1","Percent","%","1","0","","2018/9/28 18:10:55.9830000","1","2017/9/28 18:10:55.9830000","9999/12/31 23:59:59.9970000","SAPP"
"520","220","220","295","990","1","2","1","Percent","%","1","0","","2018/9/28 18:10:55.9970000","1","2017/9/28 18:10:55.9970000","9999/12/31 23:59:59.9970000","Fresh Water"
"521","220","220","69","50","0","2","1","Percent","%","1","0","","2018/9/28 18:10:56.0030000","1","2017/9/28 18:10:56.0030000","9999/12/31 23:59:59.9970000","SCA-6"
"522","221","221","295","800","1","2","1","Percent","%","1","0","","2018/9/28 18:10:56.0200000","1","2017/9/28 18:10:56.0200000","9999/12/31 23:59:59.9970000","Fresh Water"
"523","221","221","352","200","0","2","1","Percent","%","1","0","","2018/9/28 18:10:56.0270000","1","2017/9/28 18:10:56.0270000","9999/12/31 23:59:59.9970000","SSL-2"
"524","222","222","295","1000","1","1","1","Percent","%","1","0","","2018/9/28 18:10:56.0400000","1","2017/9/28 18:10:56.0400000","9999/12/31 23:59:59.9970000","Fresh Water"
"525","223","223","296","1000","1","1","1","Percent","%","1","0","","2018/9/28 18:10:56.0530000","1","2017/9/28 18:10:56.0530000","9999/12/31 23:59:59.9970000","Base Oil"
"526","224","224","294","1000","1","1","1","Percent","%","1","0","","2018/9/28 18:10:56.0670000","1","2017/9/28 18:10:56.0670000","9999/12/31 23:59:59.9970000","WELLBLOCK 'T'"
"527","225","225","293","1000","1","1","1","Percent","%","1","0","","2018/9/28 18:10:56.0830000","1","2017/9/28 18:10:56.0830000","9999/12/31 23:59:59.9970000","BORAjel"
"528","226","226","292","1000","1","1","1","Percent","%","1","0","","2018/9/28 18:10:56.1000000","1","2017/9/28 18:10:56.1000000","9999/12/31 23:59:59.9970000","One Part Spacer"
"529","227","227","291","1000","1","1","1","Percent","%","1","0","","2018/9/28 18:10:56.1170000","1","2017/9/28 18:10:56.1170000","9999/12/31 23:59:59.9970000","RP-20"
"530","228","228","290","1000","1","1","1","Percent","%","1","0","","2018/9/28 18:10:56.1330000","1","2017/9/28 18:10:56.1330000","9999/12/31 23:59:59.9970000","Wellseal"
"531","229","229","289","1000","1","1","1","Percent","%","1","0","","2018/9/28 18:10:56.1500000","1","2017/9/28 18:10:56.1500000","9999/12/31 23:59:59.9970000","Wellseal G"
"532","230","230","288","1000","1","1","1","Percent","%","1","0","","2018/9/28 18:10:56.1670000","1","2017/9/28 18:10:56.1630000","9999/12/31 23:59:59.9970000","Indicator Dye"
"533","231","231","287","1000","1","1","1","Percent","%","1","0","","2018/9/28 18:10:56.1800000","1","2017/9/28 18:10:56.1800000","9999/12/31 23:59:59.9970000","Mud Flush"
"534","232","232","286","1000","1","1","1","Percent","%","1","0","","2018/9/28 18:10:56.1970000","1","2017/9/28 18:10:56.1970000","9999/12/31 23:59:59.9970000","Invert Spacer"
"535","233","233","285","1000","1","1","1","Percent","%","1","0","","2018/9/28 18:10:56.2100000","1","2017/9/28 18:10:56.2100000","9999/12/31 23:59:59.9970000","Water Wet Max"
"536","234","234","284","1000","1","1","1","Percent","%","1","0","","2018/9/28 18:10:56.2270000","1","2017/9/28 18:10:56.2270000","9999/12/31 23:59:59.9970000","Visweep"
"537","235","235","398","0","1","2","1","Cubic Meters","m3","1","0","","2018/9/28 18:10:56.2400000","1","2017/9/28 18:10:56.2400000","9999/12/31 23:59:59.9970000","HCL 15%"
"538","236","236","2","450","1","2","1","Percent","%","1","0","","2018/9/28 18:10:56.2600000","1","2017/9/28 18:10:56.2600000","9999/12/31 23:59:59.9970000","Class C"
"539","236","236","35","325","0","2","1","Percent","%","1","0","","2018/9/28 18:10:56.2670000","1","2017/9/28 18:10:56.2670000","9999/12/31 23:59:59.9970000","Flyash"
"540","236","236","69","15","0","2","1","Percent","%","1","0","","2018/9/28 18:10:56.2730000","1","2017/9/28 18:10:56.2730000","9999/12/31 23:59:59.9970000","SCA-6"
"541","236","236","68","10","0","2","1","Percent","%","1","0","","2018/9/28 18:10:56.2800000","1","2017/9/28 18:10:56.2800000","9999/12/31 23:59:59.9970000","SCA-5"
"542","236","236","1","200","0","2","1","Percent","%","1","0","","2018/9/28 18:10:56.2870000","1","2017/9/28 18:10:56.2870000","9999/12/31 23:59:59.9970000","Class A"
"543","237","237","400","1000","1","1","1","Percent","%","1","0","","2018/9/28 18:10:56.3000000","1","2017/9/28 18:10:56.3000000","9999/12/31 23:59:59.9970000","SURFACEmix LW PRO LLD"
"544","238","238","2","627","1","2","1","Percent","%","1","0","","2018/9/28 18:10:56.3300000","1","2017/9/28 18:10:56.3300000","9999/12/31 23:59:59.9970000","Class C"
"545","238","238","30","271","0","2","1","Percent","%","1","0","","2018/9/28 18:10:56.3370000","1","2017/9/28 18:10:56.3370000","9999/12/31 23:59:59.9970000","Densified Fume"
"546","238","238","13","76","0","2","1","Percent","%","1","0","","2018/9/28 18:10:56.3430000","1","2017/9/28 18:10:56.3430000","9999/12/31 23:59:59.9970000","CDM-4"
"547","238","238","405","26","0","2","1","Percent","%","1","0","","2018/9/28 18:10:56.3500000","1","2017/9/28 18:10:56.3500000","9999/12/31 23:59:59.9970000","CDM-4X"
"548","239","239","403","1000","1","1","1","Percent","%","1","0","","2018/9/28 18:10:56.3870000","1","2017/9/28 18:10:56.3870000","9999/12/31 23:59:59.9970000","SUPERLITEmix 1160 C"
"549","240","240","3","410","1","2","1","Percent","%","1","0","","2018/9/28 18:10:56.4670000","1","2017/9/28 18:10:56.4670000","9999/12/31 23:59:59.9970000","Class G"
"550","240","240","35","533","0","2","1","Percent","%","1","0","","2018/9/28 18:10:56.4730000","1","2017/9/28 18:10:56.4730000","9999/12/31 23:59:59.9970000","Flyash"
"551","240","240","41","57","0","2","1","Percent","%","1","0","","2018/9/28 18:10:56.4800000","1","2017/9/28 18:10:56.4800000","9999/12/31 23:59:59.9970000","GSS-1"
"552","241","241","406","1000","1","1","1","Percent","%","1","0","","2018/9/28 18:10:56.4970000","1","2017/9/28 18:10:56.4930000","9999/12/31 23:59:59.9970000","PRODUCTIONmix HZ"
"553","242","242","29","833","1","2","1","Percent","%","1","0","","2018/9/28 18:10:56.5100000","1","2017/9/28 18:10:56.5100000","9999/12/31 23:59:59.9970000","Ciment Fondue"
"554","242","242","35","167","0","2","1","Percent","%","1","0","","2018/9/28 18:10:56.5170000","1","2017/9/28 18:10:56.5170000","9999/12/31 23:59:59.9970000","Flyash"
"555","243","243","408","1000","1","1","1","Percent","%","1","0","","2018/9/28 18:10:56.5330000","1","2017/9/28 18:10:56.5330000","9999/12/31 23:59:59.9970000","Ciment Fondue EC"
"556","244","244","4","750","1","2","1","Percent","%","1","0","","2018/9/28 18:10:56.5470000","1","2017/9/28 18:10:56.5470000","9999/12/31 23:59:59.9970000","Intercem"
"557","244","244","30","210","0","2","1","Percent","%","1","0","","2018/9/28 18:10:56.5530000","1","2017/9/28 18:10:56.5530000","9999/12/31 23:59:59.9970000","Densified Fume"
"558","244","244","67","40","0","2","1","Percent","%","1","0","","2018/9/28 18:10:56.5600000","1","2017/9/28 18:10:56.5600000","9999/12/31 23:59:59.9970000","SCA-1"
"559","245","245","416","1000","1","1","1","Percent","%","1","0","","2018/9/28 18:10:56.5770000","1","2017/9/28 18:10:56.5770000","9999/12/31 23:59:59.9970000","LDP-C-0618"
"560","246","246","411","1000","1","1","1","Percent","%","1","0","","2018/9/28 18:10:49.0970000","1","2017/9/28 18:10:49.0970000","9999/12/31 23:59:59.9970000","LDP-C-0418"
