"ID","NAME","DESCRIPTION","INVENTORY_NUMBER","PRICE_CODE","VERSION","LAST_MODIFIED_USER_ID","LAST_MODIFIED_USER_NAME","LAST_MODIFIED_DATE_TIME","LAST_OPERATION_TYPE","EFFECTIVE_START_DATE_TIME","EFFECTIVE_END_DATE_TIME"
"1","Class A","Class A Cement","IIN023072","113049","1","0","","2018/9/28 18:10:37.6400000","1","2017/9/28 18:10:37.6400000","9999/12/31 23:59:59.9970000"
"2","Class C","Class C Cement","IIN023073","","1","0","","2018/9/28 18:10:37.6570000","1","2017/9/28 18:10:37.6570000","9999/12/31 23:59:59.9970000"
"3","Class G","Class G Cement","IIN023074","113000","1","0","","2018/9/28 18:10:37.6970000","1","2017/9/28 18:10:37.6970000","9999/12/31 23:59:59.9970000"
"4","Intercem","Intercem","IIN023116","","1","0","","2018/9/28 18:10:37.7070000","1","2017/9/28 18:10:37.7070000","9999/12/31 23:59:59.9970000"
"5","Sanseal","Sanseal","IIN023192","113117","1","0","","2018/9/28 18:10:37.7270000","1","2017/9/28 18:10:37.7270000","9999/12/31 23:59:59.9970000"
"6","ASM-3","ASM-3","IIN023131","113414","1","0","","2018/9/28 18:10:37.7370000","1","2017/9/28 18:10:37.7370000","9999/12/31 23:59:59.9970000"
"7","ASM-5","ASM-5","IIN023234","113417","1","0","","2018/9/28 18:10:37.7570000","1","2017/9/28 18:10:37.7570000","9999/12/31 23:59:59.9970000"
"8","Barite","Barite","IIN023019","113230","1","0","","2018/9/28 18:10:37.7630000","1","2017/9/28 18:10:37.7630000","9999/12/31 23:59:59.9970000"
"9","CaCl2","CaCl2","IIN023054","113101","1","0","","2018/9/28 18:10:37.7730000","1","2017/9/28 18:10:37.7730000","9999/12/31 23:59:59.9970000"
"10","CDF-4P","CDF-4P","IIN023056","113263","1","0","","2018/9/28 18:10:37.7830000","1","2017/9/28 18:10:37.7800000","9999/12/31 23:59:59.9970000"
"11","CDF-6P","CDF-6P","IIN052225","113267","1","0","","2018/9/28 18:10:37.7900000","1","2017/9/28 18:10:37.7870000","9999/12/31 23:59:59.9970000"
"13","CDM-2","CDM-2","IIN023036","113418","1","0","","2018/9/28 18:10:37.7970000","1","2017/9/28 18:10:37.7970000","9999/12/31 23:59:59.9970000"
"14","CDM-4","CDM-4","IIN054779","113416","1","0","","2018/9/28 18:10:37.8030000","1","2017/9/28 18:10:37.8030000","9999/12/31 23:59:59.9970000"
"15","CDM-5","CDM-5","IIN023037","113419","1","0","","2018/9/28 18:10:37.8130000","1","2017/9/28 18:10:37.8100000","9999/12/31 23:59:59.9970000"
"16","CDM-6","CDM-6","IIN023167","113420","1","0","","2018/9/28 18:10:37.8200000","1","2017/9/28 18:10:37.8170000","9999/12/31 23:59:59.9970000"
"17","CDM-6B","CDM-6B","IIN054152","","1","0","","2018/9/28 18:10:37.8270000","1","2017/9/28 18:10:37.8270000","9999/12/31 23:59:59.9970000"
"19","CDM-C","CDM-C","IIN023058","113422","1","0","","2018/9/28 18:10:37.8370000","1","2017/9/28 18:10:37.8370000","9999/12/31 23:59:59.9970000"
"20","CFL-10","CFL-10","IIN038276","113138","1","0","","2018/9/28 18:10:37.8470000","1","2017/9/28 18:10:37.8430000","9999/12/31 23:59:59.9970000"
"21","CFL-3","CFL-3","IIN023060","113132","1","0","","2018/9/28 18:10:37.8530000","1","2017/9/28 18:10:37.8530000","9999/12/31 23:59:59.9970000"
"22","CFL-3L","CFL-3L","IIN023061","113133","1","0","","2018/9/28 18:10:37.8630000","1","2017/9/28 18:10:37.8600000","9999/12/31 23:59:59.9970000"
"23","CFL-4","CFL-4","IIN023062","113134","1","0","","2018/9/28 18:10:37.8700000","1","2017/9/28 18:10:37.8670000","9999/12/31 23:59:59.9970000"
"24","CFL-6","CFL-6","IIN023063","113135","1","0","","2018/9/28 18:10:37.8770000","1","2017/9/28 18:10:37.8770000","9999/12/31 23:59:59.9970000"
"25","CFL-7","CFL-7","IIN023064","113136","1","0","","2018/9/28 18:10:37.8870000","1","2017/9/28 18:10:37.8870000","9999/12/31 23:59:59.9970000"
"26","CFL-8","CFL-8","IIN023065","113137","1","0","","2018/9/28 18:10:37.8930000","1","2017/9/28 18:10:37.8930000","9999/12/31 23:59:59.9970000"
"27","CFR","CFR","IIN023067","113160","1","0","","2018/9/28 18:10:37.9000000","1","2017/9/28 18:10:37.9000000","9999/12/31 23:59:59.9970000"
"28","CFR-2","CFR-2","IIN023068","113161","1","0","","2018/9/28 18:10:37.9100000","1","2017/9/28 18:10:37.9100000","9999/12/31 23:59:59.9970000"
"29","CFR-5","CFR-5","IIN032465","113163","1","0","","2018/9/28 18:10:37.9200000","1","2017/9/28 18:10:37.9200000","9999/12/31 23:59:59.9970000"
"30","Ciment Fondue","Ciment Fondue","IIN023092","113426","1","0","","2018/9/28 18:10:37.9270000","1","2017/9/28 18:10:37.9270000","9999/12/31 23:59:59.9970000"
"34","Densified Fume","Densified Fume","IIN054770","","1","0","","2018/9/28 18:10:37.9370000","1","2017/9/28 18:10:37.9370000","9999/12/31 23:59:59.9970000"
"35","EA-1","EA-1","IIN023221","113224","1","0","","2018/9/28 18:10:37.9470000","1","2017/9/28 18:10:37.9470000","9999/12/31 23:59:59.9970000"
"36","EA-3","EA-3","IIN023222","113225","1","0","","2018/9/28 18:10:37.9570000","1","2017/9/28 18:10:37.9570000","9999/12/31 23:59:59.9970000"
"37","FA-1","FA-1","IIN023087","113271","1","0","","2018/9/28 18:10:37.9630000","1","2017/9/28 18:10:37.9630000","9999/12/31 23:59:59.9970000"
"38","FA-3","FA-3","IIN038098","113273","1","0","","2018/9/28 18:10:37.9730000","1","2017/9/28 18:10:37.9700000","9999/12/31 23:59:59.9970000"
"39","Flyash","Flyash","IIN023091","","1","0","","2018/9/28 18:10:37.9800000","1","2017/9/28 18:10:37.9800000","9999/12/31 23:59:59.9970000"
"40","Flyash (Sask)","Flyash (Sask)","IIN054775","","1","0","","2018/9/28 18:10:37.9870000","1","2017/9/28 18:10:37.9870000","9999/12/31 23:59:59.9970000"
"41","FS-1","FS-1","IIN051265","113500","1","0","","2018/9/28 18:10:38.0000000","1","2017/9/28 18:10:38.0000000","9999/12/31 23:59:59.9970000"
"42","FWC-2","FWC-2","IIN023099","113140","1","0","","2018/9/28 18:10:38.0100000","1","2017/9/28 18:10:38.0070000","9999/12/31 23:59:59.9970000"
"43","GCA-1","GCA-1","IIN023100","113228","1","0","","2018/9/28 18:10:38.0170000","1","2017/9/28 18:10:38.0130000","9999/12/31 23:59:59.9970000"
"44","Graphite","Graphite","IIN023101","113423","1","0","","2018/9/28 18:10:38.0230000","1","2017/9/28 18:10:38.0230000","9999/12/31 23:59:59.9970000"
"45","GSS-1","GSS-1","IIN023022","113139","1","0","","2018/9/28 18:10:38.0330000","1","2017/9/28 18:10:38.0330000","9999/12/31 23:59:59.9970000"
"46","Hematite","Hematite","IIN023105","113232","1","0","","2018/9/28 18:10:38.0570000","1","2017/9/28 18:10:38.0500000","9999/12/31 23:59:59.9970000"
"47","HTR","HTR","IIN023109","113115","1","0","","2018/9/28 18:10:38.0900000","1","2017/9/28 18:10:38.0770000","9999/12/31 23:59:59.9970000"
"48","HTR-2","HTR-2","IIN041176","113129","1","0","","2018/9/28 18:10:38.1570000","1","2017/9/28 18:10:38.1400000","9999/12/31 23:59:59.9970000"
"49","HTR-3","HTR-3","IIN023129","113142","1","0","","2018/9/28 18:10:38.2730000","1","2017/9/28 18:10:38.2630000","9999/12/31 23:59:59.9970000"
"50","HTR-3A","HTR-3A","IIN023130","113143","1","0","","2018/9/28 18:10:38.2830000","1","2017/9/28 18:10:38.2830000","9999/12/31 23:59:59.9970000"
"52","KCl","KCl","IIN023119","113105","1","0","","2018/9/28 18:10:38.2930000","1","2017/9/28 18:10:38.2900000","9999/12/31 23:59:59.9970000"
"53","LCC-1","LCC-1","IIN023122","113248","1","0","","2018/9/28 18:10:38.3030000","1","2017/9/28 18:10:38.3000000","9999/12/31 23:59:59.9970000"
"54","LCC-9","LCC-9","","113251","1","0","","2018/9/28 18:10:38.3100000","1","2017/9/28 18:10:38.3100000","9999/12/31 23:59:59.9970000"
"55","LCF-7","LCF-7","IIN049713","113250","1","0","","2018/9/28 18:10:38.3200000","1","2017/9/28 18:10:38.3200000","9999/12/31 23:59:59.9970000"
"56","LCG-1","LCG-1","IIN023049","113237","1","0","","2018/9/28 18:10:38.3300000","1","2017/9/28 18:10:38.3270000","9999/12/31 23:59:59.9970000"
"58","LCG-2","LCG-2","IIN023050","113238","1","0","","2018/9/28 18:10:38.3370000","1","2017/9/28 18:10:38.3330000","9999/12/31 23:59:59.9970000"
"59","LCG-4","LCG-4","IIN023051","113239","1","0","","2018/9/28 18:10:38.3430000","1","2017/9/28 18:10:38.3430000","9999/12/31 23:59:59.9970000"
"60","LCG-5","LCG-5","IIN023052","113240","1","0","","2018/9/28 18:10:38.3500000","1","2017/9/28 18:10:38.3500000","9999/12/31 23:59:59.9970000"
"62","LTR","LTR","IIN023146","113110","1","0","","2018/9/28 18:10:38.3600000","1","2017/9/28 18:10:38.3570000","9999/12/31 23:59:59.9970000"
"63","LTR-3","LTR-3","IIN023209","","1","0","","2018/9/28 18:10:38.3670000","1","2017/9/28 18:10:38.3630000","9999/12/31 23:59:59.9970000"
"64","MCR-5","MCR-5","IIN023110","113128","1","0","","2018/9/28 18:10:38.3770000","1","2017/9/28 18:10:38.3770000","9999/12/31 23:59:59.9970000"
"65","MCR-7","MCR-7","IIN054776","113127","1","0","","2018/9/28 18:10:38.3830000","1","2017/9/28 18:10:38.3830000","9999/12/31 23:59:59.9970000"
"66","Micromix","Micromix","IIN023153","","1","0","","2018/9/28 18:10:38.3930000","1","2017/9/28 18:10:38.3900000","9999/12/31 23:59:59.9970000"
"67","NaCl","Fine Salt","IIN023188","113103","1","0","","2018/9/28 18:10:38.4000000","1","2017/9/28 18:10:38.4000000","9999/12/31 23:59:59.9970000"
"69","QSR-2","QSR-2","IIN023178","113122","1","0","","2018/9/28 18:10:38.4100000","1","2017/9/28 18:10:38.4100000","9999/12/31 23:59:59.9970000"
"70","Sand","Sand","IIN053761","","1","0","","2018/9/28 18:10:38.4200000","1","2017/9/28 18:10:38.4200000","9999/12/31 23:59:59.9970000"
"71","Sanlite","Sanlite","IIN023190","","1","0","","2018/9/28 18:10:38.4300000","1","2017/9/28 18:10:38.4300000","9999/12/31 23:59:59.9970000"
"72","Sanseal","Sanseal","IIN023192","113117","1","0","","2018/9/28 18:10:38.4430000","1","2017/9/28 18:10:38.4400000","9999/12/31 23:59:59.9970000"
"73","SCA-1","SCA-1","IIN023102","113301","1","0","","2018/9/28 18:10:38.4500000","1","2017/9/28 18:10:38.4500000","9999/12/31 23:59:59.9970000"
"74","SCA-5","SCA-5","IIN023171","113305","1","0","","2018/9/28 18:10:38.4600000","1","2017/9/28 18:10:38.4570000","9999/12/31 23:59:59.9970000"
"75","SCA-6","SCA-6","IIN023207","113306","1","0","","2018/9/28 18:10:38.4700000","1","2017/9/28 18:10:38.4670000","9999/12/31 23:59:59.9970000"
"76","SCA-7","SCA-7","IIN023147","113307","1","0","","2018/9/28 18:10:38.4770000","1","2017/9/28 18:10:38.4770000","9999/12/31 23:59:59.9970000"
"77","SG1500 AP1","SG1500 AP1","IIN023200","","1","0","","2018/9/28 18:10:38.4870000","1","2017/9/28 18:10:38.4830000","9999/12/31 23:59:59.9970000"
"78","Silica Flour - 200 Mesh","Silica Flour  - 200 Mesh","IIN054769","113296","1","0","","2018/9/28 18:10:38.4970000","1","2017/9/28 18:10:38.4930000","9999/12/31 23:59:59.9970000"
"79","Silica Fume - Semi-Densified","Silica Fume - Semi-Densified","IIN023098","","1","0","","2018/9/28 18:10:38.5070000","1","2017/9/28 18:10:38.5030000","9999/12/31 23:59:59.9970000"
"80","SPC-II","SPC-II","IIN023212","113220","1","0","","2018/9/28 18:10:38.5170000","1","2017/9/28 18:10:38.5170000","9999/12/31 23:59:59.9970000"
"81","WIE-1","WIE-1","IIN049712","116416","1","0","","2018/9/28 18:10:38.5270000","1","2017/9/28 18:10:38.5230000","9999/12/31 23:59:59.9970000"
"82","0:1:0 'A'","0:1:0 'A'","","113049","1","0","","2018/9/28 18:10:38.5330000","1","2017/9/28 18:10:38.5330000","9999/12/31 23:59:59.9970000"
"83","0:1:0 'C'","0:1:0 'C'","","","1","0","","2018/9/28 18:10:38.5430000","1","2017/9/28 18:10:38.5400000","9999/12/31 23:59:59.9970000"
"84","0:1:0 'G'","0:1:0 'G'","","113000","1","0","","2018/9/28 18:10:38.5530000","1","2017/9/28 18:10:38.5500000","9999/12/31 23:59:59.9970000"
"85","0:1:12 'G'","0:1:12 'G'","","113000","1","0","","2018/9/28 18:10:38.5600000","1","2017/9/28 18:10:38.5600000","9999/12/31 23:59:59.9970000"
"86","0:1:2 'G'","0:1:2 'G'","","113000","1","0","","2018/9/28 18:10:38.5970000","1","2017/9/28 18:10:38.5970000","9999/12/31 23:59:59.9970000"
"87","0:1:4 'G'","0:1:4 'G'","","113000","1","0","","2018/9/28 18:10:38.6030000","1","2017/9/28 18:10:38.6030000","9999/12/31 23:59:59.9970000"
"88","0:1:6 'G'","0:1:6 'G'","","113000","1","0","","2018/9/28 18:10:38.6130000","1","2017/9/28 18:10:38.6100000","9999/12/31 23:59:59.9970000"
"89","0:1:8 'G'","0:1:8 'G'","","113000","1","0","","2018/9/28 18:10:38.6200000","1","2017/9/28 18:10:38.6170000","9999/12/31 23:59:59.9970000"
"90","1:1:0 'G'","1:1:0 'G'","","113002","1","0","","2018/9/28 18:10:38.6270000","1","2017/9/28 18:10:38.6270000","9999/12/31 23:59:59.9970000"
"91","1:1:0 'G' (Sask)","1:1:0 'G' (Sask)","","113002","1","0","","2018/9/28 18:10:38.6370000","1","2017/9/28 18:10:38.6330000","9999/12/31 23:59:59.9970000"
"92","1:1:12 'G'","1:1:12 'G'","","113002","1","0","","2018/9/28 18:10:38.6600000","1","2017/9/28 18:10:38.6530000","9999/12/31 23:59:59.9970000"
"93","1:1:12 'G' (Sask)","1:1:12 'G' (Sask)","","113002","1","0","","2018/9/28 18:10:38.7030000","1","2017/9/28 18:10:38.6930000","9999/12/31 23:59:59.9970000"
"94","1:1:2 'G'","1:1:2 'G'","","113002","1","0","","2018/9/28 18:10:38.7400000","1","2017/9/28 18:10:38.7370000","9999/12/31 23:59:59.9970000"
"95","1:1:2 'G' (Sask)","1:1:2 'G' (Sask)","","113002","1","0","","2018/9/28 18:10:38.7830000","1","2017/9/28 18:10:38.7730000","9999/12/31 23:59:59.9970000"
"96","1:1:4 'G'","1:1:4 'G'","","113002","1","0","","2018/9/28 18:10:38.8500000","1","2017/9/28 18:10:38.8330000","9999/12/31 23:59:59.9970000"
"97","1:1:4 'G' (Sask)","1:1:4 'G' (Sask)","","113002","1","0","","2018/9/28 18:10:38.8930000","1","2017/9/28 18:10:38.8900000","9999/12/31 23:59:59.9970000"
"98","1:1:6 'G'","1:1:6 'G'","","113002","1","0","","2018/9/28 18:10:38.9000000","1","2017/9/28 18:10:38.8970000","9999/12/31 23:59:59.9970000"
"99","1:1:6 'G' (Sask)","1:1:6 'G' (Sask)","","113002","1","0","","2018/9/28 18:10:38.9070000","1","2017/9/28 18:10:38.9070000","9999/12/31 23:59:59.9970000"
"100","1:1:8 'G'","1:1:8 'G'","","113002","1","0","","2018/9/28 18:10:38.9170000","1","2017/9/28 18:10:38.9130000","9999/12/31 23:59:59.9970000"
"101","1:1:8 'G' (Sask)","1:1:8 'G' (Sask)","","113002","1","0","","2018/9/28 18:10:38.9230000","1","2017/9/28 18:10:38.9200000","9999/12/31 23:59:59.9970000"
"102","2:1:0 'G'","2:1:0 'G'","","","1","0","","2018/9/28 18:10:38.9300000","1","2017/9/28 18:10:38.9300000","9999/12/31 23:59:59.9970000"
"103","2:1:0 'G' (Sask)","2:1:0 'G' (Sask)","","","1","0","","2018/9/28 18:10:38.9370000","1","2017/9/28 18:10:38.9370000","9999/12/31 23:59:59.9970000"
"104","2:1:12 'G'","2:1:12 'G'","","","1","0","","2018/9/28 18:10:38.9470000","1","2017/9/28 18:10:38.9470000","9999/12/31 23:59:59.9970000"
"105","2:1:12 'G' (Sask)","2:1:12 'G' (Sask)","","","1","0","","2018/9/28 18:10:38.9570000","1","2017/9/28 18:10:38.9570000","9999/12/31 23:59:59.9970000"
"106","2:1:2 'G'","2:1:2 'G'","","","1","0","","2018/9/28 18:10:38.9670000","1","2017/9/28 18:10:38.9670000","9999/12/31 23:59:59.9970000"
"107","2:1:2 'G' (Sask)","2:1:2 'G' (Sask)","","","1","0","","2018/9/28 18:10:38.9770000","1","2017/9/28 18:10:38.9730000","9999/12/31 23:59:59.9970000"
"108","2:1:4 'G'","2:1:4 'G'","","","1","0","","2018/9/28 18:10:38.9830000","1","2017/9/28 18:10:38.9800000","9999/12/31 23:59:59.9970000"
"109","2:1:4 'G' (Sask)","2:1:4 'G' (Sask)","","","1","0","","2018/9/28 18:10:38.9900000","1","2017/9/28 18:10:38.9870000","9999/12/31 23:59:59.9970000"
"110","2:1:6 'G'","2:1:6 'G'","","","1","0","","2018/9/28 18:10:38.9970000","1","2017/9/28 18:10:38.9970000","9999/12/31 23:59:59.9970000"
"111","2:1:6 'G' (Sask)","2:1:6 'G' (Sask)","","","1","0","","2018/9/28 18:10:39.0070000","1","2017/9/28 18:10:39.0030000","9999/12/31 23:59:59.9970000"
"112","2:1:8 'G'","2:1:8 'G'","","","1","0","","2018/9/28 18:10:39.0170000","1","2017/9/28 18:10:39.0130000","9999/12/31 23:59:59.9970000"
"113","2:1:8 'G' (Sask)","2:1:8 'G' (Sask)","","","1","0","","2018/9/28 18:10:39.0230000","1","2017/9/28 18:10:39.0230000","9999/12/31 23:59:59.9970000"
"114","ASC IV","ASC IV Acid Soluble Cement","","113314","1","0","","2018/9/28 18:10:39.0330000","1","2017/9/28 18:10:39.0300000","9999/12/31 23:59:59.9970000"
"115","Expandomix","Expandomix","","113040","1","0","","2018/9/28 18:10:39.0430000","1","2017/9/28 18:10:39.0400000","9999/12/31 23:59:59.9970000"
"116","EXPANDOmix PRO HT","EXPANDOmix PRO HT","","116441","1","0","","2018/9/28 18:10:39.0500000","1","2017/9/28 18:10:39.0500000","9999/12/31 23:59:59.9970000"
"117","EXPANDOmix PRO HT (Sask)","EXPANDOmix PRO HT (Sask)","","116441","1","0","","2018/9/28 18:10:39.0600000","1","2017/9/28 18:10:39.0570000","9999/12/31 23:59:59.9970000"
"118","EXPANDOmix PRO LT","EXPANDOmix PRO LT","","116443","1","0","","2018/9/28 18:10:39.0700000","1","2017/9/28 18:10:39.0670000","9999/12/31 23:59:59.9970000"
"119","EXPANDOmix PRO LT (Sask)","EXPANDOmix PRO LT (Sask)","","116443","1","0","","2018/9/28 18:10:39.0770000","1","2017/9/28 18:10:39.0730000","9999/12/31 23:59:59.9970000"
"120","Expandomix HT","Expandomix HT","","113044","1","0","","2018/9/28 18:10:39.0830000","1","2017/9/28 18:10:39.0830000","9999/12/31 23:59:59.9970000"
"121","Expandomix HT (SK)","Expandomix HT (SK)","","113044","1","0","","2018/9/28 18:10:39.0930000","1","2017/9/28 18:10:39.0930000","9999/12/31 23:59:59.9970000"
"122","Expandomix LWL","Expandomix LWL","","113042","1","0","","2018/9/28 18:10:39.1030000","1","2017/9/28 18:10:39.1030000","9999/12/31 23:59:59.9970000"
"123","Glacial Mix","Glacial Mix","","113411","1","0","","2018/9/28 18:10:39.1170000","1","2017/9/28 18:10:39.1130000","9999/12/31 23:59:59.9970000"
"124","iBond","iBond","","113056","1","0","","2018/9/28 18:10:39.1270000","1","2017/9/28 18:10:39.1230000","9999/12/31 23:59:59.9970000"
"125","iGain (SK)","iGain (SK)","","113052","1","0","","2018/9/28 18:10:39.1330000","1","2017/9/28 18:10:39.1330000","9999/12/31 23:59:59.9970000"
"126","iGain (AB)","iGain(AB)","","113052","1","0","","2018/9/28 18:10:39.1400000","1","2017/9/28 18:10:39.1400000","9999/12/31 23:59:59.9970000"
"127","iPrime (AB)","iPrime (AB)","","113014","1","0","","2018/9/28 18:10:39.1500000","1","2017/9/28 18:10:39.1500000","9999/12/31 23:59:59.9970000"
"128","iPrime (SK)","iPrime (SK)","","113014","1","0","","2018/9/28 18:10:39.1800000","1","2017/9/28 18:10:39.1700000","9999/12/31 23:59:59.9970000"
"129","LCS 1600","LCS 1600","","113070","1","0","","2018/9/28 18:10:39.2330000","1","2017/9/28 18:10:39.2200000","9999/12/31 23:59:59.9970000"
"130","LCS 1820","LCS 1820","","113072","1","0","","2018/9/28 18:10:39.2430000","1","2017/9/28 18:10:39.2430000","9999/12/31 23:59:59.9970000"
"131","LITEmix 1325 (AB)","LITEmix 1325 (AB)","","114709","1","0","","2018/9/28 18:10:39.2500000","1","2017/9/28 18:10:39.2500000","9999/12/31 23:59:59.9970000"
"132","LITEmix 1325 (SK)","LITEmix 1325 (SK)","","114709","1","0","","2018/9/28 18:10:39.2600000","1","2017/9/28 18:10:39.2570000","9999/12/31 23:59:59.9970000"
"133","LITEmix 1400 (AB)","LITEmix 1400 (AB)","","114715","1","0","","2018/9/28 18:10:39.2670000","1","2017/9/28 18:10:39.2670000","9999/12/31 23:59:59.9970000"
"134","LITEmix 1400 (SK)","LITEmix 1400 (SK)","","114715","1","0","","2018/9/28 18:10:39.2770000","1","2017/9/28 18:10:39.2730000","9999/12/31 23:59:59.9970000"
"135","LITEmix EC","LITEmix EC","","114707","1","0","","2018/9/28 18:10:39.2830000","1","2017/9/28 18:10:39.2800000","9999/12/31 23:59:59.9970000"
"136","PRODUCTIONmix 1500 PRO ","PRODUCTIONmix 1500 PRO ","","113409","1","0","","2018/9/28 18:10:39.2900000","1","2017/9/28 18:10:39.2900000","9999/12/31 23:59:59.9970000"
"137","PRODUCTIONmix 1600","PRODUCTIONmix 1600","","116020","1","0","","2018/9/28 18:10:39.3000000","1","2017/9/28 18:10:39.3000000","9999/12/31 23:59:59.9970000"
"138","PRODUCTIONmix 1600 (SK)","PRODUCTIONmix 1600 (SK)","","116020","1","0","","2018/9/28 18:10:39.3070000","1","2017/9/28 18:10:39.3070000","9999/12/31 23:59:59.9970000"
"139","PRODUCTIONmix 1725","PRODUCTIONmix 1725","","116421","1","0","","2018/9/28 18:10:39.3170000","1","2017/9/28 18:10:39.3130000","9999/12/31 23:59:59.9970000"
"140","PRODUCTIONmix EC","PRODUCTIONmix EC","","116417","1","0","","2018/9/28 18:10:39.3230000","1","2017/9/28 18:10:39.3230000","9999/12/31 23:59:59.9970000"
"141","PRODUCTIONmix EC (Sask)","PRODUCTIONmix EC (Sask)","","116417","1","0","","2018/9/28 18:10:39.3300000","1","2017/9/28 18:10:39.3300000","9999/12/31 23:59:59.9970000"
"142","PRODUCTIONmix LW","PRODUCTIONmix LW","","116423","1","0","","2018/9/28 18:10:39.3370000","1","2017/9/28 18:10:39.3370000","9999/12/31 23:59:59.9970000"
"143","PRODUCTIONmix LW (Sask)","PRODUCTIONmix LW (Sask)","","116423","1","0","","2018/9/28 18:10:39.3470000","1","2017/9/28 18:10:39.3430000","9999/12/31 23:59:59.9970000"
"144","PRODUCTIONmix THX ","PRODUCTIONmix THX ","","116419","1","0","","2018/9/28 18:10:39.3530000","1","2017/9/28 18:10:39.3530000","9999/12/31 23:59:59.9970000"
"145","Proteus Core","Proteus Core","","113030","1","0","","2018/9/28 18:10:39.3600000","1","2017/9/28 18:10:39.3600000","9999/12/31 23:59:59.9970000"
"146","Proteus LCS","Proteus LCS","","113034","1","0","","2018/9/28 18:10:39.3700000","1","2017/9/28 18:10:39.3700000","9999/12/31 23:59:59.9970000"
"147","Proteus Pro","Proteus Pro","IIN023575","113032","1","0","","2018/9/28 18:10:39.3800000","1","2017/9/28 18:10:39.3770000","9999/12/31 23:59:59.9970000"
"148","RAS II","RAS II","","113074","1","0","","2018/9/28 18:10:39.3900000","1","2017/9/28 18:10:39.3870000","9999/12/31 23:59:59.9970000"
"150","SanSeal HT","SanSeal HT","","113119","1","0","","2018/9/28 18:10:39.4000000","1","2017/9/28 18:10:39.3970000","9999/12/31 23:59:59.9970000"
"151","SSi","SSi","","113009","1","0","","2018/9/28 18:10:39.4100000","1","2017/9/28 18:10:39.4070000","9999/12/31 23:59:59.9970000"
"152","Superlite 13","Superlite 13","","113083","1","0","","2018/9/28 18:10:39.4200000","1","2017/9/28 18:10:39.4170000","9999/12/31 23:59:59.9970000"
"153","Superlite 13 (CDM-5)","Superlite 13 (CDM-5)","","113083","1","0","","2018/9/28 18:10:39.4270000","1","2017/9/28 18:10:39.4270000","9999/12/31 23:59:59.9970000"
"154","SUPERLITEmix PRO HT ","SUPERLITEmix PRO HT ","","113107","1","0","","2018/9/28 18:10:39.4400000","1","2017/9/28 18:10:39.4370000","9999/12/31 23:59:59.9970000"
"155","SUPERLITEmix PRO ","SUPERLITEmix PRO ","","113087","1","0","","2018/9/28 18:10:39.4470000","1","2017/9/28 18:10:39.4470000","9999/12/31 23:59:59.9970000"
"156","SURFACEmix LW (SK) ","SURFACEmix LW (SK) ","","113404","1","0","","2018/9/28 18:10:39.4530000","1","2017/9/28 18:10:39.4530000","9999/12/31 23:59:59.9970000"
"157","SURFACEmix LW PRO ","SURFACEmix LW PRO ","","116016","1","0","","2018/9/28 18:10:39.4700000","1","2017/9/28 18:10:39.4670000","9999/12/31 23:59:59.9970000"
"158","SURFACEmix LW PRO (SK) ","SURFACEmix LW PRO (SK) ","","116016","1","0","","2018/9/28 18:10:39.4770000","1","2017/9/28 18:10:39.4770000","9999/12/31 23:59:59.9970000"
"159","SURFACEmix PRO","SURFACEmix PRO","","113403","1","0","","2018/9/28 18:10:39.4900000","1","2017/9/28 18:10:39.4870000","9999/12/31 23:59:59.9970000"
"160","SURFACEmix PRO SL","SURFACEmix PRO SL","","113436","1","0","","2018/9/28 18:10:39.4970000","1","2017/9/28 18:10:39.4930000","9999/12/31 23:59:59.9970000"
"161","SURFACEmix SLW","SURFACEmix SLW","","113406","1","0","","2018/9/28 18:10:39.5030000","1","2017/9/28 18:10:39.5030000","9999/12/31 23:59:59.9970000"
"162","SurfLite (SK) ","SurfLite (SK) ","","113004","1","0","","2018/9/28 18:10:39.5170000","1","2017/9/28 18:10:39.5130000","9999/12/31 23:59:59.9970000"
"163","Thermal 40","Thermal 40","IIN023570","113060","1","0","","2018/9/28 18:10:39.5270000","1","2017/9/28 18:10:39.5200000","9999/12/31 23:59:59.9970000"
"164","Thermal 40 EXP","Thermal 40 EXP","","113062","1","0","","2018/9/28 18:10:39.5370000","1","2017/9/28 18:10:39.5370000","9999/12/31 23:59:59.9970000"
"165","THERMAmix EC","THERMAmix EC","","114717","1","0","","2018/9/28 18:10:39.5470000","1","2017/9/28 18:10:39.5470000","9999/12/31 23:59:59.9970000"
"166","THERMAmix LT","THERMAmix LT","","116414","1","0","","2018/9/28 18:10:39.5530000","1","2017/9/28 18:10:39.5530000","9999/12/31 23:59:59.9970000"
"168","ThixLite HT (AB) ","ThixLite HT (AB) ","","113026","1","0","","2018/9/28 18:10:39.5630000","1","2017/9/28 18:10:39.5600000","9999/12/31 23:59:59.9970000"
"169","ThixLite HT (SK) ","ThixLite HT (SK) ","","113026","1","0","","2018/9/28 18:10:39.5700000","1","2017/9/28 18:10:39.5670000","9999/12/31 23:59:59.9970000"
"170","SURFACEmix LW PRO SL","SURFACEmix LW PRO SL","","113380","1","0","","2018/9/28 18:10:39.5770000","1","2017/9/28 18:10:39.5770000","9999/12/31 23:59:59.9970000"
"171","LDP-C-0117","LDP-C-0117","","113316","1","0","","2018/9/28 18:10:39.5870000","1","2017/9/28 18:10:39.5830000","9999/12/31 23:59:59.9970000"
"172","SUPERLITEmix 1160","SUPERLITEmix 1160","","114711","1","0","","2018/9/28 18:10:39.5930000","1","2017/9/28 18:10:39.5930000","9999/12/31 23:59:59.9970000"
"173","SURFACEmix LW PRO + Additives","SURFACEmix LW PRO  + Additives","","116114","1","0","","2018/9/28 18:10:39.6030000","1","2017/9/28 18:10:39.6000000","9999/12/31 23:59:59.9970000"
"174","0:1:0 'C' + Additives","0:1:0 'C' + Additives","","","1","0","","2018/9/28 18:10:39.9000000","1","2017/9/28 18:10:39.8900000","9999/12/31 23:59:59.9970000"
"175","0:1:0 'G' + Additives","0:1:0 'G' + Additives","","113001","1","0","","2018/9/28 18:10:39.9600000","1","2017/9/28 18:10:39.9570000","9999/12/31 23:59:59.9970000"
"176","0:1:12 'G' + Additives","0:1:12 'G' + Additives","","113001","1","0","","2018/9/28 18:10:39.9670000","1","2017/9/28 18:10:39.9670000","9999/12/31 23:59:59.9970000"
"177","0:1:2 'G' + Additives","0:1:2 'G' + Additives","","113001","1","0","","2018/9/28 18:10:39.9770000","1","2017/9/28 18:10:39.9770000","9999/12/31 23:59:59.9970000"
"178","0:1:4 'G' + Additives","0:1:4 'G' + Additives","","113001","1","0","","2018/9/28 18:10:39.9870000","1","2017/9/28 18:10:39.9830000","9999/12/31 23:59:59.9970000"
"179","0:1:6 'G' + Additives","0:1:6 'G' + Additives","","113001","1","0","","2018/9/28 18:10:39.9930000","1","2017/9/28 18:10:39.9930000","9999/12/31 23:59:59.9970000"
"180","0:1:8 'G' + Additives","0:1:8 'G' + Additives","","113001","1","0","","2018/9/28 18:10:40.0000000","1","2017/9/28 18:10:40.0000000","9999/12/31 23:59:59.9970000"
"181","1:1:0 'G' + Additives","1:1:0 'G' + Additives","","113003","1","0","","2018/9/28 18:10:40.0070000","1","2017/9/28 18:10:40.0070000","9999/12/31 23:59:59.9970000"
"182","1:1:12 'G' + Additives","1:1:12 'G' + Additives","","113003","1","0","","2018/9/28 18:10:40.0170000","1","2017/9/28 18:10:40.0170000","9999/12/31 23:59:59.9970000"
"183","1:1:2 'G' + Additives","1:1:2 'G' + Additives","","113003","1","0","","2018/9/28 18:10:40.0230000","1","2017/9/28 18:10:40.0230000","9999/12/31 23:59:59.9970000"
"184","1:1:4 'G' + Additives","1:1:4 'G' + Additives","","113003","1","0","","2018/9/28 18:10:40.0330000","1","2017/9/28 18:10:40.0300000","9999/12/31 23:59:59.9970000"
"185","1:1:6 'G' + Additives","1:1:6 'G' + Additives","","113003","1","0","","2018/9/28 18:10:40.0400000","1","2017/9/28 18:10:40.0400000","9999/12/31 23:59:59.9970000"
"186","1:1:8 'G' + Additives","1:1:8 'G' + Additives","","113003","1","0","","2018/9/28 18:10:40.0500000","1","2017/9/28 18:10:40.0470000","9999/12/31 23:59:59.9970000"
"187","2:1:0 'G' + Additives","2:1:0 'G' + Additives","","","1","0","","2018/9/28 18:10:40.0600000","1","2017/9/28 18:10:40.0600000","9999/12/31 23:59:59.9970000"
"188","2:1:12 'G' + Additives","2:1:12 'G' + Additives","","","1","0","","2018/9/28 18:10:40.0700000","1","2017/9/28 18:10:40.0700000","9999/12/31 23:59:59.9970000"
"189","2:1:2 'G' + Additives","2:1:2 'G' + Additives","","","1","0","","2018/9/28 18:10:40.0800000","1","2017/9/28 18:10:40.0770000","9999/12/31 23:59:59.9970000"
"190","2:1:4 'G' + Additives","2:1:4 'G' + Additives","","","1","0","","2018/9/28 18:10:40.0870000","1","2017/9/28 18:10:40.0870000","9999/12/31 23:59:59.9970000"
"191","2:1:6 'G' + Additives","2:1:6 'G' + Additives","","","1","0","","2018/9/28 18:10:40.0930000","1","2017/9/28 18:10:40.0930000","9999/12/31 23:59:59.9970000"
"192","2:1:8 'G' + Additives","2:1:8 'G' + Additives","","","1","0","","2018/9/28 18:10:40.1030000","1","2017/9/28 18:10:40.1000000","9999/12/31 23:59:59.9970000"
"193","1:1:0 'G' (Sask) + Additives","1:1:0 'G' (Sask) + Additives","","113003","1","0","","2018/9/28 18:10:40.1100000","1","2017/9/28 18:10:40.1100000","9999/12/31 23:59:59.9970000"
"194","1:1:12 'G' (Sask) + Additives","1:1:12 'G' (Sask) + Additives","","113003","1","0","","2018/9/28 18:10:40.1200000","1","2017/9/28 18:10:40.1200000","9999/12/31 23:59:59.9970000"
"195","1:1:2 'G' (Sask) + Additives","1:1:2 'G' (Sask) + Additives","","113003","1","0","","2018/9/28 18:10:40.1300000","1","2017/9/28 18:10:40.1300000","9999/12/31 23:59:59.9970000"
"196","1:1:4 'G' (Sask) + Additives","1:1:4 'G' (Sask) + Additives","","113003","1","0","","2018/9/28 18:10:40.1400000","1","2017/9/28 18:10:40.1400000","9999/12/31 23:59:59.9970000"
"197","1:1:6 'G' (Sask) + Additives","1:1:6 'G' (Sask) + Additives","","113003","1","0","","2018/9/28 18:10:40.1500000","1","2017/9/28 18:10:40.1470000","9999/12/31 23:59:59.9970000"
"198","1:1:8 'G' (Sask) + Additives","1:1:8 'G' (Sask) + Additives","","113003","1","0","","2018/9/28 18:10:40.1570000","1","2017/9/28 18:10:40.1570000","9999/12/31 23:59:59.9970000"
"199","2:1:0 'G' (Sask) + Additives","2:1:0 'G' (Sask) + Additives","","","1","0","","2018/9/28 18:10:40.1670000","1","2017/9/28 18:10:40.1630000","9999/12/31 23:59:59.9970000"
"200","2:1:12 'G' (Sask) + Additives","2:1:12 'G' (Sask) + Additives","","","1","0","","2018/9/28 18:10:40.1770000","1","2017/9/28 18:10:40.1770000","9999/12/31 23:59:59.9970000"
"201","2:1:2 'G' (Sask) + Additives","2:1:2 'G' (Sask) + Additives","","","1","0","","2018/9/28 18:10:40.1930000","1","2017/9/28 18:10:40.1870000","9999/12/31 23:59:59.9970000"
"202","2:1:4 'G' (Sask) + Additives","2:1:4 'G' (Sask) + Additives","","","1","0","","2018/9/28 18:10:40.2330000","1","2017/9/28 18:10:40.2200000","9999/12/31 23:59:59.9970000"
"203","2:1:6 'G' (Sask) + Additives","2:1:6 'G' (Sask) + Additives","","","1","0","","2018/9/28 18:10:40.2770000","1","2017/9/28 18:10:40.2770000","9999/12/31 23:59:59.9970000"
"204","2:1:8 'G' (Sask) + Additives","2:1:8 'G' (Sask) + Additives","","","1","0","","2018/9/28 18:10:40.2870000","1","2017/9/28 18:10:40.2870000","9999/12/31 23:59:59.9970000"
"205","Expandomix + Additives","Expandomix + Additives","","113041","1","0","","2018/9/28 18:10:40.2970000","1","2017/9/28 18:10:40.2930000","9999/12/31 23:59:59.9970000"
"206","EXPANDOmix PRO HT + Additives","EXPANDOmix PRO HT + Additives","","116442","1","0","","2018/9/28 18:10:40.3030000","1","2017/9/28 18:10:40.3030000","9999/12/31 23:59:59.9970000"
"207","EXPANDOmix PRO LT + Additives","EXPANDOmix PRO LT + Additives","","116444","1","0","","2018/9/28 18:10:40.3130000","1","2017/9/28 18:10:40.3100000","9999/12/31 23:59:59.9970000"
"208","Expandomix HT + Additives","Expandomix HT + Additives","","113045","1","0","","2018/9/28 18:10:40.3200000","1","2017/9/28 18:10:40.3170000","9999/12/31 23:59:59.9970000"
"209","Expandomix LWL + Additives","Expandomix LWL + Additives","","113043","1","0","","2018/9/28 18:10:40.3300000","1","2017/9/28 18:10:40.3270000","9999/12/31 23:59:59.9970000"
"210","EXPANDOmix PRO HT (Sask) + Additives","EXPANDOmix PRO HT (Sask) + Additives","","116442","1","0","","2018/9/28 18:10:40.3400000","1","2017/9/28 18:10:40.3370000","9999/12/31 23:59:59.9970000"
"211","EXPANDOmix PRO LT (Sask) + Additives","EXPANDOmix PRO LT (Sask) + Additives","","116444","1","0","","2018/9/28 18:10:40.3500000","1","2017/9/28 18:10:40.3470000","9999/12/31 23:59:59.9970000"
"212","Expandomix HT (SK) + Additives","Expandomix HT (SK) + Additives","","113045","1","0","","2018/9/28 18:10:40.3570000","1","2017/9/28 18:10:40.3570000","9999/12/31 23:59:59.9970000"
"213","Glacial Mix + Additives","Glacial Mix + Additives","","113412","1","0","","2018/9/28 18:10:40.3700000","1","2017/9/28 18:10:40.3670000","9999/12/31 23:59:59.9970000"
"214","iBond + Additives","iBond + Additives","","113065","1","0","","2018/9/28 18:10:40.3800000","1","2017/9/28 18:10:40.3770000","9999/12/31 23:59:59.9970000"
"215","ASC IV + Additives","ASC IV + Additives","","113315","1","0","","2018/9/28 18:10:40.3870000","1","2017/9/28 18:10:40.3830000","9999/12/31 23:59:59.9970000"
"216","iGain (SK) + Additives","iGain (SK) + Additives","","113053","1","0","","2018/9/28 18:10:40.3930000","1","2017/9/28 18:10:40.3930000","9999/12/31 23:59:59.9970000"
"217","iGain (AB) + Additives","iGain(AB) + Additives","","113053","1","0","","2018/9/28 18:10:40.4000000","1","2017/9/28 18:10:40.4000000","9999/12/31 23:59:59.9970000"
"218","iPrime (AB) + Additives","iPrime (AB) + Additives","","113015","1","0","","2018/9/28 18:10:40.4130000","1","2017/9/28 18:10:40.4100000","9999/12/31 23:59:59.9970000"
"219","iPrime (SK) + Additives","iPrime (SK) + Additives","","113015","1","0","","2018/9/28 18:10:40.4230000","1","2017/9/28 18:10:40.4200000","9999/12/31 23:59:59.9970000"
"220","LCS 1600 + Additives","LCS 1600 + Additives","","113071","1","0","","2018/9/28 18:10:40.4300000","1","2017/9/28 18:10:40.4300000","9999/12/31 23:59:59.9970000"
"221","LCS 1820 + Additives","LCS 1820 + Additives","","113073","1","0","","2018/9/28 18:10:40.4370000","1","2017/9/28 18:10:40.4370000","9999/12/31 23:59:59.9970000"
"222","LITEmix 1325 (AB) + Additives","LITEmix 1325 (AB) + Additives","","114710","1","0","","2018/9/28 18:10:40.4430000","1","2017/9/28 18:10:40.4430000","9999/12/31 23:59:59.9970000"
"223","LITEmix 1325 (SK) + Additives","LITEmix 1325 (SK) + Additives","","114710","1","0","","2018/9/28 18:10:40.4530000","1","2017/9/28 18:10:40.4500000","9999/12/31 23:59:59.9970000"
"224","LITEmix 1400 (AB) + Additives","LITEmix 1400 (AB) + Additives","","114716","1","0","","2018/9/28 18:10:40.4600000","1","2017/9/28 18:10:40.4600000","9999/12/31 23:59:59.9970000"
"225","LITEmix 1400 (SK) + Additives","LITEmix 1400 (SK) + Additives","","114716","1","0","","2018/9/28 18:10:40.4700000","1","2017/9/28 18:10:40.4670000","9999/12/31 23:59:59.9970000"
"226","LITEmix EC + Additives","LITEmix EC + Additives","","114708","1","0","","2018/9/28 18:10:40.4770000","1","2017/9/28 18:10:40.4770000","9999/12/31 23:59:59.9970000"
"227","PRODUCTIONmix 1500 PRO + Additives","PRODUCTIONmix 1500 PRO + Additives","","113410","1","0","","2018/9/28 18:10:40.4870000","1","2017/9/28 18:10:40.4870000","9999/12/31 23:59:59.9970000"
"228","PRODUCTIONmix 1600 + Additives","PRODUCTIONmix 1600 + Additives","","116021","1","0","","2018/9/28 18:10:40.4970000","1","2017/9/28 18:10:40.4970000","9999/12/31 23:59:59.9970000"
"229","PRODUCTIONmix 1600 (SK) + Additives","PRODUCTIONmix 1600 (SK) + Additives","","116021","1","0","","2018/9/28 18:10:40.5070000","1","2017/9/28 18:10:40.5030000","9999/12/31 23:59:59.9970000"
"230","PRODUCTIONmix 1725 + Additives","PRODUCTIONmix 1725 + Additives","","116422","1","0","","2018/9/28 18:10:40.5200000","1","2017/9/28 18:10:40.5170000","9999/12/31 23:59:59.9970000"
"231","Proteus Pro + Additives","Proteus Pro + Additives","","113033","1","0","","2018/9/28 18:10:40.5300000","1","2017/9/28 18:10:40.5270000","9999/12/31 23:59:59.9970000"
"232","PRODUCTIONmix LW + Additives","PRODUCTIONmix LW + Additives","","116424","1","0","","2018/9/28 18:10:40.5400000","1","2017/9/28 18:10:40.5400000","9999/12/31 23:59:59.9970000"
"233","PRODUCTIONmix EC (Sask) + Additives","PRODUCTIONmix EC (Sask) + Additives","","116418","1","0","","2018/9/28 18:10:40.5500000","1","2017/9/28 18:10:40.5470000","9999/12/31 23:59:59.9970000"
"234","PRODUCTIONmix LW + Additives","PRODUCTIONmix LW + Additives","","116424","1","0","","2018/9/28 18:10:40.5600000","1","2017/9/28 18:10:40.5570000","9999/12/31 23:59:59.9970000"
"235","PRODUCTIONmix LW (Sask) + Additives","PRODUCTIONmix LW (Sask) + Additives","","116424","1","0","","2018/9/28 18:10:40.5700000","1","2017/9/28 18:10:40.5670000","9999/12/31 23:59:59.9970000"
"236","PRODUCTIONmix THX + Additives","PRODUCTIONmix THX + Additives","","116420","1","0","","2018/9/28 18:10:40.5800000","1","2017/9/28 18:10:40.5800000","9999/12/31 23:59:59.9970000"
"237","Proteus LCS + Additives","Proteus LCS + Additives","","113035","1","0","","2018/9/28 18:10:40.5930000","1","2017/9/28 18:10:40.5900000","9999/12/31 23:59:59.9970000"
"238","Proteus Core + Additives","Proteus Core + Additives","","113031","1","0","","2018/9/28 18:10:40.6030000","1","2017/9/28 18:10:40.6000000","9999/12/31 23:59:59.9970000"
"239","RAS II + Additives","RAS II + Additives","","113077","1","0","","2018/9/28 18:10:40.6100000","1","2017/9/28 18:10:40.6100000","9999/12/31 23:59:59.9970000"
"240","SanSeal + Additives","SanSeal + Additives","","113118","1","0","","2018/9/28 18:10:40.6200000","1","2017/9/28 18:10:40.6170000","9999/12/31 23:59:59.9970000"
"241","SanSeal HT + Additives","SanSeal HT + Additives","","113120","1","0","","2018/9/28 18:10:40.6330000","1","2017/9/28 18:10:40.6270000","9999/12/31 23:59:59.9970000"
"242","SSi + Additives","SSi + Additives","","113010","1","0","","2018/9/28 18:10:40.6670000","1","2017/9/28 18:10:40.6570000","9999/12/31 23:59:59.9970000"
"243","Superlite 13 + Additives","Superlite 13 + Additives","","113085","1","0","","2018/9/28 18:10:40.7030000","1","2017/9/28 18:10:40.7030000","9999/12/31 23:59:59.9970000"
"244","Superlite 13 (CDM-5) + Additives","Superlite 13 (CDM-5) + Additives","","113085","1","0","","2018/9/28 18:10:40.7130000","1","2017/9/28 18:10:40.7100000","9999/12/31 23:59:59.9970000"
"245","SUPERLITEmix PRO HT + Additives","SUPERLITEmix PRO HT + Additives","","116116","1","0","","2018/9/28 18:10:40.7230000","1","2017/9/28 18:10:40.7230000","9999/12/31 23:59:59.9970000"
"246","SUPERLITEmix PRO + Additives","SUPERLITEmix PRO + Additives","","116115","1","0","","2018/9/28 18:10:40.7370000","1","2017/9/28 18:10:40.7330000","9999/12/31 23:59:59.9970000"
"247","SURFACEmix LW (SK) + Additives","SURFACEmix LW (SK) + Additives","","113405","1","0","","2018/9/28 18:10:40.7470000","1","2017/9/28 18:10:40.7430000","9999/12/31 23:59:59.9970000"
"248","SURFACEmix LW PRO (SK) + Additives","SURFACEmix LW PRO (SK) + Additives","","116114","1","0","","2018/9/28 18:10:40.7530000","1","2017/9/28 18:10:40.7530000","9999/12/31 23:59:59.9970000"
"249","SURFACEmix PRO + Additives","SURFACEmix PRO + Additives","","113408","1","0","","2018/9/28 18:10:40.7630000","1","2017/9/28 18:10:40.7630000","9999/12/31 23:59:59.9970000"
"250","SURFACEmix PRO SL + Additives","SURFACEmix PRO SL + Additives","","113435","1","0","","2018/9/28 18:10:40.7770000","1","2017/9/28 18:10:40.7770000","9999/12/31 23:59:59.9970000"
"251","SURFACEmix SLW + Additives","SURFACEmix SLW + Additives","","113407","1","0","","2018/9/28 18:10:40.7870000","1","2017/9/28 18:10:40.7830000","9999/12/31 23:59:59.9970000"
"252","SurfLite (SK) + Additives","SurfLite (SK) + Additives","","113005","1","0","","2018/9/28 18:10:40.7970000","1","2017/9/28 18:10:40.7930000","9999/12/31 23:59:59.9970000"
"253","Thermal 40 + Additives","Thermal 40 + Additives","","113061","1","0","","2018/9/28 18:10:40.8030000","1","2017/9/28 18:10:40.8030000","9999/12/31 23:59:59.9970000"
"254","Thermal 40 EXP + Additives","Thermal 40 EXP + Additives","","113063","1","0","","2018/9/28 18:10:40.8130000","1","2017/9/28 18:10:40.8100000","9999/12/31 23:59:59.9970000"
"255","THERMAmix EC + Additives","THERMAmix EC + Additives","","114718","1","0","","2018/9/28 18:10:40.8230000","1","2017/9/28 18:10:40.8200000","9999/12/31 23:59:59.9970000"
"256","THERMAmix LT + Additives","THERMAmix LT + Additives","","116415","1","0","","2018/9/28 18:10:40.8300000","1","2017/9/28 18:10:40.8300000","9999/12/31 23:59:59.9970000"
"258","ThixLite HT (AB) + Additives","ThixLite HT (AB) + Additives","","113027","1","0","","2018/9/28 18:10:40.8400000","1","2017/9/28 18:10:40.8400000","9999/12/31 23:59:59.9970000"
"259","ThixLite HT (SK) + Additives","ThixLite HT (SK) + Additives","","113027","1","0","","2018/9/28 18:10:40.8500000","1","2017/9/28 18:10:40.8470000","9999/12/31 23:59:59.9970000"
"260","SURFACEmix LW PRO SL + Additives","SURFACEmix LW PRO SL + Additives","","113381","1","0","","2018/9/28 18:10:40.8600000","1","2017/9/28 18:10:40.8570000","9999/12/31 23:59:59.9970000"
"261","LDP-C-0117 + Additives","LDP-C-0117 + Additives","","113317","1","0","","2018/9/28 18:10:40.8670000","1","2017/9/28 18:10:40.8670000","9999/12/31 23:59:59.9970000"
"262","SUPERLITEmix 1160 + Additives","SUPERLITEmix 1160 + Additives","","114712","1","0","","2018/9/28 18:10:40.8770000","1","2017/9/28 18:10:40.8770000","9999/12/31 23:59:59.9970000"
"263","0:1:0 'A' + Additives","0:1:0 'A' + Additives","","113050","1","0","","2018/9/28 18:10:39.8230000","1","2017/9/28 18:10:39.8030000","9999/12/31 23:59:59.9970000"
"264","Sil 1","Sil 1","IIN023203","","1","0","","2018/9/28 18:10:40.8870000","1","2017/9/28 18:10:40.8830000","9999/12/31 23:59:59.9970000"
"265","Sil 4","Sil 4","IIN023204","","1","0","","2018/9/28 18:10:40.8970000","1","2017/9/28 18:10:40.8930000","9999/12/31 23:59:59.9970000"
"266","SUPERLITEmix 1160x","SUPERLITEmix 1160x","","116447","1","0","","2018/9/28 18:10:40.9030000","1","2017/9/28 18:10:40.9030000","9999/12/31 23:59:59.9970000"
"267","SUPERLITEmix 1160x + Additives","SUPERLITEmix 1160x + Additives","","116448","1","0","","2018/9/28 18:10:40.9130000","1","2017/9/28 18:10:40.9130000","9999/12/31 23:59:59.9970000"
"268","SUPERLITEmix 1100x","SUPERLITEmix 1100x","","116445","1","0","","2018/9/28 18:10:40.9230000","1","2017/9/28 18:10:40.9230000","9999/12/31 23:59:59.9970000"
"269","SUPERLITEmix 1100x + Additives","SUPERLITEmix 1100x + Additives","","116446","1","0","","2018/9/28 18:10:40.9330000","1","2017/9/28 18:10:40.9300000","9999/12/31 23:59:59.9970000"
"270","LDP-C-0517","LDP-C-0517 Thermal Lightweight Cement","","116427","1","0","","2018/9/28 18:10:40.9400000","1","2017/9/28 18:10:40.9400000","9999/12/31 23:59:59.9970000"
"271","LDP-C-0517 + Additives","LDP-C-0517 Thermal Lightweight Cement  + Additives","","116428","1","0","","2018/9/28 18:10:40.9530000","1","2017/9/28 18:10:40.9530000","9999/12/31 23:59:59.9970000"
"272","THERMAmix SLW","THERMAmix SLW","","116429","1","0","","2018/9/28 18:10:40.9670000","1","2017/9/28 18:10:40.9630000","9999/12/31 23:59:59.9970000"
"273","THERMAmix SLW + Additives","THERMAmix SLW + Additives","","116430","1","0","","2018/9/28 18:10:40.9770000","1","2017/9/28 18:10:40.9730000","9999/12/31 23:59:59.9970000"
"274","THERMAmix PRO","THERMAmix PRO","","116431","1","0","","2018/9/28 18:10:40.9830000","1","2017/9/28 18:10:40.9830000","9999/12/31 23:59:59.9970000"
"275","THERMAmix PRO  + Additives","THERMAmix PRO  + Additives","","116432","1","0","","2018/9/28 18:10:40.9930000","1","2017/9/28 18:10:40.9900000","9999/12/31 23:59:59.9970000"
"276","MCR-9L","MCR-9L","IIN023201","113125","1","0","","2018/9/28 18:10:41.0000000","1","2017/9/28 18:10:41.0000000","9999/12/31 23:59:59.9970000"
"277","ECOmix","ECOmix","IIN054828","","1","0","","2018/9/28 18:10:41.0100000","1","2017/9/28 18:10:41.0070000","9999/12/31 23:59:59.9970000"
"278","SURFACEmix LW PRO SL (SK)","SURFACEmix LW PRO SL (SK)","","113380","1","0","","2018/9/28 18:10:41.0170000","1","2017/9/28 18:10:41.0170000","9999/12/31 23:59:59.9970000"
"279","SURFACEmix LW PRO SL (SK) + Additives","SURFACEmix LW PRO SL (SK) + Additives","","113381","1","0","","2018/9/28 18:10:41.0270000","1","2017/9/28 18:10:41.0270000","9999/12/31 23:59:59.9970000"
"280","THERMAmix THX","THERMAmix THX","","116117","1","0","","2018/9/28 18:10:41.0370000","1","2017/9/28 18:10:41.0370000","9999/12/31 23:59:59.9970000"
"281","THERMAmix THX + Additives","THERMAmix THX + Additives","","116124","1","0","","2018/9/28 18:10:41.0470000","1","2017/9/28 18:10:41.0470000","9999/12/31 23:59:59.9970000"
"282","SURFACEmix THX","SURFACEmix THX","","116133","1","0","","2018/9/28 18:10:41.0530000","1","2017/9/28 18:10:41.0530000","9999/12/31 23:59:59.9970000"
"283","SURFACEmix THX + Additives","SURFACEmix THX + Additives","","116134","1","0","","2018/9/28 18:10:41.0630000","1","2017/9/28 18:10:41.0600000","9999/12/31 23:59:59.9970000"
"284","Silica Flour - 325 Mesh","Silica Flour  - 325 Mesh","IIN023206","113295","1","0","","2018/9/28 18:10:41.0730000","1","2017/9/28 18:10:41.0700000","9999/12/31 23:59:59.9970000"
"285","SUPERLITEmix PRO X","SUPERLITEmix PRO X","","116449","1","0","","2018/9/28 18:10:41.0800000","1","2017/9/28 18:10:41.0800000","9999/12/31 23:59:59.9970000"
"286","SUPERLITEmix PRO X + Additives","SUPERLITEmix PRO X + Additives","","116450","1","0","","2018/9/28 18:10:41.0900000","1","2017/9/28 18:10:41.0870000","9999/12/31 23:59:59.9970000"
"287","Visweep","Visweep","","113180","1","0","","2018/9/28 18:10:41.1130000","1","2017/9/28 18:10:41.1030000","9999/12/31 23:59:59.9970000"
"288","Water Wet Max","Water Wet Max","","113181","1","0","","2018/9/28 18:10:41.1500000","1","2017/9/28 18:10:41.1400000","9999/12/31 23:59:59.9970000"
"289","Invert Spacer","Invert Spacer","","113190","1","0","","2018/9/28 18:10:41.2030000","1","2017/9/28 18:10:41.1870000","9999/12/31 23:59:59.9970000"
"290","Mud Flush","Mud Flush","","113195","1","0","","2018/9/28 18:10:41.2370000","1","2017/9/28 18:10:41.2370000","9999/12/31 23:59:59.9970000"
"291","Indicator Dye","Indicator Dye","","113197","1","0","","2018/9/28 18:10:41.2470000","1","2017/9/28 18:10:41.2430000","9999/12/31 23:59:59.9970000"
"292","Wellseal G","Wellseal G","","113204","1","0","","2018/9/28 18:10:41.2530000","1","2017/9/28 18:10:41.2530000","9999/12/31 23:59:59.9970000"
"293","Wellseal","Wellseal","","113205","1","0","","2018/9/28 18:10:41.2630000","1","2017/9/28 18:10:41.2600000","9999/12/31 23:59:59.9970000"
"294","RP-20 Cement Preflush","RP-20 Cement Preflush","","113217","1","0","","2018/9/28 18:10:41.2730000","1","2017/9/28 18:10:41.2700000","9999/12/31 23:59:59.9970000"
"295","One Part Spacer","One Part Spacer","","113424","1","0","","2018/9/28 18:10:41.2830000","1","2017/9/28 18:10:41.2800000","9999/12/31 23:59:59.9970000"
"296","BORAjel","BORAjel","","115005","1","0","","2018/9/28 18:10:41.2900000","1","2017/9/28 18:10:41.2900000","9999/12/31 23:59:59.9970000"
"297","WELLBLOCK 'T'","WELLBLOCK 'T'","","113298","1","0","","2018/9/28 18:10:41.3000000","1","2017/9/28 18:10:41.2970000","9999/12/31 23:59:59.9970000"
"298","SAPP","SAPP","IIN023193","113200","1","0","","2018/9/28 18:10:41.3070000","1","2017/9/28 18:10:41.3070000","9999/12/31 23:59:59.9970000"
"299","Fresh Water","Fresh Water","","","1","0","","2018/9/28 18:10:41.3170000","1","2017/9/28 18:10:41.3130000","9999/12/31 23:59:59.9970000"
"300","Base Oil","Base Oil","IIN023193","","1","0","","2018/9/28 18:10:41.3270000","1","2017/9/28 18:10:41.3230000","9999/12/31 23:59:59.9970000"
"301","AI-8","AI-8","IIN023008","114024","1","0","","2018/9/28 18:10:41.3630000","1","2017/9/28 18:10:41.3630000","9999/12/31 23:59:59.9970000"
"302","Aqueous Ammonia","Aqueous Ammonia","null","114182","1","0","","2018/9/28 18:10:41.3730000","1","2017/9/28 18:10:41.3700000","9999/12/31 23:59:59.9970000"
"303","ASA-3W","ASA-3W","IIN023014","114042","1","0","","2018/9/28 18:10:41.3970000","1","2017/9/28 18:10:41.3970000","9999/12/31 23:59:59.9970000"
"304","ASM-4","ASM-4","null","113415","1","0","","2018/9/28 18:10:41.4070000","1","2017/9/28 18:10:41.4030000","9999/12/31 23:59:59.9970000"
"305","ASM-6","ASM-6","IIN023132","114268","1","0","","2018/9/28 18:10:41.4170000","1","2017/9/28 18:10:41.4130000","9999/12/31 23:59:59.9970000"
"306","B-1008","B-1008","IIN023017","114202","1","0","","2018/9/28 18:10:41.4230000","1","2017/9/28 18:10:41.4200000","9999/12/31 23:59:59.9970000"
"307","BE-1","BE-1","null","114200","1","0","","2018/9/28 18:10:41.4300000","1","2017/9/28 18:10:41.4270000","9999/12/31 23:59:59.9970000"
"308","Bio-Clear 2000","Bio-Clear 2000","IIN054179","113449","1","0","","2018/9/28 18:10:41.4400000","1","2017/9/28 18:10:41.4370000","9999/12/31 23:59:59.9970000"
"309","Breaker-F","Breaker-F","IIN023033","114291","1","0","","2018/9/28 18:10:41.4500000","1","2017/9/28 18:10:41.4470000","9999/12/31 23:59:59.9970000"
"310","Breaker-O","Breaker-O","IIN023034","114295","1","0","","2018/9/28 18:10:41.4600000","1","2017/9/28 18:10:41.4570000","9999/12/31 23:59:59.9970000"
"311","Buffer F","Buffer F","null","114029","1","0","","2018/9/28 18:10:41.4670000","1","2017/9/28 18:10:41.4670000","9999/12/31 23:59:59.9970000"
"312","BX-1LB","BX-1LB","IIN023043","114369","1","0","","2018/9/28 18:10:41.4770000","1","2017/9/28 18:10:41.4770000","9999/12/31 23:59:59.9970000"
"313","CaCO3","CaCO3","null","114216","1","0","","2018/9/28 18:10:41.4870000","1","2017/9/28 18:10:41.4830000","9999/12/31 23:59:59.9970000"
"314","CAS-1","CAS-1","IIN023055","114050","1","0","","2018/9/28 18:10:41.4970000","1","2017/9/28 18:10:41.4930000","9999/12/31 23:59:59.9970000"
"315","CDF-3L","CDF-3L","IIN023085","113262","1","0","","2018/9/28 18:10:41.5070000","1","2017/9/28 18:10:41.5030000","9999/12/31 23:59:59.9970000"
"316","CDM-10","CDM-10","null","113421","1","0","","2018/9/28 18:10:41.5170000","1","2017/9/28 18:10:41.5130000","9999/12/31 23:59:59.9970000"
"317","CFL-14","CFL-14","null","113141","1","0","","2018/9/28 18:10:41.5370000","1","2017/9/28 18:10:41.5300000","9999/12/31 23:59:59.9970000"
"318","CFL-2","CFL-2","IIN023059","113131","1","0","","2018/9/28 18:10:41.5570000","1","2017/9/28 18:10:41.5570000","9999/12/31 23:59:59.9970000"
"319","D-2","D-2","IIN023082","114031","1","0","","2018/9/28 18:10:41.5670000","1","2017/9/28 18:10:41.5630000","9999/12/31 23:59:59.9970000"
"320","D-4","D-4","IIN023083","116008","1","0","","2018/9/28 18:10:41.5730000","1","2017/9/28 18:10:41.5700000","9999/12/31 23:59:59.9970000"
"321","DA-1","DA-1","IIN023118","113398","1","0","","2018/9/28 18:10:41.5970000","1","2017/9/28 18:10:41.5900000","9999/12/31 23:59:59.9970000"
"322","DF-1","DF-1","IIN023084","113255","1","0","","2018/9/28 18:10:41.6230000","1","2017/9/28 18:10:41.6230000","9999/12/31 23:59:59.9970000"
"323","DG-1","DG-1","IIN036454","113399","1","0","","2018/9/28 18:10:41.6330000","1","2017/9/28 18:10:41.6300000","9999/12/31 23:59:59.9970000"
"324","EF-1","EF-1","IIN037040","114051","1","0","","2018/9/28 18:10:41.6400000","1","2017/9/28 18:10:41.6370000","9999/12/31 23:59:59.9970000"
"325","HSSW-1","HSSW-1","IIN023106","114197","1","0","","2018/9/28 18:10:41.6530000","1","2017/9/28 18:10:41.6530000","9999/12/31 23:59:59.9970000"
"326","HTAI-4","HTAI-4","null","114025","1","0","","2018/9/28 18:10:41.6630000","1","2017/9/28 18:10:41.6600000","9999/12/31 23:59:59.9970000"
"327","HTAI-6","HTAI-6","null","114034","1","0","","2018/9/28 18:10:41.6670000","1","2017/9/28 18:10:41.6670000","9999/12/31 23:59:59.9970000"
"328","HTAI-8","HTAI-8","IIN023108","114035","1","0","","2018/9/28 18:10:41.6770000","1","2017/9/28 18:10:41.6730000","9999/12/31 23:59:59.9970000"
"329","ICA-7","ICA-7","IIN023112","114106","1","0","","2018/9/28 18:10:41.6830000","1","2017/9/28 18:10:41.6830000","9999/12/31 23:59:59.9970000"
"330","ICA-8","ICA-8","IIN023113","114108","1","0","","2018/9/28 18:10:41.6900000","1","2017/9/28 18:10:41.6900000","9999/12/31 23:59:59.9970000"
"331","ICA-8C","ICA-8C","IIN023114","114110","1","0","","2018/9/28 18:10:41.6970000","1","2017/9/28 18:10:41.6970000","9999/12/31 23:59:59.9970000"
"332","IPG-4","IPG-4","IIN023117","113216","1","0","","2018/9/28 18:10:41.7030000","1","2017/9/28 18:10:41.7030000","9999/12/31 23:59:59.9970000"
"333","ISA-1","ISA-1","null","114090","1","0","","2018/9/28 18:10:41.7130000","1","2017/9/28 18:10:41.7100000","9999/12/31 23:59:59.9970000"
"334","LCF-6","LCF-6","IIN023088","113249","1","0","","2018/9/28 18:10:41.7200000","1","2017/9/28 18:10:41.7200000","9999/12/31 23:59:59.9970000"
"335","LCG-12","LCG-12","null","113242","1","0","","2018/9/28 18:10:41.7270000","1","2017/9/28 18:10:41.7270000","9999/12/31 23:59:59.9970000"
"336","LCG-13","LCG-13","null","113243","1","0","","2018/9/28 18:10:41.7330000","1","2017/9/28 18:10:41.7330000","9999/12/31 23:59:59.9970000"
"337","LCG-8","LCG-8","null","113241","1","0","","2018/9/28 18:10:41.7430000","1","2017/9/28 18:10:41.7430000","9999/12/31 23:59:59.9970000"
"338","LCL-10","LCL-10","null","113252","1","0","","2018/9/28 18:10:41.7500000","1","2017/9/28 18:10:41.7500000","9999/12/31 23:59:59.9970000"
"339","LCL-7","LCL-7","IIN023175","113247","1","0","","2018/9/28 18:10:41.7570000","1","2017/9/28 18:10:41.7570000","9999/12/31 23:59:59.9970000"
"340","MCR-4","MCR-4","IIN023079","113124","1","0","","2018/9/28 18:10:41.7670000","1","2017/9/28 18:10:41.7630000","9999/12/31 23:59:59.9970000"
"341","MS-1","MS-1","IIN023154","114135","1","0","","2018/9/28 18:10:41.7730000","1","2017/9/28 18:10:41.7700000","9999/12/31 23:59:59.9970000"
"342","NaCl (Rock Salt)","NaCl (Rock Salt)","IIN023188","113104","1","0","","2018/9/28 18:10:41.7800000","1","2017/9/28 18:10:41.7800000","9999/12/31 23:59:59.9970000"
"343","Napthalene Flakes","Napthalene Flakes","null","114215","1","0","","2018/9/28 18:10:41.7900000","1","2017/9/28 18:10:41.7900000","9999/12/31 23:59:59.9970000"
"344","OWDA","OWDA","IIN023170","114220","1","0","","2018/9/28 18:10:41.8000000","1","2017/9/28 18:10:41.7970000","9999/12/31 23:59:59.9970000"
"345","S-101","S-101","IIN023182","114070","1","0","","2018/9/28 18:10:41.8070000","1","2017/9/28 18:10:41.8070000","9999/12/31 23:59:59.9970000"
"346","SANJET Sand","SANJET Sand","IIN023205","114375","1","0","","2018/9/28 18:10:41.8130000","1","2017/9/28 18:10:41.8130000","9999/12/31 23:59:59.9970000"
"347","SCC-1L","SCC-1L","IIN023194","114127","1","0","","2018/9/28 18:10:41.8200000","1","2017/9/28 18:10:41.8200000","9999/12/31 23:59:59.9970000"
"348","SCC-2L","SCC-2L","IIN023195","114128","1","0","","2018/9/28 18:10:41.8300000","1","2017/9/28 18:10:41.8270000","9999/12/31 23:59:59.9970000"
"349","SI-14W","SI-14W","IIN023201","114273","1","0","","2018/9/28 18:10:41.8370000","1","2017/9/28 18:10:41.8370000","9999/12/31 23:59:59.9970000"
"350","SR-1","SR-1","IIN023213","114284","1","0","","2018/9/28 18:10:41.8470000","1","2017/9/28 18:10:41.8430000","9999/12/31 23:59:59.9970000"
"351","SSCI","SSCI","IIN023214","114196","1","0","","2018/9/28 18:10:41.8530000","1","2017/9/28 18:10:41.8500000","9999/12/31 23:59:59.9970000"
"352","SSL -2","SSL -2","null","116252","1","0","","2018/9/28 18:10:41.8600000","1","2017/9/28 18:10:41.8600000","9999/12/31 23:59:59.9970000"
"353","StimSol 200","StimSol 200","IIN023216","114234","1","0","","2018/9/28 18:10:41.8700000","1","2017/9/28 18:10:41.8670000","9999/12/31 23:59:59.9970000"
"354","Stim-Wett Max I","Stim-Wett Max I","null","114237","1","0","","2018/9/28 18:10:41.8770000","1","2017/9/28 18:10:41.8770000","9999/12/31 23:59:59.9970000"
"355","Stim-Wett Max II","Stim-Wett Max II","null","114238","1","0","","2018/9/28 18:10:41.8870000","1","2017/9/28 18:10:41.8830000","9999/12/31 23:59:59.9970000"
"356","Stim-Wett Max III","Stim-Wett Max III","null","114239","1","0","","2018/9/28 18:10:41.8930000","1","2017/9/28 18:10:41.8900000","9999/12/31 23:59:59.9970000"
"357","Sugar","Sugar","IIN023217","113266","1","0","","2018/9/28 18:10:41.9000000","1","2017/9/28 18:10:41.9000000","9999/12/31 23:59:59.9970000"
"358","Toluene","Toluene","null","114236","1","0","","2018/9/28 18:10:41.9100000","1","2017/9/28 18:10:41.9070000","9999/12/31 23:59:59.9970000"
"359","WG-1L","WG-1L","IIN023235","113203","1","0","","2018/9/28 18:10:41.9230000","1","2017/9/28 18:10:41.9200000","9999/12/31 23:59:59.9970000"
"360","WG-2BL","WG-2BL","IIN023236","113210","1","0","","2018/9/28 18:10:41.9300000","1","2017/9/28 18:10:41.9300000","9999/12/31 23:59:59.9970000"
"361","WG-3L","WG-3L","IIN023237","113206","1","0","","2018/9/28 18:10:41.9370000","1","2017/9/28 18:10:41.9370000","9999/12/31 23:59:59.9970000"
"362","WG-4P","WG-4P","IIN023234","113207","1","0","","2018/9/28 18:10:41.9470000","1","2017/9/28 18:10:41.9430000","9999/12/31 23:59:59.9970000"
"363","WG-6P","WG-6P","IIN023132","113189","1","0","","2018/9/28 18:10:41.9530000","1","2017/9/28 18:10:41.9500000","9999/12/31 23:59:59.9970000"
"364","WG-6ZL","WG-6ZL","IIN023240","114383","1","0","","2018/9/28 18:10:41.9630000","1","2017/9/28 18:10:41.9600000","9999/12/31 23:59:59.9970000"
"365","WWS-1L","WWS-1L","IIN023183","113185","1","0","","2018/9/28 18:10:41.9700000","1","2017/9/28 18:10:41.9700000","9999/12/31 23:59:59.9970000"
"366","WWS-2L","WWS-2L","IIN023166","113186","1","0","","2018/9/28 18:10:41.9800000","1","2017/9/28 18:10:41.9770000","9999/12/31 23:59:59.9970000"
"367","WWS-3L","WWS-3L","IIN023242","113187","1","0","","2018/9/28 18:10:41.9870000","1","2017/9/28 18:10:41.9830000","9999/12/31 23:59:59.9970000"
"368","WWS-4L","WWS-4L","IIN054774","113188","1","0","","2018/9/28 18:10:42.0100000","1","2017/9/28 18:10:42.0070000","9999/12/31 23:59:59.9970000"
"369","12/20 Round Sand","12/20 Round Sand","null","113297","1","0","","2018/9/28 18:10:41.3330000","1","2017/9/28 18:10:41.3330000","9999/12/31 23:59:59.9970000"
"370","AI-4","AI-4","IIN023005","114021","1","0","","2018/9/28 18:10:41.3430000","1","2017/9/28 18:10:41.3430000","9999/12/31 23:59:59.9970000"
"371","AI-7","AI-7","IIN023007","114023","1","0","","2018/9/28 18:10:41.3570000","1","2017/9/28 18:10:41.3570000","9999/12/31 23:59:59.9970000"
"372","SURFACEmix PRO ED","SURFACEmix PRO ED","","113437","1","0","","2018/9/28 18:10:42.0170000","1","2017/9/28 18:10:42.0130000","9999/12/31 23:59:59.9970000"
"373","SURFACEmix PRO ED + Additives","SURFACEmix PRO ED + Additives","","113438","1","0","","2018/9/28 18:10:42.0230000","1","2017/9/28 18:10:42.0230000","9999/12/31 23:59:59.9970000"
"374","SURFACEmix PRO RD","SURFACEmix PRO RD","","113439","1","0","","2018/9/28 18:10:42.0330000","1","2017/9/28 18:10:42.0300000","9999/12/31 23:59:59.9970000"
"375","SURFACEmix PRO RD + Additives","SURFACEmix PRO RD + Additives","","113440","1","0","","2018/9/28 18:10:42.0400000","1","2017/9/28 18:10:42.0400000","9999/12/31 23:59:59.9970000"
"376","SURFACEmix PRO GP","SURFACEmix PRO GP","","113441","1","0","","2018/9/28 18:10:42.0470000","1","2017/9/28 18:10:42.0470000","9999/12/31 23:59:59.9970000"
"377","SURFACEmix PRO GP + Additives","SURFACEmix PRO GP + Additives","","113442","1","0","","2018/9/28 18:10:42.0530000","1","2017/9/28 18:10:42.0530000","9999/12/31 23:59:59.9970000"
"378","SURFACEmix PRO FJ","SURFACEmix PRO FJ","","113443","1","0","","2018/9/28 18:10:42.0630000","1","2017/9/28 18:10:42.0600000","9999/12/31 23:59:59.9970000"
"379","SURFACEmix PRO FJ + Additives","SURFACEmix PRO FJ + Additives","","113444","1","0","","2018/9/28 18:10:42.0700000","1","2017/9/28 18:10:42.0670000","9999/12/31 23:59:59.9970000"
"380","SURFACEmix LW PRO ED","SURFACEmix LW PRO ED","","113445","1","0","","2018/9/28 18:10:42.0770000","1","2017/9/28 18:10:42.0730000","9999/12/31 23:59:59.9970000"
"381","SURFACEmix LW PRO ED + Additives","SURFACEmix LW PRO ED + Additives","","113446","1","0","","2018/9/28 18:10:42.0830000","1","2017/9/28 18:10:42.0830000","9999/12/31 23:59:59.9970000"
"382","SURFACEmix LW PRO GP","SURFACEmix LW PRO GP","","113447","1","0","","2018/9/28 18:10:42.0970000","1","2017/9/28 18:10:42.0930000","9999/12/31 23:59:59.9970000"
"383","SURFACEmix LW PRO GP + Additives","SURFACEmix LW PRO GP + Additives","","113448","1","0","","2018/9/28 18:10:42.1230000","1","2017/9/28 18:10:42.1200000","9999/12/31 23:59:59.9970000"
"384","SURFACEmix LW PRO RD","SURFACEmix LW PRO RD","","113451","1","0","","2018/9/28 18:10:42.1300000","1","2017/9/28 18:10:42.1300000","9999/12/31 23:59:59.9970000"
"385","SURFACEmix LW PRO RD + Additives","SURFACEmix LW PRO RD + Additives","","113452","1","0","","2018/9/28 18:10:42.1400000","1","2017/9/28 18:10:42.1370000","9999/12/31 23:59:59.9970000"
"386","Fresh Water + Additives","Fresh Water + Additives","","","1","0","","2018/9/28 18:10:42.1470000","1","2017/9/28 18:10:42.1470000","9999/12/31 23:59:59.9970000"
"387","Base Oil + Additives","Base Oil + Additives","","","1","0","","2018/9/28 18:10:42.1570000","1","2017/9/28 18:10:42.1570000","9999/12/31 23:59:59.9970000"
"388","WELLBLOCK 'T' + Additives","WELLBLOCK 'T' + Additives","","","1","0","","2018/9/28 18:10:42.1700000","1","2017/9/28 18:10:42.1670000","9999/12/31 23:59:59.9970000"
"389","BORAjel + Additives","BORAjel + Additives","","","1","0","","2018/9/28 18:10:42.1800000","1","2017/9/28 18:10:42.1770000","9999/12/31 23:59:59.9970000"
"390","One Part Spacer + Additives","One Part Spacer + Additives","","","1","0","","2018/9/28 18:10:42.1930000","1","2017/9/28 18:10:42.1870000","9999/12/31 23:59:59.9970000"
"391","RP-20 + Additives","RP-20 + Additives","","","1","0","","2018/9/28 18:10:42.2330000","1","2017/9/28 18:10:42.2200000","9999/12/31 23:59:59.9970000"
"392","Wellseal + Additives","Wellseal + Additives","","","1","0","","2018/9/28 18:10:42.2870000","1","2017/9/28 18:10:42.2730000","9999/12/31 23:59:59.9970000"
"393","Wellseal G + Additives","Wellseal G + Additives","","","1","0","","2018/9/28 18:10:42.3170000","1","2017/9/28 18:10:42.3170000","9999/12/31 23:59:59.9970000"
"394","Indicator Dye + Additives","Indicator Dye + Additives","","","1","0","","2018/9/28 18:10:42.3270000","1","2017/9/28 18:10:42.3230000","9999/12/31 23:59:59.9970000"
"395","Mud Flush + Additives","Mud Flush + Additives","","","1","0","","2018/9/28 18:10:42.3330000","1","2017/9/28 18:10:42.3330000","9999/12/31 23:59:59.9970000"
"396","Invert Spacer + Additives","Invert Spacer + Additives","","","1","0","","2018/9/28 18:10:42.3430000","1","2017/9/28 18:10:42.3400000","9999/12/31 23:59:59.9970000"
"397","Water Wet Max + Additives","Water Wet Max + Additives","","","1","0","","2018/9/28 18:10:42.3530000","1","2017/9/28 18:10:42.3500000","9999/12/31 23:59:59.9970000"
"398","Visweep + Additives","Visweep + Additives","","","1","0","","2018/9/28 18:10:42.3600000","1","2017/9/28 18:10:42.3570000","9999/12/31 23:59:59.9970000"
"399","Sanjel Blended Acid Systems (S-BAS)","Sanjel Blended Acid Systems (S-BAS)","","114232","1","0","","2018/9/28 18:10:42.3670000","1","2017/9/28 18:10:42.3670000","9999/12/31 23:59:59.9970000"
"400","Sanjel Blended Solvent (Bsolv)","Sanjel Blended Solvent (Bsolv)","","114233","1","0","","2018/9/28 18:10:42.3730000","1","2017/9/28 18:10:42.3730000","9999/12/31 23:59:59.9970000"
"401","HCL 15%","HCL Blend - 15%","","114017","1","0","","2018/9/28 18:10:42.3830000","1","2017/9/28 18:10:42.3830000","9999/12/31 23:59:59.9970000"
"402","SURFACEmix LW PRO LLD","SURFACEmix LW PRO LLD","","113453","1","0","","2018/9/28 18:10:42.3930000","1","2017/9/28 18:10:42.3930000","9999/12/31 23:59:59.9970000"
"403","SURFACEmix LW PRO LLD + Additives","SURFACEmix LW PRO LLD + Additives","","113454","1","0","","2018/9/28 18:10:42.4000000","1","2017/9/28 18:10:42.4000000","9999/12/31 23:59:59.9970000"
"404","Scavenger","Scavenger","","","1","0","","2018/9/28 18:10:42.4100000","1","2017/9/28 18:10:42.4100000","9999/12/31 23:59:59.9970000"
"405","SUPERLITEmix 1160 C","SUPERLITEmix 1160 C","","","1","0","","2018/9/28 18:10:42.4200000","1","2017/9/28 18:10:42.4170000","9999/12/31 23:59:59.9970000"
"406","SUPERLITEmix 1160 C + Additives","SUPERLITEmix 1160 C + Additives","","116452","1","0","","2018/9/28 18:10:42.4270000","1","2017/9/28 18:10:42.4270000","9999/12/31 23:59:59.9970000"
"407","CDM-4X","CDM-4X","","","1","0","","2018/9/28 18:10:42.4370000","1","2017/9/28 18:10:42.4330000","9999/12/31 23:59:59.9970000"
"408","PRODUCTIONmix HZ","PRODUCTIONmix HZ","","116433","1","0","","2018/9/28 18:10:42.4470000","1","2017/9/28 18:10:42.4430000","9999/12/31 23:59:59.9970000"
"409","PRODUCTIONmix HZ + Additives","PRODUCTIONmix HZ + Additives","","116434","1","0","","2018/9/28 18:10:42.4530000","1","2017/9/28 18:10:42.4530000","9999/12/31 23:59:59.9970000"
"410","Ciment Fondue EC","Ciment Fondue EC","","116435","1","0","","2018/9/28 18:10:42.4630000","1","2017/9/28 18:10:42.4600000","9999/12/31 23:59:59.9970000"
"411","Ciment Fondue EC + Additives","Ciment Fondue EC + Additives","","116436","1","0","","2018/9/28 18:10:42.4700000","1","2017/9/28 18:10:42.4670000","9999/12/31 23:59:59.9970000"
"412","GCA-2","GCA-2 Gas Migration Control Additive","","113221","1","0","","2018/9/28 18:10:42.4770000","1","2017/9/28 18:10:42.4770000","9999/12/31 23:59:59.9970000"
"413","LDP-C-0418","LDP-C-0418 On the Fly Spacer","","113182","1","0","","2018/9/28 18:10:42.4870000","1","2017/9/28 18:10:42.4870000","9999/12/31 23:59:59.9970000"
"414","LDP-C-0518","LDP-C-0518 Gas Migration Control Additive","","113223","1","0","","2018/9/28 18:10:42.5000000","1","2017/9/28 18:10:42.4970000","9999/12/31 23:59:59.9970000"
"415","Silica Density Control Additive","Silica Density Control Additive","","113233","1","0","","2018/9/28 18:10:42.5100000","1","2017/9/28 18:10:42.5070000","9999/12/31 23:59:59.9970000"
"416","ACW-4","ACW-4 Completion Fluid Corrosion Inhibitor","","114194","1","0","","2018/9/28 18:10:42.5170000","1","2017/9/28 18:10:42.5170000","9999/12/31 23:59:59.9970000"
"417","LDP-C-0718","LDP-C-0718 - Cement Accelerator","","113308","1","0","","2018/9/28 18:10:42.5270000","1","2017/9/28 18:10:42.5270000","9999/12/31 23:59:59.9970000"
"418","LDP-C-0618","LDP-C-0618 - Lightweight Cement","","116453","1","0","","2018/9/28 18:10:42.5370000","1","2017/9/28 18:10:42.5370000","9999/12/31 23:59:59.9970000"
"419","LDP-C-0618 + Additives","LDP-C-0618 - Lightweight Cement + Adds","","116454","1","0","","2018/9/28 18:10:42.5470000","1","2017/9/28 18:10:42.5430000","9999/12/31 23:59:59.9970000"
"420","LDP-C-0418 + Additives","LDP-C-0418 + Additives","","","1","0","","2018/9/28 18:10:37.6270000","1","2017/9/28 18:10:37.6200000","9999/12/31 23:59:59.9970000"
