ID,SbsReleasedProductId,ServicePoint,Price,PriceUnit,UnitId
1,IIN023003,D603,5.15,1,l
2,IIN023003,D604,5.04,1,l
3,IIN023003,D615,5.17,1,l
4,IIN023003,D616,5.25,1,l
5,IIN023005,D604,5.5,1,l
6,IIN023014,D604,4.16,1,l
7,IIN023014,D616,4.14,1,l
8,IIN023017,D603,3.86,1,l
9,IIN023017,D604,3.85,1,l
10,IIN023017,D607,3.96,1,l
11,IIN023017,D612,3.85,1,l
12,IIN023017,D615,3.95,1,l
13,IIN023017,D616,4.08,1,l
14,IIN023019,D606,0.46,1,kg
15,IIN023019,D616,0.39,1,kg
16,IIN023022,D602,0.43,1,kg
17,IIN023022,D603,0.41,1,kg
18,IIN023022,D604,0.44,1,kg
19,IIN023022,D606,0.45,1,kg
20,IIN023022,D607,0.43,1,kg
21,IIN023022,D612,0.46,1,kg
22,IIN023022,D615,0.47,1,kg
23,IIN023022,D616,0.36,1,kg
24,IIN023022,D617,0.36,1,kg
25,IIN023029,D603,16.3,1,l
26,IIN023029,D604,25.38,1,l
27,IIN023029,D612,16.37,1,l
28,IIN023033,D604,12.82,1,kg
29,IIN023034,D603,4.63,1,kg
30,IIN023034,D606,4.63,1,kg
31,IIN023034,D607,4.63,1,kg
32,IIN023038,D607,110,1,l
33,IIN023043,D606,1.43,1,l
34,IIN023043,D607,2.51,1,l
35,IIN023049,D603,0.06,1,kg
36,IIN023049,D604,0.07,1,kg
37,IIN023049,D607,0.38,1,kg
38,IIN023049,D612,0.06,1,kg
39,IIN023049,D615,0.06,1,kg
40,IIN023049,D616,0.08,1,kg
41,IIN023049,D617,0.22,1,kg
42,IIN023050,D602,0.21,1,kg
43,IIN023050,D603,0.12,1,kg
44,IIN023050,D604,0.21,1,kg
45,IIN023050,D606,0.13,1,kg
46,IIN023050,D607,0.2,1,kg
47,IIN023050,D612,0.15,1,kg
48,IIN023050,D615,0.31,1,kg
49,IIN023050,D616,0.25,1,kg
50,IIN023052,D602,0.23,1,kg
51,IIN023052,D604,0.39,1,kg
52,IIN023052,D606,0.1,1,kg
53,IIN023052,D607,0.2,1,kg
54,IIN023052,D612,0.1,1,kg
55,IIN023052,D617,0.25,1,kg
56,IIN023054,D600,0.55,1,kg
57,IIN023054,D602,0.55,1,kg
58,IIN023054,D603,0.57,1,kg
59,IIN023054,D604,0.56,1,kg
60,IIN023054,D606,0.45,1,kg
61,IIN023054,D607,0.48,1,kg
62,IIN023054,D612,0.55,1,kg
63,IIN023054,D615,0.58,1,kg
64,IIN023054,D616,0.59,1,kg
65,IIN023054,D617,0.59,1,kg
66,IIN023054,D618,0.57,1,kg
67,IIN023059,D616,12.37,1,kg
68,IIN023060,D600,3.88,1,kg
69,IIN023060,D602,3.77,1,kg
70,IIN023060,D603,3.75,1,kg
71,IIN023060,D604,3.8,1,kg
72,IIN023060,D606,3.8,1,kg
73,IIN023060,D607,3.75,1,kg
74,IIN023060,D612,3.82,1,kg
75,IIN023060,D615,3.75,1,kg
76,IIN023060,D616,4.07,1,kg
77,IIN023060,D617,3.75,1,kg
78,IIN023060,D618,3.87,1,kg
79,IIN023061,D600,3.52,1,l
80,IIN023061,D602,4.99,1,l
81,IIN023061,D603,4.93,1,l
82,IIN023061,D604,4.96,1,l
83,IIN023061,D606,3.74,1,l
84,IIN023061,D607,4.9,1,l
85,IIN023061,D612,3.74,1,l
86,IIN023061,D615,4.99,1,l
87,IIN023061,D616,4.41,1,l
88,IIN023061,D617,3.56,1,l
89,IIN023061,D618,3.64,1,l
90,IIN023062,D600,19.75,1,kg
91,IIN023062,D603,19.69,1,kg
92,IIN023062,D604,19.73,1,kg
93,IIN023062,D606,19.76,1,kg
94,IIN023062,D607,19.75,1,kg
95,IIN023062,D612,19.64,1,kg
96,IIN023062,D615,19.74,1,kg
97,IIN023062,D616,19.75,1,kg
98,IIN023062,D617,19.76,1,kg
99,IIN023063,D603,8.84,1,kg
100,IIN023063,D604,8.83,1,kg
101,IIN023063,D612,8.91,1,kg
102,IIN023063,D615,9.37,1,kg
103,IIN023063,D617,8.82,1,kg
104,IIN023064,D602,18.34,1,kg
105,IIN023064,D604,18.51,1,kg
106,IIN023064,D606,19.56,1,kg
107,IIN023064,D612,18.34,1,kg
108,IIN023065,D604,20.86,1,kg
109,IIN023067,D602,2.73,1,kg
110,IIN023067,D603,2.6,1,kg
111,IIN023067,D604,2.6,1,kg
112,IIN023067,D606,2.6,1,kg
113,IIN023067,D607,2.63,1,kg
114,IIN023067,D612,2.6,1,kg
115,IIN023067,D615,2.62,1,kg
116,IIN023067,D616,2.62,1,kg
117,IIN023067,D617,2.61,1,kg
118,IIN023068,D600,2.8,1,kg
119,IIN023068,D602,2.83,1,kg
120,IIN023068,D603,2.82,1,kg
121,IIN023068,D604,2.83,1,kg
122,IIN023068,D606,2.8,1,kg
123,IIN023068,D607,2.79,1,kg
124,IIN023068,D612,2.81,1,kg
125,IIN023068,D615,2.8,1,kg
126,IIN023068,D616,2.82,1,kg
127,IIN023068,D617,2.8,1,kg
128,IIN023068,D618,2.81,1,kg
129,IIN023071,D603,1.79,1,kg
130,IIN023071,D604,1.86,1,kg
131,IIN023071,D606,1.83,1,kg
132,IIN023071,D607,1.73,1,kg
133,IIN023071,D612,1.73,1,kg
134,IIN023071,D615,1.89,1,kg
135,IIN023071,D616,1.94,1,kg
136,IIN023071,D617,1.92,1,kg
137,IIN023072,D607,233.8,1,mt
138,IIN023073,D602,236,1,mt
139,IIN023073,D603,252.72,1,mt
140,IIN023073,D604,268.21,1,mt
141,IIN023073,D606,239.6,1,mt
142,IIN023073,D607,244.46,1,mt
143,IIN023073,D612,234.89,1,mt
144,IIN023073,D615,277.32,1,mt
145,IIN023073,D616,233.69,1,mt
146,IIN023073,D617,241.99,1,mt
147,IIN023074,D600,220,1,mt
148,IIN023074,D602,230,1,mt
149,IIN023074,D603,245.13,1,mt
150,IIN023074,D604,260.94,1,mt
151,IIN023074,D606,234.41,1,mt
152,IIN023074,D607,241.89,1,mt
153,IIN023074,D612,229,1,mt
154,IIN023074,D615,239.21,1,mt
155,IIN023074,D616,230.91,1,mt
156,IIN023074,D617,236.82,1,mt
157,IIN023074,D618,231,1,mt
158,IIN023079,D603,13.21,1,kg
159,IIN023082,D604,5.66,1,l
160,IIN023082,D616,6.25,1,l
161,IIN023083,D604,5.26,1,l
162,IIN023084,D616,6.24,1,l
163,IIN023085,D600,4.1,1,l
164,IIN023085,D602,4.11,1,l
165,IIN023085,D603,4.1,1,l
166,IIN023085,D604,4.1,1,l
167,IIN023085,D606,4.1,1,l
168,IIN023085,D607,4.1,1,l
169,IIN023085,D612,4.1,1,l
170,IIN023085,D615,4.44,1,l
171,IIN023085,D616,4.1,1,l
172,IIN023085,D617,4.1,1,l
173,IIN023085,D618,4.16,1,l
174,IIN023091,D602,0.1,1,kg
175,IIN023091,D603,0.11,1,kg
176,IIN023091,D604,0.13,1,kg
177,IIN023091,D606,0.11,1,kg
178,IIN023091,D607,0.11,1,kg
179,IIN023091,D612,0.1,1,kg
180,IIN023091,D615,0.16,1,kg
181,IIN023091,D617,0.13,1,kg
182,IIN023099,D602,0.78,1,kg
183,IIN023099,D603,0.76,1,kg
184,IIN023099,D604,0.77,1,kg
185,IIN023099,D606,0.77,1,kg
186,IIN023099,D607,0.77,1,kg
187,IIN023099,D612,0.75,1,kg
188,IIN023099,D615,0.78,1,kg
189,IIN023099,D616,0.75,1,kg
190,IIN023099,D617,0.75,1,kg
191,IIN023100,D603,9.35,1,kg
192,IIN023100,D604,9.69,1,kg
193,IIN023100,D612,9.99,1,kg
194,IIN023101,D612,1.81,1,kg
195,IIN023102,D602,0.3,1,kg
196,IIN023102,D603,0.3,1,kg
197,IIN023102,D604,0.3,1,kg
198,IIN023102,D606,0.3,1,kg
199,IIN023102,D607,0.3,1,kg
200,IIN023102,D612,0.3,1,kg
201,IIN023102,D615,0.33,1,kg
202,IIN023102,D616,0.3,1,kg
203,IIN023102,D617,0.31,1,kg
204,IIN023105,D604,1.54,1,kg
205,IIN023106,D604,3.71,1,l
206,IIN023106,D617,3.71,1,l
207,IIN023109,D604,4.44,1,kg
208,IIN023109,D606,4.46,1,kg
209,IIN023109,D612,4.43,1,kg
210,IIN023112,D616,31.96,1,kg
211,IIN023114,D604,12.32,1,kg
212,IIN023116,D602,199,1,mt
213,IIN023116,D603,216.69,1,mt
214,IIN023116,D604,225.4,1,mt
215,IIN023116,D606,205.47,1,mt
216,IIN023116,D607,205.97,1,mt
217,IIN023116,D612,199.43,1,mt
218,IIN023116,D615,239.26,1,mt
219,IIN023116,D616,217.79,1,mt
220,IIN023116,D617,212.68,1,mt
221,IIN023117,D602,8.53,1,l
222,IIN023117,D603,8.86,1,l
223,IIN023117,D604,8.86,1,l
224,IIN023117,D607,10.11,1,l
225,IIN023117,D612,8.21,1,l
226,IIN023117,D615,8.8,1,l
227,IIN023117,D617,8.69,1,l
228,IIN023119,D603,0.66,1,kg
229,IIN023119,D604,0.65,1,kg
230,IIN023119,D606,0.62,1,kg
231,IIN023119,D607,0.59,1,kg
232,IIN023119,D612,0.71,1,kg
233,IIN023119,D615,0.97,1,kg
234,IIN023119,D616,1.07,1,kg
235,IIN023119,D617,0.67,1,kg
236,IIN023122,D602,0.52,1,kg
237,IIN023122,D603,0.52,1,kg
238,IIN023122,D604,0.52,1,kg
239,IIN023122,D606,0.52,1,kg
240,IIN023122,D607,0.53,1,kg
241,IIN023122,D612,0.52,1,kg
242,IIN023122,D615,0.53,1,kg
243,IIN023122,D616,0.67,1,kg
244,IIN023122,D617,0.52,1,kg
245,IIN023129,D604,11.85,1,kg
246,IIN023129,D612,11.85,1,kg
247,IIN023130,D603,9.57,1,kg
248,IIN023130,D604,8.98,1,kg
249,IIN023130,D612,9.57,1,kg
250,IIN023131,D600,5.5,1,kg
251,IIN023131,D602,5.5,1,kg
252,IIN023131,D603,5.5,1,kg
253,IIN023131,D604,5.5,1,kg
254,IIN023131,D606,5.56,1,kg
255,IIN023131,D607,5.51,1,kg
256,IIN023131,D612,5.5,1,kg
257,IIN023131,D615,5.88,1,kg
258,IIN023131,D616,5.5,1,kg
259,IIN023131,D617,5.5,1,kg
260,IIN023132,D604,9.8,1,kg
261,IIN023132,D615,9.8,1,kg
262,IIN023146,D600,1.57,1,kg
263,IIN023146,D602,1.41,1,kg
264,IIN023146,D603,1.82,1,kg
265,IIN023146,D604,1.58,1,kg
266,IIN023146,D606,1.83,1,kg
267,IIN023146,D607,1.41,1,kg
268,IIN023146,D612,1.89,1,kg
269,IIN023146,D615,1.83,1,kg
270,IIN023146,D616,1.44,1,kg
271,IIN023146,D617,1.45,1,kg
272,IIN023146,D618,1.45,1,kg
273,IIN023147,D602,0.38,1000,kg
274,IIN023147,D603,0.38,1000,kg
275,IIN023147,D604,0.42,1000,kg
276,IIN023147,D606,0.36,1000,kg
277,IIN023147,D607,0.37,1000,kg
278,IIN023147,D612,0.36,1000,kg
279,IIN023147,D615,0.45,1000,kg
280,IIN023147,D616,0.42,1000,kg
281,IIN023147,D617,0.42,1000,kg
282,IIN023148,D604,0.83,1,kg
283,IIN023148,D616,1.15,1,kg
284,IIN023148,D617,0.92,1,kg
285,IIN023153,D604,2.69,1,kg
286,IIN023153,D615,2.7,1,kg
287,IIN023154,D604,2.88,1,l
288,IIN023155,D616,3.65,1,l
289,IIN023166,D602,3.3,1,l
290,IIN023166,D603,3.3,1,l
291,IIN023166,D604,3.3,1,l
292,IIN023166,D607,3.3,1,l
293,IIN023166,D612,3.3,1,l
294,IIN023166,D615,3.34,1,l
295,IIN023166,D616,3.44,1,l
296,IIN023166,D617,3.19,1,l
297,IIN023171,D602,0.4,1,kg
298,IIN023171,D603,0.4,1,kg
299,IIN023171,D604,0.4,1,kg
300,IIN023171,D606,0.39,1,kg
301,IIN023171,D607,0.38,1,kg
302,IIN023171,D612,0.39,1,kg
303,IIN023171,D615,0.41,1,kg
304,IIN023171,D616,0.38,1,kg
305,IIN023171,D617,0.38,1,kg
306,IIN023178,D602,5.34,1,kg
307,IIN023178,D604,5.53,1,kg
308,IIN023178,D606,5.26,1,kg
309,IIN023178,D607,5.27,1,kg
310,IIN023178,D612,5.4,1,kg
311,IIN023178,D615,5.45,1,kg
312,IIN023179,D600,7.89,1,kg
313,IIN023179,D602,9.6,1,kg
314,IIN023179,D603,7.88,1,kg
315,IIN023179,D604,8.04,1,kg
316,IIN023179,D606,7.87,1,kg
317,IIN023179,D607,7.88,1,kg
318,IIN023179,D612,9.23,1,kg
319,IIN023179,D615,8.66,1,kg
320,IIN023179,D616,7.88,1,kg
321,IIN023179,D617,7.87,1,kg
322,IIN023179,D618,7.88,1,kg
323,IIN023182,D616,4.98,1,l
324,IIN023188,D602,0.33,1,kg
325,IIN023188,D603,0.31,1,kg
326,IIN023188,D604,0.39,1,kg
327,IIN023188,D607,0.32,1,kg
328,IIN023188,D612,0.31,1,kg
329,IIN023188,D616,0.31,1,kg
330,IIN023188,D617,0.31,1,kg
331,IIN023189,D604,0.61,1,kg
332,IIN023192,D600,2.8,1,kg
333,IIN023192,D604,2.76,1,kg
334,IIN023192,D612,2.8,1,kg
335,IIN023192,D615,2.72,1,kg
336,IIN023193,D604,2.95,1,kg
337,IIN023193,D606,2.83,1,kg
338,IIN023193,D607,2.83,1,kg
339,IIN023193,D612,2.82,1,kg
340,IIN023194,D602,2.23,1,l
341,IIN023194,D603,1.48,1,l
342,IIN023194,D612,1.41,1,l
343,IIN023194,D615,2.09,1,l
344,IIN023195,D602,3.89,1,l
345,IIN023195,D603,3.74,1,l
346,IIN023195,D604,2.73,1,l
347,IIN023195,D612,2.46,1,l
348,IIN023195,D615,3.17,1,l
349,IIN023195,D616,2.61,1,l
350,IIN023196,D607,6.14,1,l
351,IIN023201,D602,4.6,1,l
352,IIN023201,D603,4.67,1,l
353,IIN023201,D604,4.26,1,l
354,IIN023201,D606,4.7,1,l
355,IIN023201,D612,4.7,1,l
356,IIN023201,D615,4.85,1,l
357,IIN023201,D616,4.98,1,l
358,IIN023203,D602,0.18,1,kg
359,IIN023203,D606,0.11,1,kg
360,IIN023203,D607,0.17,1,kg
361,IIN023203,D612,0.11,1,kg
362,IIN023204,D602,0.14,1,kg
363,IIN023204,D606,0.09,1,kg
364,IIN023204,D607,0.13,1,kg
365,IIN023204,D612,0.08,1,kg
366,IIN023205,D604,0.29,1,kg
367,IIN023205,D612,0.1,1,kg
368,IIN023207,D602,1.09,1,kg
369,IIN023207,D603,1.09,1,kg
370,IIN023207,D604,1.09,1,kg
371,IIN023207,D606,1.11,1,kg
372,IIN023207,D607,1.1,1,kg
373,IIN023207,D612,1.09,1,kg
374,IIN023207,D615,1.08,1,kg
375,IIN023207,D616,1.4,1,kg
376,IIN023207,D617,1.4,1,kg
377,IIN023208,D607,0.67,1,kg
378,IIN023208,D617,0.69,1,kg
379,IIN023209,D612,2.82,1,kg
380,IIN023212,D602,17.2,1,kg
381,IIN023212,D603,17.17,1,kg
382,IIN023212,D604,17.21,1,kg
383,IIN023212,D606,16.99,1,kg
384,IIN023212,D607,17.16,1,kg
385,IIN023212,D612,17.19,1,kg
386,IIN023212,D615,17.11,1,kg
387,IIN023212,D616,11.97,1,kg
388,IIN023212,D617,17.19,1,kg
389,IIN023214,D604,6.35,1,l
390,IIN023217,D603,1.68,1,kg
391,IIN023217,D604,2.06,1,kg
392,IIN023217,D612,2.5,1,kg
393,IIN023217,D615,1.67,1,kg
394,IIN023217,D617,1.63,1,kg
395,IIN023217,D618,1.62,1,kg
396,IIN023221,D603,1.56,1,kg
397,IIN023221,D604,1.56,1,kg
398,IIN023221,D612,1.56,1,kg
399,IIN023221,D615,1.65,1,kg
400,IIN023222,D602,0.56,1,kg
401,IIN023222,D603,1,1,kg
402,IIN023222,D604,0.98,1,kg
403,IIN023222,D606,0.97,1,kg
404,IIN023222,D607,0.87,1,kg
405,IIN023222,D612,0.99,1,kg
406,IIN023222,D615,0.94,1,kg
407,IIN023222,D616,1.05,1,kg
408,IIN023222,D617,1.3,1,kg
409,IIN023234,D603,11.36,1,kg
410,IIN023234,D604,9.09,1,kg
411,IIN023234,D612,11.37,1,kg
412,IIN023234,D615,9.69,1,kg
413,IIN023234,D616,13.1,1,kg
414,IIN023235,D604,6.18,1,l
415,IIN023235,D607,5.73,1,l
416,IIN023235,D612,6.59,1,l
417,IIN023235,D615,5.78,1,l
418,IIN023235,D616,6.86,1,l
419,IIN023235,D618,6.59,1,l
420,IIN023236,D603,4.96,1,l
421,IIN023237,D600,2.75,1,l
422,IIN023237,D602,2.75,1,l
423,IIN023237,D603,2.75,1,l
424,IIN023237,D604,2.75,1,l
425,IIN023237,D606,2.75,1,l
426,IIN023237,D607,2.75,1,l
427,IIN023237,D612,2.75,1,l
428,IIN023237,D615,2.75,1,l
429,IIN023237,D616,2.75,1,l
430,IIN023237,D617,2.75,1,l
431,IIN023237,D618,2.75,1,l
432,IIN023240,D602,4.32,1,l
433,IIN023240,D603,4.3,1,l
434,IIN023242,D602,3.57,1,l
435,IIN023242,D603,3.54,1,l
436,IIN023242,D604,3.56,1,l
437,IIN023242,D606,3.54,1,l
438,IIN023242,D607,3.54,1,l
439,IIN023242,D612,3.54,1,l
440,IIN023242,D615,3.82,1,l
441,IIN023242,D617,3.62,1,l
442,IIN023420,D603,156.32,1,ea
443,IIN023420,D604,155.37,1,ea
444,IIN023420,D606,151.23,1,ea
445,IIN023420,D607,156.32,1,ea
446,IIN023421,D603,155.9,1,ea
447,IIN023421,D604,157.41,1,ea
448,IIN023421,D606,151.66,1,ea
449,IIN023421,D607,155.89,1,ea
450,IIN023421,D615,156.32,1,ea
451,IIN023422,D606,89.58,1,ea
452,IIN023422,D607,94.94,1,ea
453,IIN023422,D615,89.58,1,ea
454,IIN023423,D602,475.38,1,ea
455,IIN023423,D603,455.63,1,ea
456,IIN023423,D604,445.87,1,ea
457,IIN023423,D606,447.15,1,ea
458,IIN023423,D607,475.38,1,ea
459,IIN023423,D618,475.38,1,ea
460,IIN023424,D602,517,1,ea
461,IIN023424,D604,427.63,1,ea
462,IIN023424,D606,485.72,1,ea
463,IIN023424,D607,517,1,ea
464,IIN023425,D603,338.55,1,ea
465,IIN023425,D604,340.76,1,ea
466,IIN023427,D603,149.55,1,ea
467,IIN023427,D604,150,1,ea
468,IIN023427,D606,150.03,1,ea
469,IIN023427,D607,150,1,ea
470,IIN023428,D606,498.97,1,ea
471,IIN023428,D607,433.32,1,ea
472,IIN023429,D606,425.05,1,ea
473,IIN023430,D604,23,1,ea
474,IIN023431,D604,36.42,1,ea
475,IIN023431,D615,36.42,1,ea
476,IIN023432,D604,24.72,1,ea
477,IIN023432,D615,23.5,1,ea
478,IIN023433,D600,22.66,1,ea
479,IIN023433,D602,25.06,1,ea
480,IIN023433,D603,24.34,1,ea
481,IIN023433,D604,26.13,1,ea
482,IIN023433,D606,24.22,1,ea
483,IIN023433,D607,24.41,1,ea
484,IIN023433,D615,22.66,1,ea
485,IIN023433,D616,24.97,1,ea
486,IIN023433,D617,24.47,1,ea
487,IIN023433,D618,24.44,1,ea
488,IIN023434,D600,24.67,1,ea
489,IIN023435,D600,24.35,1,ea
490,IIN023435,D602,24.35,1,ea
491,IIN023435,D603,24.35,1,ea
492,IIN023435,D604,23.41,1,ea
493,IIN023435,D606,24.35,1,ea
494,IIN023435,D607,24.35,1,ea
495,IIN023435,D615,27.6,1,ea
496,IIN023435,D616,23.37,1,ea
497,IIN023435,D617,24.35,1,ea
498,IIN023435,D618,24.35,1,ea
499,IIN023437,D604,42.33,1,ea
500,IIN023437,D615,42.33,1,ea
501,IIN023437,D616,43,1,ea
502,IIN023439,D600,37.19,1,ea
503,IIN023439,D602,37.19,1,ea
504,IIN023439,D603,37.67,1,ea
505,IIN023439,D604,37.26,1,ea
506,IIN023439,D607,37.17,1,ea
507,IIN023439,D615,34.39,1,ea
508,IIN023439,D616,36.86,1,ea
509,IIN023439,D617,37.23,1,ea
510,IIN023440,D606,38.05,1,ea
511,IIN023441,D600,33.15,1,ea
512,IIN023441,D602,33.15,1,ea
513,IIN023441,D603,32.52,1,ea
514,IIN023441,D604,33.16,1,ea
515,IIN023441,D607,32.1,1,ea
516,IIN023441,D615,35.72,1,ea
517,IIN023441,D616,31.85,1,ea
518,IIN023441,D617,33.16,1,ea
519,IIN023442,D606,29.16,1,ea
520,IIN023443,D604,35.33,1,ea
521,IIN023445,D600,63,1,ea
522,IIN023445,D602,63,1,ea
523,IIN023445,D603,63,1,ea
524,IIN023445,D604,63,1,ea
525,IIN023445,D606,63,1,ea
526,IIN023445,D607,63,1,ea
527,IIN023445,D615,65.47,1,ea
528,IIN023445,D616,63,1,ea
529,IIN023445,D617,63.13,1,ea
530,IIN023445,D618,63,1,ea
531,IIN023446,D600,63,1,ea
532,IIN023446,D616,62.92,1,ea
533,IIN023447,D600,63,1,ea
534,IIN023447,D602,63,1,ea
535,IIN023447,D603,63,1,ea
536,IIN023447,D604,63,1,ea
537,IIN023447,D606,63,1,ea
538,IIN023447,D607,63,1,ea
539,IIN023447,D615,62.31,1,ea
540,IIN023447,D616,62.98,1,ea
541,IIN023447,D617,63,1,ea
542,IIN023447,D618,63,1,ea
543,IIN023449,D600,44.78,1,ea
544,IIN023449,D603,41.15,1,ea
545,IIN023449,D604,41.39,1,ea
546,IIN023449,D606,44.49,1,ea
547,IIN023449,D607,44.88,1,ea
548,IIN023449,D615,42.31,1,ea
549,IIN023449,D616,42.1,1,ea
550,IIN023449,D617,43.78,1,ea
551,IIN023449,D618,43.94,1,ea
552,IIN023451,D603,79.26,1,ea
553,IIN023451,D604,76.77,1,ea
554,IIN023451,D615,79.26,1,ea
555,IIN023452,D603,76.79,1,ea
556,IIN023452,D604,74.49,1,ea
557,IIN023453,D600,94.43,1,ea
558,IIN023453,D602,94.6,1,ea
559,IIN023453,D603,93.2,1,ea
560,IIN023453,D604,94.13,1,ea
561,IIN023453,D607,93.2,1,ea
562,IIN023453,D615,129,1,ea
563,IIN023453,D616,93.99,1,ea
564,IIN023453,D617,93.04,1,ea
565,IIN023453,D618,96,1,ea
566,IIN023454,D606,92.56,1,ea
567,IIN023455,D600,90.5,1,ea
568,IIN023455,D602,91,1,ea
569,IIN023455,D603,90.07,1,ea
570,IIN023455,D604,90.47,1,ea
571,IIN023455,D607,91,1,ea
572,IIN023455,D615,90.34,1,ea
573,IIN023455,D616,90.5,1,ea
574,IIN023455,D617,90.14,1,ea
575,IIN023455,D618,89.43,1,ea
576,IIN023456,D606,88.5,1,ea
577,IIN023456,D616,88.5,1,ea
578,IIN023457,D600,74,1,ea
579,IIN023457,D603,52,1,ea
580,IIN023457,D604,64.5,1,ea
581,IIN023457,D606,69.9,1,ea
582,IIN023457,D607,70.7,1,ea
583,IIN023457,D615,64.5,1,ea
584,IIN023457,D616,69.15,1,ea
585,IIN023457,D617,64.63,1,ea
586,IIN023457,D618,72.22,1,ea
587,IIN023458,D604,24,1,ea
588,IIN023458,D615,24,1,ea
589,IIN023459,D604,24,1,ea
590,IIN023459,D615,24,1,ea
591,IIN023460,D600,103.19,1,ea
592,IIN023460,D602,106.4,1,ea
593,IIN023460,D603,107.18,1,ea
594,IIN023460,D604,103.19,1,ea
595,IIN023460,D606,107.86,1,ea
596,IIN023460,D607,103.66,1,ea
597,IIN023460,D615,190.35,1,ea
598,IIN023460,D616,105.37,1,ea
599,IIN023460,D618,215.77,1,ea
600,IIN023462,D600,109,1,ea
601,IIN023462,D602,107.69,1,ea
602,IIN023462,D603,109,1,ea
603,IIN023462,D604,109,1,ea
604,IIN023462,D606,109,1,ea
605,IIN023462,D607,108.38,1,ea
606,IIN023462,D615,105.07,1,ea
607,IIN023462,D616,109,1,ea
608,IIN023462,D617,109,1,ea
609,IIN023462,D618,109,1,ea
610,IIN023463,D616,105.38,1,ea
611,IIN023464,D600,80,1,ea
612,IIN023464,D602,79.79,1,ea
613,IIN023464,D603,79.51,1,ea
614,IIN023464,D604,79.3,1,ea
615,IIN023464,D606,79.94,1,ea
616,IIN023464,D607,79.79,1,ea
617,IIN023464,D615,71.01,1,ea
618,IIN023464,D616,79.98,1,ea
619,IIN023464,D617,80,1,ea
620,IIN023464,D618,80.39,1,ea
621,IIN023465,D602,155.97,1,ea
622,IIN023465,D603,146.24,1,ea
623,IIN023465,D604,115.81,1,ea
624,IIN023465,D606,164.5,1,ea
625,IIN023465,D607,141.5,1,ea
626,IIN023570,D606,180,1,mt
627,IIN032465,D600,10.7,1,kg
628,IIN032465,D602,10.25,1,kg
629,IIN032465,D603,10.27,1,kg
630,IIN032465,D604,10.63,1,kg
631,IIN032465,D606,11.1,1,kg
632,IIN032465,D607,11.3,1,kg
633,IIN032465,D612,10.51,1,kg
634,IIN032465,D615,10.72,1,kg
635,IIN032465,D616,11.31,1,kg
636,IIN032465,D617,11.31,1,kg
637,IIN032465,D618,10.77,1,kg
638,IIN036720,D603,307.15,1,ea
639,IIN036720,D604,306.68,1,ea
640,IIN036720,D607,389.49,1,ea
641,IIN036720,D615,307.16,1,ea
642,IIN036720,D616,418.17,1,ea
643,IIN036720,D617,412.88,1,ea
644,IIN036720,D618,385.19,1,ea
645,IIN036721,D603,134,1,ea
646,IIN036721,D604,134,1,ea
647,IIN036721,D607,388.43,1,ea
648,IIN036721,D615,249.71,1,ea
649,IIN036721,D616,418.46,1,ea
650,IIN036721,D617,392.76,1,ea
651,IIN036721,D618,372.15,1,ea
652,IIN038098,D615,4.99,1,l
653,IIN038276,D604,11.89,1,kg
654,IIN038276,D615,11.67,1,kg
655,IIN038353,D604,70.98,1,ea
656,IIN038354,D604,70.45,1,ea
657,IIN040784,D606,344.83,1,ea
658,IIN040784,D607,349.16,1,ea
659,IIN040784,D617,323.55,1,ea
660,IIN041176,D603,4.52,1,kg
661,IIN041176,D604,4.55,1,kg
662,IIN041176,D606,5.17,1,kg
663,IIN041176,D612,4.5,1,kg
664,IIN041176,D615,5.1,1,kg
665,IIN049712,D606,17.7,1,kg
666,IIN049712,D607,17.65,1,kg
667,IIN049713,D600,13.08,1,kg
668,IIN049713,D602,13.89,1,kg
669,IIN049713,D603,13.74,1,kg
670,IIN049713,D604,13.64,1,kg
671,IIN049713,D607,13.62,1,kg
672,IIN049713,D612,13.76,1,kg
673,IIN049713,D615,13.81,1,kg
674,IIN049713,D616,13.63,1,kg
675,IIN049713,D617,13.23,1,kg
676,IIN049713,D618,13.07,1,kg
677,IIN051265,D615,4.68,1,l
678,IIN052225,D602,2.43,1,kg
679,IIN052225,D603,2.44,1,kg
680,IIN052225,D604,2.42,1,kg
681,IIN052225,D606,2.47,1,kg
682,IIN052225,D607,2.42,1,kg
683,IIN052225,D612,2.42,1,kg
684,IIN052225,D615,2.51,1,kg
685,IIN052225,D616,2.57,1,kg
686,IIN052225,D617,2.42,1,kg
687,IIN052225,D618,2.42,1,kg
688,IIN052295,D606,1600,1,ea
689,IIN053502,D606,353.67,1,ea
690,IIN053502,D607,371.21,1,ea
691,IIN054179,D604,6.67,1,l
692,IIN054769,D602,0.21,1,kg
693,IIN054769,D604,0.22,1,kg
694,IIN054769,D606,0.23,1,kg
695,IIN054769,D607,0.23,1,kg
696,IIN054770,D602,1.01,1,kg
697,IIN054770,D603,0.48,1,kg
698,IIN054770,D604,0.49,1,kg
699,IIN054770,D612,0.49,1,kg
700,IIN054770,D615,0.52,1,kg
701,IIN054770,D616,0.12,1,kg
702,IIN054770,D617,0.5,1,kg
703,IIN054774,D602,6.34,1,l
704,IIN054774,D603,6.3,1,l
705,IIN054774,D604,4.84,1,l
706,IIN054774,D607,6.34,1,l
707,IIN054774,D612,4.86,1,l
708,IIN054774,D615,4.93,1,l
709,IIN054774,D616,4.98,1,l
710,IIN054775,D616,0.13,1,kg
711,IIN054776,D602,1.54,1,kg
712,IIN054776,D603,1.52,1,kg
713,IIN054776,D604,1.48,1,kg
714,IIN054776,D606,1.54,1,kg
715,IIN054776,D612,1.54,1,kg
716,IIN054776,D615,1.54,1,kg
717,IIN054776,D616,1.69,1,kg
718,IIN054776,D617,1.54,1,kg
719,IIN054777,D607,2.4,1,kg
720,IIN054779,D604,6.38,1,kg
721,IIN054779,D612,6.39,1,kg
722,IIN054783,D602,1,1,mt
723,IIN054783,D603,1,1,mt
724,IIN054783,D604,1,1,mt
725,IIN054783,D606,1,1,mt
726,IIN054783,D616,1,1,mt
727,IIN054813,D603,7.26,1,kg
728,IIN054813,D604,7.26,1,kg
729,IIN054813,D615,7.26,1,kg
730,IIN054813,D617,7.26,1,kg
731,IIN054828,D602,1,1,mt
732,IIN054828,D603,1,1,mt
733,IIN054828,D604,1,1,mt
734,IIN054828,D612,1,1,mt
735,IIN054834,D604,6.34,1,kg
