delete from ProductHaul;
 delete from ProductHaulLoad;
 delete from RigJobSanjelCrewSection;
 delete from RigJobThirdPartyBulkerCrewSection;
 delete from ProductLoadSection;
 delete from SanjelCrewSchedule;
 delete from ThirdPartyBulkerCrewSchedule;
 delete from UnitSchedule;
 delete from WorkerSchedule;
 delete from SanjelCrew;
 delete from ThirdPartyBulkerCrew;
 delete from SanjelCrewTruckUnitSection;
 delete from SanjelCrewWorkerSection;
 delete from SanjelCrewNotes;

 update BinInformation set Quantity = 0, BlendChemicalid = 0, BlendChemicalName='', BlendChemicalDescription='';

 USE [SanjelData]
GO
SET IDENTITY_INSERT [dbo].[SanjelCrew] ON 
GO
INSERT [dbo].[SanjelCrew] ([id], [system_id], [version], [modified_user_id], [modified_user_name], [modified_datetime], [operation_type], [effective_start_datetime], [effective_end_datetime], [entity_status], [owner_id], [name], [description], [WorkingServicePointSystemId], [TypeDescription], [Typeid], [HomeServicePointSystemId], [Rotation], [WorkingServicePointid], [WorkingServicePointName], [WorkingServicePointDescription], [TypeName], [HomeServicePointName], [HomeServicePointDescription], [Notes], [HomeServicePointid]) VALUES (1, 25756, 5, 0, NULL, CAST(N'2022-01-25T20:06:40.9270000' AS DateTime2), 2, CAST(N'2022-01-25T20:06:40.9270000' AS DateTime2), CAST(N'9999-12-31T23:59:59.0000000' AS DateTime2), 0, 0, N'445059', N' Calvin, Jaron | Daley, George | 445059 | 745059', 8, N'Pumper Crew', 1, 8, NULL, 71, N'Grande Prairie', NULL, N'Pumper Crew', N'Grande Prairie', NULL, NULL, 71)
GO
INSERT [dbo].[SanjelCrew] ([id], [system_id], [version], [modified_user_id], [modified_user_name], [modified_datetime], [operation_type], [effective_start_datetime], [effective_end_datetime], [entity_status], [owner_id], [name], [description], [WorkingServicePointSystemId], [TypeDescription], [Typeid], [HomeServicePointSystemId], [Rotation], [WorkingServicePointid], [WorkingServicePointName], [WorkingServicePointDescription], [TypeName], [HomeServicePointName], [HomeServicePointDescription], [Notes], [HomeServicePointid]) VALUES (3, 25757, 1, 0, NULL, CAST(N'2022-01-25T20:07:41.2530000' AS DateTime2), 1, CAST(N'2022-01-25T20:07:41.2530000' AS DateTime2), CAST(N'9999-12-31T23:59:59.0000000' AS DateTime2), 0, 0, N'446011', N' Eade, Thomas John | Farthing, Shawn | 446011 | 7', 8, N'Bulker Crew', 2, 8, NULL, 71, N'Grande Prairie', NULL, N'Bulker Crew', N'Grande Prairie', NULL, NULL, 71)
GO
INSERT [dbo].[SanjelCrew] ([id], [system_id], [version], [modified_user_id], [modified_user_name], [modified_datetime], [operation_type], [effective_start_datetime], [effective_end_datetime], [entity_status], [owner_id], [name], [description], [WorkingServicePointSystemId], [TypeDescription], [Typeid], [HomeServicePointSystemId], [Rotation], [WorkingServicePointid], [WorkingServicePointName], [WorkingServicePointDescription], [TypeName], [HomeServicePointName], [HomeServicePointDescription], [Notes], [HomeServicePointid]) VALUES (2, 25752, 1, 0, NULL, CAST(N'2022-01-25T20:05:20.1370000' AS DateTime2), 1, CAST(N'2022-01-25T20:05:20.1370000' AS DateTime2), CAST(N'9999-12-31T23:59:59.0000000' AS DateTime2), 0, 0, N'445061', N' Adams, Derrick | Bacon, Jared | 445061 | 745061', 8, N'Pumper Crew', 1, 8, NULL, 71, N'Grande Prairie', NULL, N'Pumper Crew', N'Grande Prairie', NULL, NULL, 71)
GO
INSERT [dbo].[SanjelCrew] ([id], [system_id], [version], [modified_user_id], [modified_user_name], [modified_datetime], [operation_type], [effective_start_datetime], [effective_end_datetime], [entity_status], [owner_id], [name], [description], [WorkingServicePointSystemId], [TypeDescription], [Typeid], [HomeServicePointSystemId], [Rotation], [WorkingServicePointid], [WorkingServicePointName], [WorkingServicePointDescription], [TypeName], [HomeServicePointName], [HomeServicePointDescription], [Notes], [HomeServicePointid]) VALUES (4, 25758, 1, 0, NULL, CAST(N'2022-01-25T20:08:49.4600000' AS DateTime2), 1, CAST(N'2022-01-25T20:08:49.4600000' AS DateTime2), CAST(N'9999-12-31T23:59:59.0000000' AS DateTime2), 0, 0, N'446026', N' Gaine, Christopher | Haffner, Christopher | 4460', 8, N'Bulker Crew', 2, 8, NULL, 71, N'Grande Prairie', NULL, N'Bulker Crew', N'Grande Prairie', NULL, NULL, 71)
GO
SET IDENTITY_INSERT [dbo].[SanjelCrew] OFF
GO
SET IDENTITY_INSERT [dbo].[SanjelCrewTruckUnitSection] ON 
GO
INSERT [dbo].[SanjelCrewTruckUnitSection] ([id], [system_id], [version], [modified_user_id], [modified_user_name], [modified_datetime], [operation_type], [effective_start_datetime], [effective_end_datetime], [entity_status], [owner_id], [name], [description], [SanjelCrewSystemId], [TruckUnitid], [SanjelCrewName], [TruckUnitSystemId], [SanjelCrewid], [SanjelCrewDescription], [TruckUnitDescription], [TruckUnitName]) VALUES (6081, 7237, 1, 0, NULL, CAST(N'2022-01-25T20:05:20.3400000' AS DateTime2), 1, CAST(N'2022-01-25T20:05:20.3400000' AS DateTime2), CAST(N'9999-12-31T23:59:59.0000000' AS DateTime2), 0, 2, NULL, NULL, 25752, 11312, N'445061', 141, 2, N' Adams, Derrick | Bacon, Jared | 445061 | 745061', NULL, N'445061')
GO
INSERT [dbo].[SanjelCrewTruckUnitSection] ([id], [system_id], [version], [modified_user_id], [modified_user_name], [modified_datetime], [operation_type], [effective_start_datetime], [effective_end_datetime], [entity_status], [owner_id], [name], [description], [SanjelCrewSystemId], [TruckUnitid], [SanjelCrewName], [TruckUnitSystemId], [SanjelCrewid], [SanjelCrewDescription], [TruckUnitDescription], [TruckUnitName]) VALUES (6082, 7238, 1, 0, NULL, CAST(N'2022-01-25T20:05:20.5870000' AS DateTime2), 1, CAST(N'2022-01-25T20:05:20.5870000' AS DateTime2), CAST(N'9999-12-31T23:59:59.0000000' AS DateTime2), 0, 2, NULL, NULL, 25752, 11343, N'445061', 153, 2, N' Adams, Derrick | Bacon, Jared | 445061 | 745061', NULL, N'745061')
GO
INSERT [dbo].[SanjelCrewTruckUnitSection] ([id], [system_id], [version], [modified_user_id], [modified_user_name], [modified_datetime], [operation_type], [effective_start_datetime], [effective_end_datetime], [entity_status], [owner_id], [name], [description], [SanjelCrewSystemId], [TruckUnitid], [SanjelCrewName], [TruckUnitSystemId], [SanjelCrewid], [SanjelCrewDescription], [TruckUnitDescription], [TruckUnitName]) VALUES (6083, 7240, 1, 0, NULL, CAST(N'2022-01-25T20:06:01.7870000' AS DateTime2), 1, CAST(N'2022-01-25T20:06:01.7870000' AS DateTime2), CAST(N'9999-12-31T23:59:59.0000000' AS DateTime2), 0, 1, NULL, NULL, 25753, 11341, N'445059', 1073, 1, N' 445059', NULL, N'745059')
GO
INSERT [dbo].[SanjelCrewTruckUnitSection] ([id], [system_id], [version], [modified_user_id], [modified_user_name], [modified_datetime], [operation_type], [effective_start_datetime], [effective_end_datetime], [entity_status], [owner_id], [name], [description], [SanjelCrewSystemId], [TruckUnitid], [SanjelCrewName], [TruckUnitSystemId], [SanjelCrewid], [SanjelCrewDescription], [TruckUnitDescription], [TruckUnitName]) VALUES (6084, 7241, 1, 0, NULL, CAST(N'2022-01-25T20:07:41.4530000' AS DateTime2), 1, CAST(N'2022-01-25T20:07:41.4530000' AS DateTime2), CAST(N'9999-12-31T23:59:59.0000000' AS DateTime2), 0, 3, NULL, NULL, 25757, 5100, N'446011', 1341, 3, N' Eade, Thomas John | Farthing, Shawn | 446011 | 7', NULL, N'446011')
GO
INSERT [dbo].[SanjelCrewTruckUnitSection] ([id], [system_id], [version], [modified_user_id], [modified_user_name], [modified_datetime], [operation_type], [effective_start_datetime], [effective_end_datetime], [entity_status], [owner_id], [name], [description], [SanjelCrewSystemId], [TruckUnitid], [SanjelCrewName], [TruckUnitSystemId], [SanjelCrewid], [SanjelCrewDescription], [TruckUnitDescription], [TruckUnitName]) VALUES (6086, 7243, 1, 0, NULL, CAST(N'2022-01-25T20:08:49.6830000' AS DateTime2), 1, CAST(N'2022-01-25T20:08:49.6830000' AS DateTime2), CAST(N'9999-12-31T23:59:59.0000000' AS DateTime2), 0, 4, NULL, NULL, 25758, 17051, N'446026', 1261, 4, N' Gaine, Christopher | Haffner, Christopher | 4460', NULL, N'446026')
GO
INSERT [dbo].[SanjelCrewTruckUnitSection] ([id], [system_id], [version], [modified_user_id], [modified_user_name], [modified_datetime], [operation_type], [effective_start_datetime], [effective_end_datetime], [entity_status], [owner_id], [name], [description], [SanjelCrewSystemId], [TruckUnitid], [SanjelCrewName], [TruckUnitSystemId], [SanjelCrewid], [SanjelCrewDescription], [TruckUnitDescription], [TruckUnitName]) VALUES (6087, 7244, 1, 0, NULL, CAST(N'2022-01-25T20:08:49.9130000' AS DateTime2), 1, CAST(N'2022-01-25T20:08:49.9130000' AS DateTime2), CAST(N'9999-12-31T23:59:59.0000000' AS DateTime2), 0, 4, NULL, NULL, 25758, 17083, N'446026', 1293, 4, N' Gaine, Christopher | Haffner, Christopher | 4460', NULL, N'746026')
GO
INSERT [dbo].[SanjelCrewTruckUnitSection] ([id], [system_id], [version], [modified_user_id], [modified_user_name], [modified_datetime], [operation_type], [effective_start_datetime], [effective_end_datetime], [entity_status], [owner_id], [name], [description], [SanjelCrewSystemId], [TruckUnitid], [SanjelCrewName], [TruckUnitSystemId], [SanjelCrewid], [SanjelCrewDescription], [TruckUnitDescription], [TruckUnitName]) VALUES (6085, 7242, 1, 0, NULL, CAST(N'2022-01-25T20:07:41.6800000' AS DateTime2), 1, CAST(N'2022-01-25T20:07:41.6800000' AS DateTime2), CAST(N'9999-12-31T23:59:59.0000000' AS DateTime2), 0, 3, NULL, NULL, 25757, 2820, N'446011', 1363, 3, N' Eade, Thomas John | Farthing, Shawn | 446011 | 7', NULL, N'746011')
GO
SET IDENTITY_INSERT [dbo].[SanjelCrewTruckUnitSection] OFF
GO
SET IDENTITY_INSERT [dbo].[SanjelCrewWorkerSection] ON 
GO
INSERT [dbo].[SanjelCrewWorkerSection] ([id], [system_id], [version], [modified_user_id], [modified_user_name], [modified_datetime], [operation_type], [effective_start_datetime], [effective_end_datetime], [entity_status], [owner_id], [name], [description], [Workerid], [SanjelCrewSystemId], [WorkerDescription], [SanjelCrewName], [WorkerName], [WorkerSystemId], [SanjelCrewid], [CrewPositionDescription], [SanjelCrewDescription], [CrewPositionName], [CrewPositionid]) VALUES (11227, 18591, 1, 0, NULL, CAST(N'2022-01-25T20:05:20.9030000' AS DateTime2), 1, CAST(N'2022-01-25T20:05:20.9030000' AS DateTime2), CAST(N'9999-12-31T23:59:59.0000000' AS DateTime2), 0, 2, NULL, NULL, 20683, 25752, NULL, N'445061', NULL, 3744, 2, N'Supervisor', N' Adams, Derrick | Bacon, Jared | 445061 | 745061', N'Supervisor', 1)
GO
INSERT [dbo].[SanjelCrewWorkerSection] ([id], [system_id], [version], [modified_user_id], [modified_user_name], [modified_datetime], [operation_type], [effective_start_datetime], [effective_end_datetime], [entity_status], [owner_id], [name], [description], [Workerid], [SanjelCrewSystemId], [WorkerDescription], [SanjelCrewName], [WorkerName], [WorkerSystemId], [SanjelCrewid], [CrewPositionDescription], [SanjelCrewDescription], [CrewPositionName], [CrewPositionid]) VALUES (11228, 18592, 1, 0, NULL, CAST(N'2022-01-25T20:05:21.5570000' AS DateTime2), 1, CAST(N'2022-01-25T20:05:21.5570000' AS DateTime2), CAST(N'9999-12-31T23:59:59.0000000' AS DateTime2), 0, 2, NULL, NULL, 28660, 25752, NULL, N'445061', NULL, 3777, 2, N'Crew Member', N' Adams, Derrick | Bacon, Jared | 445061 | 745061', N'Crew Member', 2)
GO
INSERT [dbo].[SanjelCrewWorkerSection] ([id], [system_id], [version], [modified_user_id], [modified_user_name], [modified_datetime], [operation_type], [effective_start_datetime], [effective_end_datetime], [entity_status], [owner_id], [name], [description], [Workerid], [SanjelCrewSystemId], [WorkerDescription], [SanjelCrewName], [WorkerName], [WorkerSystemId], [SanjelCrewid], [CrewPositionDescription], [SanjelCrewDescription], [CrewPositionName], [CrewPositionid]) VALUES (11229, 18593, 1, 0, NULL, CAST(N'2022-01-25T20:06:21.7770000' AS DateTime2), 1, CAST(N'2022-01-25T20:06:21.7770000' AS DateTime2), CAST(N'9999-12-31T23:59:59.0000000' AS DateTime2), 0, 1, NULL, NULL, 31463, 25754, NULL, N'445059', NULL, 4552, 1, N'Supervisor', N' 445059 | 745059', N'Supervisor', 1)
GO
INSERT [dbo].[SanjelCrewWorkerSection] ([id], [system_id], [version], [modified_user_id], [modified_user_name], [modified_datetime], [operation_type], [effective_start_datetime], [effective_end_datetime], [entity_status], [owner_id], [name], [description], [Workerid], [SanjelCrewSystemId], [WorkerDescription], [SanjelCrewName], [WorkerName], [WorkerSystemId], [SanjelCrewid], [CrewPositionDescription], [SanjelCrewDescription], [CrewPositionName], [CrewPositionid]) VALUES (11231, 18595, 1, 0, NULL, CAST(N'2022-01-25T20:07:42.0000000' AS DateTime2), 1, CAST(N'2022-01-25T20:07:42.0000000' AS DateTime2), CAST(N'9999-12-31T23:59:59.0000000' AS DateTime2), 0, 3, NULL, NULL, 26093, 25757, NULL, N'446011', NULL, 3826, 3, N'Supervisor', N' Eade, Thomas John | Farthing, Shawn | 446011 | 7', N'Supervisor', 1)
GO
INSERT [dbo].[SanjelCrewWorkerSection] ([id], [system_id], [version], [modified_user_id], [modified_user_name], [modified_datetime], [operation_type], [effective_start_datetime], [effective_end_datetime], [entity_status], [owner_id], [name], [description], [Workerid], [SanjelCrewSystemId], [WorkerDescription], [SanjelCrewName], [WorkerName], [WorkerSystemId], [SanjelCrewid], [CrewPositionDescription], [SanjelCrewDescription], [CrewPositionName], [CrewPositionid]) VALUES (11232, 18596, 1, 0, NULL, CAST(N'2022-01-25T20:07:42.6400000' AS DateTime2), 1, CAST(N'2022-01-25T20:07:42.6400000' AS DateTime2), CAST(N'9999-12-31T23:59:59.0000000' AS DateTime2), 0, 3, NULL, NULL, 30771, 25757, NULL, N'446011', NULL, 3795, 3, N'Crew Member', N' Eade, Thomas John | Farthing, Shawn | 446011 | 7', N'Crew Member', 2)
GO
INSERT [dbo].[SanjelCrewWorkerSection] ([id], [system_id], [version], [modified_user_id], [modified_user_name], [modified_datetime], [operation_type], [effective_start_datetime], [effective_end_datetime], [entity_status], [owner_id], [name], [description], [Workerid], [SanjelCrewSystemId], [WorkerDescription], [SanjelCrewName], [WorkerName], [WorkerSystemId], [SanjelCrewid], [CrewPositionDescription], [SanjelCrewDescription], [CrewPositionName], [CrewPositionid]) VALUES (11233, 18597, 1, 0, NULL, CAST(N'2022-01-25T20:08:50.2630000' AS DateTime2), 1, CAST(N'2022-01-25T20:08:50.2630000' AS DateTime2), CAST(N'9999-12-31T23:59:59.0000000' AS DateTime2), 0, 4, NULL, NULL, 13969, 25758, NULL, N'446026', NULL, 3739, 4, N'Supervisor', N' Gaine, Christopher | Haffner, Christopher | 4460', N'Supervisor', 1)
GO
INSERT [dbo].[SanjelCrewWorkerSection] ([id], [system_id], [version], [modified_user_id], [modified_user_name], [modified_datetime], [operation_type], [effective_start_datetime], [effective_end_datetime], [entity_status], [owner_id], [name], [description], [Workerid], [SanjelCrewSystemId], [WorkerDescription], [SanjelCrewName], [WorkerName], [WorkerSystemId], [SanjelCrewid], [CrewPositionDescription], [SanjelCrewDescription], [CrewPositionName], [CrewPositionid]) VALUES (11234, 18598, 1, 0, NULL, CAST(N'2022-01-25T20:08:50.5830000' AS DateTime2), 1, CAST(N'2022-01-25T20:08:50.5830000' AS DateTime2), CAST(N'9999-12-31T23:59:59.0000000' AS DateTime2), 0, 4, NULL, NULL, 31359, 25758, NULL, N'446026', NULL, 4571, 4, N'Crew Member', N' Gaine, Christopher | Haffner, Christopher | 4460', N'Crew Member', 2)
GO
INSERT [dbo].[SanjelCrewWorkerSection] ([id], [system_id], [version], [modified_user_id], [modified_user_name], [modified_datetime], [operation_type], [effective_start_datetime], [effective_end_datetime], [entity_status], [owner_id], [name], [description], [Workerid], [SanjelCrewSystemId], [WorkerDescription], [SanjelCrewName], [WorkerName], [WorkerSystemId], [SanjelCrewid], [CrewPositionDescription], [SanjelCrewDescription], [CrewPositionName], [CrewPositionid]) VALUES (11230, 18594, 1, 0, NULL, CAST(N'2022-01-25T20:06:40.4730000' AS DateTime2), 1, CAST(N'2022-01-25T20:06:40.4730000' AS DateTime2), CAST(N'9999-12-31T23:59:59.0000000' AS DateTime2), 0, 1, NULL, NULL, 22616, 25755, NULL, N'445059', NULL, 3765, 1, N'Crew Member', N' Calvin, Jaron | 445059 | 745059', N'Crew Member', 2)
GO
SET IDENTITY_INSERT [dbo].[SanjelCrewWorkerSection] OFF
GO
SET IDENTITY_INSERT [dbo].[ThirdPartyBulkerCrew] ON 
GO
INSERT [dbo].[ThirdPartyBulkerCrew] ([id], [system_id], [version], [modified_user_id], [modified_user_name], [modified_datetime], [operation_type], [effective_start_datetime], [effective_end_datetime], [entity_status], [owner_id], [name], [description], [ContractorCompanyName], [ContractorCompanySystemId], [ContractorCompanyDescription], [TypeDescription], [ContractorCompanyid], [TypeName], [Typeid], [ThirdPartyUnitNumber], [SupplierContactName], [SupplierContactNumber], [Notes]) VALUES (1, 203, 1, 0, NULL, CAST(N'2022-01-25T20:10:55.1530000' AS DateTime2), 1, CAST(N'2022-01-25T20:10:55.1530000' AS DateTime2), CAST(N'9999-12-31T23:59:59.0000000' AS DateTime2), 0, 0, NULL, NULL, N'Snow Trucking ', 11, N'Snow Trucking ', N'Third Party Bulker Crew', 11, N'Third Party Bulker Crew', 3, N'Allistor', N'Allistor Snow', N' 403-318-4033', NULL)
GO
SET IDENTITY_INSERT [dbo].[ThirdPartyBulkerCrew] OFF
GO
